2023-06-30 03:25:25.018795430 Relax-and-Recover 2.4 / Git
2023-06-30 03:25:25.020196960 Command line options: /sbin/rear -v mkbackup
2023-06-30 03:25:25.021637865 Using log file: /var/log/rear/rear-server1.log
2023-06-30 03:25:25.023295563 Including /etc/rear/os.conf
2023-06-30 03:25:25.027189011 Including conf/Linux-i386.conf
2023-06-30 03:25:25.028922159 Including conf/GNU/Linux.conf
2023-06-30 03:25:25.050481051 Including /etc/rear/local.conf
2023-06-30 03:25:25.053633668 ======================
2023-06-30 03:25:25.055189866 Running 'init' stage
2023-06-30 03:25:25.056499716 ======================
2023-06-30 03:25:25.063929792 Including init/default/005_verify_os_conf.sh
2023-06-30 03:25:25.068209361 Including init/default/010_set_drlm_env.sh
2023-06-30 03:25:25.073452930 Including init/default/030_update_recovery_system.sh
2023-06-30 03:25:25.078482119 Including init/default/050_check_rear_recover_mode.sh
2023-06-30 03:25:25.080014933 Finished running 'init' stage in 0 seconds
2023-06-30 03:25:25.091073771 Using build area '/tmp/rear.hvWqMGkcXVEGC9y'
mkdir: created directory '/tmp/rear.hvWqMGkcXVEGC9y/rootfs'
mkdir: created directory '/tmp/rear.hvWqMGkcXVEGC9y/tmp'
2023-06-30 03:25:25.095091542 Running mkbackup workflow
2023-06-30 03:25:25.098706771 ======================
2023-06-30 03:25:25.099991310 Running 'prep' stage
2023-06-30 03:25:25.101219704 ======================
2023-06-30 03:25:25.111167900 Including prep/default/005_remove_workflow_conf.sh
mkdir: created directory '/tmp/rear.hvWqMGkcXVEGC9y/rootfs/etc'
mkdir: created directory '/tmp/rear.hvWqMGkcXVEGC9y/rootfs/etc/rear'
2023-06-30 03:25:25.117616208 Including prep/default/020_translate_url.sh
2023-06-30 03:25:25.121997604 Including prep/default/030_translate_tape.sh
2023-06-30 03:25:25.128275073 Including prep/default/040_check_backup_and_output_scheme.sh
2023-06-30 03:25:25.138027420 Including prep/NETFS/default/040_inspect_configuration_files.sh
2023-06-30 03:25:25.143237757 Including prep/NETFS/default/050_check_NETFS_requirements.sh
2023-06-30 03:25:25.148779193 Skipping 'ping' test for host '' in BACKUP_URL 'iso:///mnt/hgfs/Backup/'
2023-06-30 03:25:25.163044291 Including prep/default/050_check_keep_old_output_copy_var.sh
2023-06-30 03:25:25.167260880 Including prep/NETFS/default/060_mount_NETFS_path.sh
2023-06-30 03:25:25.174578739 Including prep/NETFS/default/070_set_backup_archive.sh
2023-06-30 03:25:25.181065607 Using backup archive '/tmp/rear.hvWqMGkcXVEGC9y/tmp/isofs/mnt/hgfs/Backup//backup.tar.gz'
2023-06-30 03:25:25.185648608 Including prep/NETFS/default/090_check_encrypted_backup.sh
2023-06-30 03:25:25.190166028 Including prep/NETFS/default/100_check_nfs_version.sh
mkdir: created directory '/tmp/rear.hvWqMGkcXVEGC9y/rootfs/var'
mkdir: created directory '/tmp/rear.hvWqMGkcXVEGC9y/rootfs/var/lib'
mkdir: created directory '/tmp/rear.hvWqMGkcXVEGC9y/rootfs/var/lib/nfs'
mkdir: created directory '/tmp/rear.hvWqMGkcXVEGC9y/rootfs/var/lib/nfs/rpc_pipefs'
mkdir: created directory '/tmp/rear.hvWqMGkcXVEGC9y/rootfs/var/lib/nfs/rpc_pipefs/gssd'
mkdir: created directory '/tmp/rear.hvWqMGkcXVEGC9y/rootfs/var/lib/nfs/rpc_pipefs/gssd/clntXX'
mkdir: created directory '/tmp/rear.hvWqMGkcXVEGC9y/rootfs/var/lib/nfs/rpc_pipefs/nfsd'
mkdir: created directory '/tmp/rear.hvWqMGkcXVEGC9y/rootfs/var/lib/nfs/rpc_pipefs/cache'
mkdir: created directory '/tmp/rear.hvWqMGkcXVEGC9y/rootfs/var/lib/nfs/rpc_pipefs/nfsd4_cb'
mkdir: created directory '/tmp/rear.hvWqMGkcXVEGC9y/rootfs/var/lib/nfs/rpc_pipefs/statd'
mkdir: created directory '/tmp/rear.hvWqMGkcXVEGC9y/rootfs/var/lib/nfs/rpc_pipefs/portmap'
mkdir: created directory '/tmp/rear.hvWqMGkcXVEGC9y/rootfs/var/lib/nfs/rpc_pipefs/nfs'
mkdir: created directory '/tmp/rear.hvWqMGkcXVEGC9y/rootfs/var/lib/nfs/rpc_pipefs/mount'
mkdir: created directory '/tmp/rear.hvWqMGkcXVEGC9y/rootfs/var/lib/nfs/rpc_pipefs/lockd'
mkdir: created directory '/tmp/rear.hvWqMGkcXVEGC9y/rootfs/var/lib/nfs/statd'
mkdir: created directory '/tmp/rear.hvWqMGkcXVEGC9y/rootfs/var/lib/nfs/statd/sm'
mkdir: created directory '/tmp/rear.hvWqMGkcXVEGC9y/rootfs/var/lib/nfs/statd/sm.bak'
mkdir: created directory '/tmp/rear.hvWqMGkcXVEGC9y/rootfs/var/lib/nfs/v4recovery'
2023-06-30 03:25:25.233775764 Including prep/default/100_init_workflow_conf.sh
2023-06-30 03:25:25.240125647 Including prep/NETFS/default/150_save_rsync_version.sh
2023-06-30 03:25:25.246984070 Including prep/GNU/Linux/200_include_getty.sh
2023-06-30 03:25:25.290035980 Including prep/GNU/Linux/200_include_serial_console.sh
/usr/share/rear/lib/_input-output-functions.sh: line 331: type: getty: not found
2023-06-30 03:25:25.303849537 Including prep/NETFS/GNU/Linux/200_selinux_in_use.sh
2023-06-30 03:25:25.311017664 Including prep/NETFS/GNU/Linux/205_inspect_tar_capabilities.sh
2023-06-30 03:25:25.327663239 Including prep/GNU/Linux/210_include_dhclient.sh
2023-06-30 03:25:25.346959254 Running DHCP client found, enabling USE_DHCLIENT
/usr/share/rear/lib/_input-output-functions.sh: line 331: type: dhcpcd: not found
/usr/share/rear/lib/_input-output-functions.sh: line 331: type: dhcp6c: not found
/usr/share/rear/lib/_input-output-functions.sh: line 331: type: dhclient6: not found
2023-06-30 03:25:25.354764752 Including prep/GNU/Linux/220_include_lvm_tools.sh
2023-06-30 03:25:25.357452488 Device mapper found enabled. Including LVM tools.
2023-06-30 03:25:25.421949164 Including prep/GNU/Linux/230_include_md_tools.sh
2023-06-30 03:25:25.427570854 Including prep/GNU/Linux/240_include_multipath_tools.sh
2023-06-30 03:25:25.431773144 Including prep/GNU/Linux/280_include_systemd.sh
2023-06-30 03:25:25.454172173 Including systemd (init replacement) tool-set to bootstrap Relax-and-Recover
2023-06-30 03:25:25.459023934 Including prep/GNU/Linux/280_include_virtualbox.sh
2023-06-30 03:25:25.469278917 Including prep/GNU/Linux/280_include_vmware_tools.sh
2023-06-30 03:25:25.481100066 Including prep/GNU/Linux/290_include_drbd.sh
2023-06-30 03:25:25.491536435 Including prep/GNU/Linux/300_check_backup_and_output_url.sh
2023-06-30 03:25:25.503527975 Including prep/ISO/default/300_check_iso_dir.sh
mkdir: created directory '/var/lib/rear/output'
2023-06-30 03:25:25.511167531 Including prep/GNU/Linux/300_include_grub_tools.sh
/usr/share/rear/lib/_input-output-functions.sh: line 331: type: grub-probe: not found
2023-06-30 03:25:25.531559005 Including prep/GNU/Linux/310_include_cap_utils.sh
2023-06-30 03:25:25.535947646 Including prep/ISO/default/320_check_cdrom_size.sh
2023-06-30 03:25:25.540061825 ISO Directory '/var/lib/rear/output' [/dev/sda5] has 9098 MB free space
2023-06-30 03:25:25.545593501 Including prep/default/320_include_uefi_env.sh
2023-06-30 03:25:25.553394833 Including prep/ISO/GNU/Linux/320_verify_mkisofs.sh
2023-06-30 03:25:25.555002111 Using '/bin/xorrisofs' to create ISO images
2023-06-30 03:25:25.559531297 Including prep/ISO/Linux-i386/330_find_isolinux.sh
2023-06-30 03:25:25.609363699 Including prep/default/330_include_uefi_tools.sh
2023-06-30 03:25:25.614018964 Including prep/ISO/GNU/Linux/340_add_isofs_module.sh
2023-06-30 03:25:25.620796998 Including prep/default/380_include_opal_tools.sh
/usr/share/rear/lib/_input-output-functions.sh: line 331: type: sedutil-cli: not found
2023-06-30 03:25:25.625232777 Including prep/NETFS/default/400_automatic_exclude_recreate.sh
2023-06-30 03:25:25.632636144 Including prep/default/400_save_directories.sh
stat: cannot stat '/run/user/1000/gvfs': Permission denied
stat: cannot stat '/run/media/ictadmin/CentOS': No such file or directory
/boot 555 root root
/home 755 root root
/mnt/hgfs 555 root root
/srv 755 ictadmin root
2023-06-30 03:25:25.756419468 FHS directory /usr/X11R6 does not exist
/var 755 root ictadmin
2023-06-30 03:25:25.798478783 Including prep/default/950_check_missing_programs.sh
2023-06-30 03:25:25.807961199 Including prep/NETFS/default/980_umount_NETFS_dir.sh
2023-06-30 03:25:25.812259455 Finished running 'prep' stage in 0 seconds
2023-06-30 03:25:25.813992207 ======================
2023-06-30 03:25:25.815311392 Running 'layout/save' stage
2023-06-30 03:25:25.816620511 ======================
2023-06-30 03:25:25.824553798 Including layout/save/GNU/Linux/100_create_layout_file.sh
2023-06-30 03:25:25.826020807 Creating disk layout
2023-06-30 03:25:25.827715303 Preparing layout directory.
mkdir: created directory '/var/lib/rear/layout'
mkdir: created directory '/var/lib/rear/layout/config'
mkdir: created directory '/var/lib/rear/layout/xfs'
2023-06-30 03:25:25.841210623 Including layout/save/GNU/Linux/150_save_diskbyid_mappings.sh
2023-06-30 03:25:25.854870386 Saved diskbyid_mappings
2023-06-30 03:25:25.859947894 Including layout/save/GNU/Linux/190_opaldisk_layout.sh
/usr/share/rear/lib/_input-output-functions.sh: line 331: type: sedutil-cli: not found
2023-06-30 03:25:25.864289071 Including layout/save/GNU/Linux/200_partition_layout.sh
2023-06-30 03:25:25.881663470 Saving disk partitions.
/usr/share/rear/layout/save/GNU/Linux/200_partition_layout.sh: line 271: test: 1073741824: unary operator expected
/usr/share/rear/layout/save/GNU/Linux/200_partition_layout.sh: line 271: test: 31138512896: unary operator expected
/usr/share/rear/layout/save/GNU/Linux/200_partition_layout.sh: line 271: test: 10737418240: unary operator expected
2023-06-30 03:25:26.264311382 Replacing probably wrong extended partition size 1024 by what parted reports 21473787904
2023-06-30 03:25:26.309675482 Including layout/save/GNU/Linux/210_raid_layout.sh
2023-06-30 03:25:26.316106695 Including layout/save/GNU/Linux/220_lvm_layout.sh
2023-06-30 03:25:26.317947477 Saving LVM layout.
2023-06-30 03:25:26.402171878 Including layout/save/GNU/Linux/230_filesystem_layout.sh
2023-06-30 03:25:26.404027587 Begin saving filesystem layout
2023-06-30 03:25:26.407616932 Saving filesystem layout (using the findmnt command).
2023-06-30 03:25:26.447813111 Processing filesystem 'xfs' on '/dev/sda1' mounted at '/boot'
2023-06-30 03:25:26.476786519 Processing filesystem 'xfs' on '/dev/sda2' mounted at '/srv'
2023-06-30 03:25:26.502859622 Processing filesystem 'xfs' on '/dev/sda3' mounted at '/'
2023-06-30 03:25:26.537354785 Processing filesystem 'xfs' on '/dev/sda5' mounted at '/var'
2023-06-30 03:25:26.564087505 Processing filesystem 'xfs' on '/dev/sda7' mounted at '/home'
2023-06-30 03:25:26.591042857 End saving filesystem layout
2023-06-30 03:25:26.596437745 Including layout/save/GNU/Linux/240_swaps_layout.sh
2023-06-30 03:25:26.598299620 Saving Swap information.
2023-06-30 03:25:26.612626297 Including layout/save/GNU/Linux/250_drbd_layout.sh
2023-06-30 03:25:26.617410052 Including layout/save/GNU/Linux/260_crypt_layout.sh
2023-06-30 03:25:26.619065998 Saving Encrypted volumes.
2023-06-30 03:25:26.626564554 Device Mapper name No not found in /dev/mapper.
2023-06-30 03:25:26.631323412 Including layout/save/GNU/Linux/270_hpraid_layout.sh
/usr/share/rear/lib/_input-output-functions.sh: line 331: type: hpacucli: not found
/usr/share/rear/lib/_input-output-functions.sh: line 331: type: hpssacli: not found
/usr/share/rear/lib/_input-output-functions.sh: line 331: type: ssacli: not found
2023-06-30 03:25:26.636065704 Including layout/save/GNU/Linux/280_multipath_layout.sh
2023-06-30 03:25:26.642681363 Did not find multipath device No in the expected location.
2023-06-30 03:25:26.649676617 Including layout/save/default/300_list_dependencies.sh
2023-06-30 03:25:26.718166984 Including layout/save/default/310_autoexclude_usb.sh
2023-06-30 03:25:26.730664636 Including layout/save/default/310_include_exclude.sh
2023-06-30 03:25:26.735289437 Including layout/save/default/320_autoexclude.sh
2023-06-30 03:25:26.821067872 Including layout/save/default/330_remove_exclusions.sh
2023-06-30 03:25:26.829636794 Including layout/save/default/335_remove_excluded_multipath_vgs.sh
2023-06-30 03:25:26.834440535 Including layout/save/GNU/Linux/340_false_blacklisted.sh
2023-06-30 03:25:26.844749595 Including layout/save/default/340_generate_mountpoint_device.sh
2023-06-30 03:25:26.871617904 Including layout/save/GNU/Linux/350_copy_drbdtab.sh
2023-06-30 03:25:26.876984715 Including layout/save/default/350_save_partitions.sh
2023-06-30 03:25:26.881963953 Including layout/save/default/400_check_backup_special_files.sh
2023-06-30 03:25:26.886657404 Including layout/save/default/445_guess_bootloader.sh
4+0 records in
4+0 records out
2048 bytes (2.0 kB) copied, 6.9617e-05 s, 29.4 MB/s
2023-06-30 03:25:26.924730797 Using guessed bootloader 'GRUB' (found in first bytes on /dev/sda)
2023-06-30 03:25:26.929672120 Including layout/save/default/450_check_bootloader_files.sh
2023-06-30 03:25:26.936389495 Including layout/save/default/450_check_network_files.sh
2023-06-30 03:25:26.943109154 Including layout/save/GNU/Linux/500_extract_vgcfg.sh
mkdir: created directory '/var/lib/rear/layout/lvm'
2023-06-30 03:25:26.974064798 Including layout/save/GNU/Linux/510_current_disk_usage.sh
2023-06-30 03:25:26.986519015 Including layout/save/default/600_snapshot_files.sh
2023-06-30 03:25:26.995270285 Finished running 'layout/save' stage in 1 seconds
2023-06-30 03:25:26.996761477 ======================
2023-06-30 03:25:26.998202635 Running 'rescue' stage
2023-06-30 03:25:26.999749312 ======================
2023-06-30 03:25:27.009083832 Including rescue/default/010_merge_skeletons.sh
2023-06-30 03:25:27.011036755 Creating root filesystem layout
2023-06-30 03:25:27.012989570 Adding 'default'
2023-06-30 03:25:27.028020291 Adding 'Fedora/default'
2023-06-30 03:25:27.040808659 Including rescue/default/100_hostname.sh
2023-06-30 03:25:27.049459806 Including rescue/default/200_etc_issue.sh
2023-06-30 03:25:27.057152412 Including rescue/GNU/Linux/220_load_modules_from_initrd.sh
2023-06-30 03:25:27.065370663 Including rescue/GNU/Linux/230_storage_and_network_modules.sh
2023-06-30 03:25:27.066916993 Including storage drivers
2023-06-30 03:25:27.079850503 Including network drivers
2023-06-30 03:25:27.098010204 Including crypto drivers
2023-06-30 03:25:27.102636560 Including virtualization drivers
2023-06-30 03:25:27.108833194 Including additional drivers
2023-06-30 03:25:27.118408598 Including rescue/GNU/Linux/240_kernel_modules.sh
2023-06-30 03:25:27.132012516 Including rescue/GNU/Linux/250_udev.sh
2023-06-30 03:25:27.137709534 Including rescue/GNU/Linux/260_collect_initrd_modules.sh
2023-06-30 03:25:27.148011572 Including rescue/GNU/Linux/260_storage_drivers.sh
2023-06-30 03:25:27.351643766 Including rescue/GNU/Linux/270_fc_transport_info.sh
2023-06-30 03:25:27.356339151 Including rescue/GNU/Linux/290_kernel_cmdline.sh
2023-06-30 03:25:27.363106713 Including rescue/GNU/Linux/300_dns.sh
2023-06-30 03:25:27.367996477 Including rescue/GNU/Linux/310_network_devices.sh
mkdir: created directory '/tmp/rear.hvWqMGkcXVEGC9y/tmp/mappings'
2023-06-30 03:25:27.457127811 Skipping 'virbr0': not bound to any physical interface.
2023-06-30 03:25:27.463340668 Including rescue/GNU/Linux/320_inet6.sh
00000000000000000000000000000001 01 80 10 80       lo
fe80000000000000f49750b168151ae8 03 40 20 80    ens36
fe800000000000009b7733521090c73f 02 40 20 80    ens33
2023-06-30 03:25:27.469982858 Including rescue/GNU/Linux/350_routing.sh
2023-06-30 03:25:27.499436555 Including rescue/GNU/Linux/390_check_usb_modules.sh
2023-06-30 03:25:27.512544015 Including rescue/GNU/Linux/400_use_serial_console.sh
2023-06-30 03:25:27.527422482 Modified kernel commandline to: 'selinux=0 console=ttyS0,9600 console=tty0'
2023-06-30 03:25:27.532351119 Including rescue/GNU/Linux/410_use_xen_console.sh
2023-06-30 03:25:27.537991963 Including rescue/default/430_prepare_timesync.sh
2023-06-30 03:25:27.543919845 Including rescue/GNU/Linux/500_clone_keyboard_mappings.sh
2023-06-30 03:25:27.601179921 Including rescue/default/500_ssh.sh
2023-06-30 03:25:27.612683433 Adding required libfreeblpriv3.so to LIBS
mkdir: created directory '/tmp/rear.hvWqMGkcXVEGC9y/rootfs//var/empty/sshd'
mode of '/tmp/rear.hvWqMGkcXVEGC9y/rootfs//var/empty/sshd' changed from 0755 (rwxr-xr-x) to 0700 (rwx------)
2023-06-30 03:25:27.620947116 To log into the recovery system via ssh set up /root/.ssh/authorized_keys or specify SSH_ROOT_PASSWORD
2023-06-30 03:25:27.625868851 Including rescue/GNU/Linux/550_copy_ldconfig.sh
2023-06-30 03:25:27.631633578 Including rescue/default/550_vagrant.sh
2023-06-30 03:25:27.638543896 Including rescue/NETFS/default/600_store_NETFS_variables.sh
2023-06-30 03:25:27.654944389 Including rescue/GNU/Linux/600_unset_TMPDIR_in_rescue_conf.sh
2023-06-30 03:25:27.661138311 Including rescue/NETFS/default/610_save_capabilities.sh
2023-06-30 03:25:27.665779884 Including rescue/default/850_save_sysfs_uefi_vars.sh
2023-06-30 03:25:27.671186625 Including rescue/default/900_clone_users_and_groups.sh
2023-06-30 03:25:27.673763942 Cloning users: daemon rpc usbmuxd usbmux vcsa nobody dbus rpcuser sshd
2023-06-30 03:25:27.737863933 Cloning groups: disk cdrom floppy tape audio video lp tty dialout kmem uucp ssh_keys plugdev tty usbmuxd usbmux fuse kvm oinstall dbus input daemon rpc nobody rpcuser sshd
2023-06-30 03:25:27.825727902 Including rescue/default/910_copy_logfile.sh
2023-06-30 03:25:27.830996007 Copying logfile /var/log/rear/rear-server1.log into initramfs as '/tmp/rear-server1-partial-2023-06-30T03:25:27+0930.log'
'/var/log/rear/rear-server1.log' -> '/tmp/rear.hvWqMGkcXVEGC9y/rootfs/tmp/rear-server1-partial-2023-06-30T03:25:27+0930.log'
2023-06-30 03:25:27.842023243 Including rescue/GNU/Linux/950_cfg2html.sh
2023-06-30 03:25:27.847663898 Including rescue/GNU/Linux/960_collect_MC_serviceguard_infos.sh
2023-06-30 03:25:27.852470222 Including rescue/GNU/Linux/990_sysreqs.sh
2023-06-30 03:25:27.986488544 Finished running 'rescue' stage in 1 seconds
2023-06-30 03:25:27.988087619 ======================
2023-06-30 03:25:27.989607125 Running 'build' stage
2023-06-30 03:25:27.991038557 ======================
2023-06-30 03:25:27.999331181 Including build/GNU/Linux/005_create_symlinks.sh
'/tmp/rear.hvWqMGkcXVEGC9y/rootfs/init' -> 'bin/init'
'/tmp/rear.hvWqMGkcXVEGC9y/rootfs/sbin' -> 'bin'
'/tmp/rear.hvWqMGkcXVEGC9y/rootfs/bin/sh' -> 'bash'
'/tmp/rear.hvWqMGkcXVEGC9y/rootfs/bin/vim' -> 'vi'
'/tmp/rear.hvWqMGkcXVEGC9y/rootfs/bin/pam_console_apply' -> 'true'
'/tmp/rear.hvWqMGkcXVEGC9y/rootfs/usr/bin' -> '../bin'
'/tmp/rear.hvWqMGkcXVEGC9y/rootfs/usr/sbin' -> '../bin'
'/tmp/rear.hvWqMGkcXVEGC9y/rootfs/etc/mtab' -> '/proc/self/mounts'
'/tmp/rear.hvWqMGkcXVEGC9y/rootfs/etc/sysconfig/network-scripts/net.hotplug' -> '/bin/true'
2023-06-30 03:25:28.012065868 Creating LVM binary symlinks
'/tmp/rear.hvWqMGkcXVEGC9y/rootfs/bin/lvchange' -> 'lvm'
'/tmp/rear.hvWqMGkcXVEGC9y/rootfs/bin/lvconvert' -> 'lvm'
'/tmp/rear.hvWqMGkcXVEGC9y/rootfs/bin/lvcreate' -> 'lvm'
'/tmp/rear.hvWqMGkcXVEGC9y/rootfs/bin/lvdisplay' -> 'lvm'
'/tmp/rear.hvWqMGkcXVEGC9y/rootfs/bin/lvextend' -> 'lvm'
'/tmp/rear.hvWqMGkcXVEGC9y/rootfs/bin/lvmchange' -> 'lvm'
'/tmp/rear.hvWqMGkcXVEGC9y/rootfs/bin/lvmdiskscan' -> 'lvm'
'/tmp/rear.hvWqMGkcXVEGC9y/rootfs/bin/lvmsadc' -> 'lvm'
'/tmp/rear.hvWqMGkcXVEGC9y/rootfs/bin/lvmsar' -> 'lvm'
'/tmp/rear.hvWqMGkcXVEGC9y/rootfs/bin/lvreduce' -> 'lvm'
'/tmp/rear.hvWqMGkcXVEGC9y/rootfs/bin/lvremove' -> 'lvm'
'/tmp/rear.hvWqMGkcXVEGC9y/rootfs/bin/lvrename' -> 'lvm'
'/tmp/rear.hvWqMGkcXVEGC9y/rootfs/bin/lvresize' -> 'lvm'
'/tmp/rear.hvWqMGkcXVEGC9y/rootfs/bin/lvs' -> 'lvm'
'/tmp/rear.hvWqMGkcXVEGC9y/rootfs/bin/lvscan' -> 'lvm'
'/tmp/rear.hvWqMGkcXVEGC9y/rootfs/bin/pvchange' -> 'lvm'
'/tmp/rear.hvWqMGkcXVEGC9y/rootfs/bin/pvresize' -> 'lvm'
'/tmp/rear.hvWqMGkcXVEGC9y/rootfs/bin/pvck' -> 'lvm'
'/tmp/rear.hvWqMGkcXVEGC9y/rootfs/bin/pvcreate' -> 'lvm'
'/tmp/rear.hvWqMGkcXVEGC9y/rootfs/bin/pvdata' -> 'lvm'
'/tmp/rear.hvWqMGkcXVEGC9y/rootfs/bin/pvdisplay' -> 'lvm'
'/tmp/rear.hvWqMGkcXVEGC9y/rootfs/bin/pvmove' -> 'lvm'
'/tmp/rear.hvWqMGkcXVEGC9y/rootfs/bin/pvremove' -> 'lvm'
'/tmp/rear.hvWqMGkcXVEGC9y/rootfs/bin/pvs' -> 'lvm'
'/tmp/rear.hvWqMGkcXVEGC9y/rootfs/bin/pvscan' -> 'lvm'
'/tmp/rear.hvWqMGkcXVEGC9y/rootfs/bin/vgcfgbackup' -> 'lvm'
'/tmp/rear.hvWqMGkcXVEGC9y/rootfs/bin/vgcfgrestore' -> 'lvm'
'/tmp/rear.hvWqMGkcXVEGC9y/rootfs/bin/vgchange' -> 'lvm'
'/tmp/rear.hvWqMGkcXVEGC9y/rootfs/bin/vgck' -> 'lvm'
'/tmp/rear.hvWqMGkcXVEGC9y/rootfs/bin/vgconvert' -> 'lvm'
'/tmp/rear.hvWqMGkcXVEGC9y/rootfs/bin/vgcreate' -> 'lvm'
'/tmp/rear.hvWqMGkcXVEGC9y/rootfs/bin/vgdisplay' -> 'lvm'
'/tmp/rear.hvWqMGkcXVEGC9y/rootfs/bin/vgexport' -> 'lvm'
'/tmp/rear.hvWqMGkcXVEGC9y/rootfs/bin/vgextend' -> 'lvm'
'/tmp/rear.hvWqMGkcXVEGC9y/rootfs/bin/vgimport' -> 'lvm'
'/tmp/rear.hvWqMGkcXVEGC9y/rootfs/bin/vgmerge' -> 'lvm'
'/tmp/rear.hvWqMGkcXVEGC9y/rootfs/bin/vgmknodes' -> 'lvm'
'/tmp/rear.hvWqMGkcXVEGC9y/rootfs/bin/vgreduce' -> 'lvm'
'/tmp/rear.hvWqMGkcXVEGC9y/rootfs/bin/vgremove' -> 'lvm'
'/tmp/rear.hvWqMGkcXVEGC9y/rootfs/bin/vgrename' -> 'lvm'
'/tmp/rear.hvWqMGkcXVEGC9y/rootfs/bin/vgs' -> 'lvm'
'/tmp/rear.hvWqMGkcXVEGC9y/rootfs/bin/vgscan' -> 'lvm'
'/tmp/rear.hvWqMGkcXVEGC9y/rootfs/bin/vgsplit' -> 'lvm'
2023-06-30 03:25:28.061218982 Including build/GNU/Linux/090_create_lib_directories_and_symlinks.sh
2023-06-30 03:25:28.062761861 Mirroring lib/ structure.
mkdir: created directory '/tmp/rear.hvWqMGkcXVEGC9y/rootfs/usr/lib64'
mkdir: created directory '/tmp/rear.hvWqMGkcXVEGC9y/rootfs/usr/libexec'
2023-06-30 03:25:28.084269575 Including build/GNU/Linux/100_copy_as_is.sh
2023-06-30 03:25:28.085952475 Copying files and directories
2023-06-30 03:25:28.088316550 Files being copied: /usr/share/rear /var/lib/rear /dev /etc/inputrc /etc/protocols /etc/services /etc/rpc /etc/termcap /etc/terminfo /usr/share/terminfo /etc/netconfig /etc/mke2fs.conf /etc/centos-release /etc/os-release /etc/redhat-release /etc/system-release /etc/localtime /etc/magic /usr/share/misc/magic /etc/dracut.conf /etc/dracut.conf.d /usr/lib/dracut /sbin/modprobe.ksplice-orig /etc/sysctl.conf /etc/sysctl.d /etc/e2fsck.conf /etc/ssl/certs/Makefile /etc/ssl/certs/ca-bundle.crt /etc/ssl/certs/ca-bundle.trust.crt /etc/ssl/certs/make-dummy-cert /etc/ssl/certs/renew-dummy-cert /etc/pki/CA /etc/pki/ca-trust /etc/pki/dovecot /etc/pki/fwupd /etc/pki/fwupd-metadata /etc/pki/java /etc/pki/nss-legacy /etc/pki/nssdb /etc/pki/rpm-gpg /etc/pki/rsyslog /etc/pki/tls /etc/nfsmount.conf /etc/sysconfig/nfs /etc/localtime /etc/lvm /usr/share/systemd /etc/dbus-1 /usr/lib/systemd/systemd-ac-power /usr/lib/systemd/systemd-activate /usr/lib/systemd/systemd-backlight /usr/lib/systemd/systemd-binfmt /usr/lib/systemd/systemd-bootchart /usr/lib/systemd/systemd-cgroups-agent /usr/lib/systemd/systemd-coredump /usr/lib/systemd/systemd-cryptsetup /usr/lib/systemd/systemd-fsck /usr/lib/systemd/systemd-hibernate-resume /usr/lib/systemd/systemd-hostnamed /usr/lib/systemd/systemd-importd /usr/lib/systemd/systemd-initctl /usr/lib/systemd/systemd-journald /usr/lib/systemd/systemd-localed /usr/lib/systemd/systemd-logind /usr/lib/systemd/systemd-machine-id-commit /usr/lib/systemd/systemd-machined /usr/lib/systemd/systemd-modules-load /usr/lib/systemd/systemd-pull /usr/lib/systemd/systemd-quotacheck /usr/lib/systemd/systemd-random-seed /usr/lib/systemd/systemd-readahead /usr/lib/systemd/systemd-remount-fs /usr/lib/systemd/systemd-reply-password /usr/lib/systemd/systemd-rfkill /usr/lib/systemd/systemd-shutdown /usr/lib/systemd/systemd-shutdownd /usr/lib/systemd/systemd-sleep /usr/lib/systemd/systemd-socket-proxyd /usr/lib/systemd/systemd-sysctl /usr/lib/systemd/systemd-sysv-install /usr/lib/systemd/systemd-timedated /usr/lib/systemd/systemd-udevd /usr/lib/systemd/systemd-update-done /usr/lib/systemd/systemd-update-utmp /usr/lib/systemd/systemd-user-sessions /usr/lib/systemd/systemd-vconsole-setup /lib/systemd/systemd-ac-power /lib/systemd/systemd-activate /lib/systemd/systemd-backlight /lib/systemd/systemd-binfmt /lib/systemd/systemd-bootchart /lib/systemd/systemd-cgroups-agent /lib/systemd/systemd-coredump /lib/systemd/systemd-cryptsetup /lib/systemd/systemd-fsck /lib/systemd/systemd-hibernate-resume /lib/systemd/systemd-hostnamed /lib/systemd/systemd-importd /lib/systemd/systemd-initctl /lib/systemd/systemd-journald /lib/systemd/systemd-localed /lib/systemd/systemd-logind /lib/systemd/systemd-machine-id-commit /lib/systemd/systemd-machined /lib/systemd/systemd-modules-load /lib/systemd/systemd-pull /lib/systemd/systemd-quotacheck /lib/systemd/systemd-random-seed /lib/systemd/systemd-readahead /lib/systemd/systemd-remount-fs /lib/systemd/systemd-reply-password /lib/systemd/systemd-rfkill /lib/systemd/systemd-shutdown /lib/systemd/systemd-shutdownd /lib/systemd/systemd-sleep /lib/systemd/systemd-socket-proxyd /lib/systemd/systemd-sysctl /lib/systemd/systemd-sysv-install /lib/systemd/systemd-timedated /lib/systemd/systemd-udevd /lib/systemd/systemd-update-done /lib/systemd/systemd-update-utmp /lib/systemd/systemd-user-sessions /lib/systemd/systemd-vconsole-setup /usr/lib/systemd/network /lib/systemd/network /usr/lib/systemd/system-generators/systemd-getty-generator /lib/systemd/system-generators/systemd-getty-generator /var/lib/tmpfiles.d /usr/lib/tmpfiles.d /etc/default/grub /etc/grub.d/00_header /etc/grub.d/00_tuned /etc/grub.d/01_users /etc/grub.d/10_linux /etc/grub.d/20_linux_xen /etc/grub.d/20_ppc_terminfo /etc/grub.d/30_os-prober /etc/grub.d/40_custom /etc/grub.d/41_custom /etc/grub.d/README /etc/grub2.cfg /boot/grub /boot/grub2 /usr/lib/grub /usr/share/grub /etc/tuned/active_profile /etc/tuned/bootcmdline /etc/tuned/profile_mode /etc/tuned/recommend.d /etc/tuned/tuned-main.conf /usr/share/cracklib/cracklib-small.hwm /usr/share/cracklib/cracklib-small.pwd /usr/share/cracklib/cracklib-small.pwi /usr/share/cracklib/cracklib.magic /usr/share/cracklib/pw_dict.hwm /usr/share/cracklib/pw_dict.pwd /usr/share/cracklib/pw_dict.pwi /etc/security/pwquality.conf /lib/modules/3.10.0-1160.92.1.el7.x86_64/modules.alias /lib/modules/3.10.0-1160.92.1.el7.x86_64/modules.alias.bin /lib/modules/3.10.0-1160.92.1.el7.x86_64/modules.block /lib/modules/3.10.0-1160.92.1.el7.x86_64/modules.builtin /lib/modules/3.10.0-1160.92.1.el7.x86_64/modules.builtin.bin /lib/modules/3.10.0-1160.92.1.el7.x86_64/modules.dep /lib/modules/3.10.0-1160.92.1.el7.x86_64/modules.dep.bin /lib/modules/3.10.0-1160.92.1.el7.x86_64/modules.devname /lib/modules/3.10.0-1160.92.1.el7.x86_64/modules.drm /lib/modules/3.10.0-1160.92.1.el7.x86_64/modules.modesetting /lib/modules/3.10.0-1160.92.1.el7.x86_64/modules.networking /lib/modules/3.10.0-1160.92.1.el7.x86_64/modules.order /lib/modules/3.10.0-1160.92.1.el7.x86_64/modules.softdep /lib/modules/3.10.0-1160.92.1.el7.x86_64/modules.symbols /lib/modules/3.10.0-1160.92.1.el7.x86_64/modules.symbols.bin /etc/modules-load.d /etc/modules-load.d /etc/modprobe.d /etc/udev /etc/sysconfig/udev /lib/udev /usr/lib/udev /etc/resolv.conf /etc/hosts /etc/host.conf /etc/iproute2 /lib/kbd/keymaps/legacy/i386/qwerty/defkeymap.map.gz /lib/kbd/keymaps /etc/ssh/moduli /etc/ssh/ssh_config /etc/ssh/sshd_config /etc/ld.so.conf /etc/ld.so.conf.d/bind-export-x86_64.conf /etc/ld.so.conf.d/dyninst-x86_64.conf /etc/ld.so.conf.d/kernel-3.10.0-1160.92.1.el7.x86_64.conf /etc/ld.so.conf.d/kernel-3.10.0-1160.el7.x86_64.conf /etc/ld.so.conf.d/libiscsi-x86_64.conf /etc/ld.so.conf.d/mariadb-x86_64.conf
2023-06-30 03:25:28.090224169 Files being excluded: dev/shm dev/oracleasm dev/mapper dev/.udev dev/shm/* /etc/pki/tls/private /etc/pki/CA/private /etc/pki/nssdb/key*.db /usr/lib/ssl/private
tar: Removing leading `/' from member names
tar: Removing leading `/' from hard link targets
tar: etc/redhat-release: time stamp 2023-06-30 09:37:24 is 22315.762153355 s in the future
tar: etc/system-release: time stamp 2023-06-30 09:37:24 is 22315.761864447 s in the future
tar: etc/dracut.conf.d: time stamp 2023-06-30 09:40:05 is 22476.755579524 s in the future
tar: usr/lib/dracut/dracut.conf.d: time stamp 2023-06-30 09:39:58 is 22469.751869104 s in the future
tar: usr/lib/dracut/modules.d/05nss-softokn: time stamp 2023-06-30 09:37:27 is 22318.751709442 s in the future
tar: usr/lib/dracut/modules.d/05rdma: time stamp 2023-06-30 09:38:41 is 22392.695991032 s in the future
tar: usr/lib/dracut/modules.d/99kdumpbase: time stamp 2023-06-30 09:39:58 is 22469.672175116 s in the future
tar: usr/lib/dracut/modules.d/99microcode_ctl-fw_dir_override: time stamp 2023-06-30 09:39:58 is 22469.672034035 s in the future
tar: etc/pki/ca-trust/extracted/java/cacerts: time stamp 2023-06-30 09:37:43 is 22334.661672875 s in the future
tar: etc/pki/ca-trust/extracted/java: time stamp 2023-06-30 09:37:43 is 22334.661517192 s in the future
tar: etc/pki/ca-trust/extracted/openssl/ca-bundle.trust.crt: time stamp 2023-06-30 09:37:41 is 22332.655452535 s in the future
tar: etc/pki/ca-trust/extracted/openssl: time stamp 2023-06-30 09:37:41 is 22332.655365281 s in the future
tar: etc/pki/ca-trust/extracted/pem/tls-ca-bundle.pem: time stamp 2023-06-30 09:37:42 is 22333.65318403 s in the future
tar: etc/pki/ca-trust/extracted/pem/email-ca-bundle.pem: time stamp 2023-06-30 09:37:42 is 22333.649733728 s in the future
tar: etc/pki/ca-trust/extracted/pem/objsign-ca-bundle.pem: time stamp 2023-06-30 09:37:42 is 22333.641868108 s in the future
tar: etc/pki/ca-trust/extracted/pem: time stamp 2023-06-30 09:37:42 is 22333.641802626 s in the future
tar: etc/pki/ca-trust/extracted: time stamp 2023-06-30 09:37:41 is 22332.641778767 s in the future
tar: etc/pki/nss-legacy: time stamp 2023-06-30 09:38:22 is 22373.637091218 s in the future
tar: etc/pki/nssdb/cert9.db: time stamp 2023-06-30 10:07:05 is 24096.636847086 s in the future
tar: etc/pki/rpm-gpg: time stamp 2023-06-30 12:43:39 is 33490.634131393 s in the future
tar: etc/pki/tls/certs: time stamp 2023-06-30 09:40:16 is 22487.63386938 s in the future
tar: etc/pki/tls/misc: time stamp 2023-06-30 09:40:16 is 22487.630872174 s in the future
tar: etc/lvm/profile: time stamp 2023-06-30 09:38:42 is 22393.622409139 s in the future
tar: etc/lvm: time stamp 2023-06-30 09:38:42 is 22393.622365558 s in the future
tar: usr/share/systemd: time stamp 2023-06-30 09:38:30 is 22381.621783526 s in the future
tar: etc/dbus-1/system.d: time stamp 2023-06-30 09:39:58 is 22469.616978953 s in the future
tar: usr/lib/tmpfiles.d: time stamp 2023-06-30 13:41:17 is 36948.554852952 s in the future
tar: etc/default/grub: time stamp 2023-06-30 09:39:56 is 22467.554720525 s in the future
tar: boot/grub2/grubenv: time stamp 2023-06-30 09:42:01 is 22592.440877666 s in the future
tar: boot/grub2/grub.cfg: time stamp 2023-06-30 09:42:01 is 22592.440762572 s in the future
tar: boot/grub2: time stamp 2023-06-30 09:42:01 is 22592.440729886 s in the future
tar: usr/lib/grub/i386-pc: time stamp 2023-06-30 09:37:25 is 22316.240839377 s in the future
tar: usr/share/grub: time stamp 2023-06-30 09:38:40 is 22391.21978769 s in the future
tar: lib/modules/3.10.0-1160.92.1.el7.x86_64/modules.alias: time stamp 2023-06-30 09:41:32 is 22563.129346122 s in the future
tar: lib/modules/3.10.0-1160.92.1.el7.x86_64/modules.alias.bin: time stamp 2023-06-30 09:41:32 is 22563.122919618 s in the future
tar: lib/modules/3.10.0-1160.92.1.el7.x86_64/modules.builtin.bin: time stamp 2023-06-30 09:41:32 is 22563.12094231 s in the future
tar: lib/modules/3.10.0-1160.92.1.el7.x86_64/modules.dep: time stamp 2023-06-30 09:41:32 is 22563.119155756 s in the future
tar: lib/modules/3.10.0-1160.92.1.el7.x86_64/modules.dep.bin: time stamp 2023-06-30 09:41:32 is 22563.11757075 s in the future
tar: lib/modules/3.10.0-1160.92.1.el7.x86_64/modules.devname: time stamp 2023-06-30 09:41:32 is 22563.117476787 s in the future
tar: lib/modules/3.10.0-1160.92.1.el7.x86_64/modules.softdep: time stamp 2023-06-30 09:41:32 is 22563.113439607 s in the future
tar: lib/modules/3.10.0-1160.92.1.el7.x86_64/modules.symbols: time stamp 2023-06-30 09:41:32 is 22563.111394341 s in the future
tar: lib/modules/3.10.0-1160.92.1.el7.x86_64/modules.symbols.bin: time stamp 2023-06-30 09:41:32 is 22563.110173642 s in the future
tar: etc/modprobe.d: time stamp 2023-06-30 09:40:05 is 22476.109609063 s in the future
tar: etc/udev/rules.d: time stamp 2023-06-30 09:38:41 is 22392.109422668 s in the future
tar: etc/udev/hwdb.bin: time stamp 2023-06-30 09:38:31 is 22381.943784762 s in the future
tar: etc/udev: time stamp 2023-06-30 09:38:31 is 22381.943719322 s in the future
tar: lib/udev/rules.d: time stamp 2023-06-30 09:40:17 is 22487.915460582 s in the future
tar: lib/udev/hwdb.d: time stamp 2023-06-30 09:38:29 is 22379.520677826 s in the future
tar: lib/udev: time stamp 2023-06-30 09:39:58 is 22468.50380461 s in the future
tar: usr/lib/udev/rules.d: time stamp 2023-06-30 09:40:17 is 22487.500622 s in the future
tar: usr/lib/udev/hwdb.d: time stamp 2023-06-30 09:38:29 is 22379.499857949 s in the future
tar: usr/lib/udev: time stamp 2023-06-30 09:39:58 is 22468.496716802 s in the future
tar: etc/resolv.conf: time stamp 2023-06-30 13:38:21 is 36771.49654251 s in the future
tar: etc/hosts: time stamp 2023-06-30 13:18:19 is 35569.496310968 s in the future
tar: lib/kbd/keymaps/xkb: time stamp 2023-06-30 09:37:26 is 22316.237244071 s in the future
tar: lib/kbd/keymaps/legacy/amiga: time stamp 2023-06-30 09:39:34 is 22444.23475488 s in the future
tar: lib/kbd/keymaps/legacy/atari: time stamp 2023-06-30 09:39:34 is 22444.227775574 s in the future
tar: lib/kbd/keymaps/legacy/i386/azerty: time stamp 2023-06-30 09:39:34 is 22444.21832726 s in the future
tar: lib/kbd/keymaps/legacy/i386/colemak: time stamp 2023-06-30 09:39:34 is 22444.218152817 s in the future
tar: lib/kbd/keymaps/legacy/i386/dvorak: time stamp 2023-06-30 09:39:34 is 22444.208980749 s in the future
tar: lib/kbd/keymaps/legacy/i386/fgGIod: time stamp 2023-06-30 09:39:34 is 22444.2086497 s in the future
tar: lib/kbd/keymaps/legacy/i386/include: time stamp 2023-06-30 09:39:34 is 22444.193220245 s in the future
tar: lib/kbd/keymaps/legacy/i386/olpc: time stamp 2023-06-30 09:39:34 is 22444.191976272 s in the future
tar: lib/kbd/keymaps/legacy/i386/qwerty/sr-latin.map.gz: time stamp 2023-06-30 09:39:34 is 22444.145387529 s in the future
tar: lib/kbd/keymaps/legacy/i386/qwerty/ko.map.gz: time stamp 2023-06-30 09:39:34 is 22444.113908017 s in the future
tar: lib/kbd/keymaps/legacy/i386/qwerty: time stamp 2023-06-30 09:39:34 is 22444.085562725 s in the future
tar: lib/kbd/keymaps/legacy/i386/qwertz: time stamp 2023-06-30 09:39:34 is 22444.075207165 s in the future
tar: lib/kbd/keymaps/legacy/include: time stamp 2023-06-30 09:39:34 is 22444.071613688 s in the future
tar: lib/kbd/keymaps/legacy/mac/all: time stamp 2023-06-30 09:39:34 is 22444.056838373 s in the future
tar: lib/kbd/keymaps/legacy/mac/include: time stamp 2023-06-30 09:39:34 is 22444.055181918 s in the future
tar: lib/kbd/keymaps/legacy/ppc: time stamp 2023-06-30 09:39:34 is 22444.054728486 s in the future
tar: lib/kbd/keymaps/legacy/sun: time stamp 2023-06-30 09:39:34 is 22444.044713765 s in the future
tar: lib/kbd/keymaps/legacy: time stamp 2023-06-30 09:39:34 is 22444.04467105 s in the future
tar: etc/grub2.cfg: time stamp 2023-06-30 09:38:41 is 22391.018207781 s in the future
tar: etc/pki/tls/cert.pem: time stamp 2023-06-30 09:37:41 is 22331.01808205 s in the future
tar: etc/pki/java/cacerts: time stamp 2023-06-30 09:37:41 is 22331.018024337 s in the future
tar: etc/pki/ca-trust/source/ca-bundle.legacy.crt: time stamp 2023-06-30 09:37:41 is 22331.017969304 s in the future
tar: etc/pki/tls/certs/ca-bundle.trust.crt: time stamp 2023-06-30 09:37:41 is 22331.017917941 s in the future
tar: etc/pki/tls/certs/ca-bundle.crt: time stamp 2023-06-30 09:37:41 is 22331.01785144 s in the future
tar: etc/sysctl.d/99-sysctl.conf: time stamp 2023-06-30 09:38:39 is 22389.01776765 s in the future
tar: etc/os-release: time stamp 2023-06-30 09:37:24 is 22314.017661347 s in the future
tar: etc/pki/tls: time stamp 2023-06-30 09:37:43 is 22332.992017998 s in the future
tar: etc/pki/java: time stamp 2023-06-30 09:37:41 is 22330.991906244 s in the future
tar: etc/pki/ca-trust/source: time stamp 2023-06-30 09:37:41 is 22330.991878542 s in the future
tar: etc/pki/ca-trust: time stamp 2023-06-30 09:37:41 is 22330.991857696 s in the future
tar: etc/sysctl.d: time stamp 2023-06-30 09:38:39 is 22388.991832839 s in the future
2023-06-30 03:25:30.011421823 Finished copying files and directories in COPY_AS_IS minus COPY_AS_IS_EXCLUDE
2023-06-30 03:25:30.341571081 copy_as_is_executables = /usr/share/rear/backup/YUM/default/500_make_backup.sh /usr/share/rear/skel/default/bin/dhclient-script /usr/share/rear/skel/default/bin/dhcpcd.sh /usr/share/rear/skel/default/bin/ifup /usr/share/rear/skel/default/bin/login /usr/share/rear/skel/default/etc/scripts/boot /usr/share/rear/skel/default/etc/scripts/do-shutdown /usr/share/rear/skel/default/etc/scripts/run-serial /usr/share/rear/skel/default/etc/scripts/run-sshd /usr/share/rear/skel/default/etc/scripts/run-syslog /usr/share/rear/skel/default/etc/scripts/system-setup /usr/share/rear/skel/default/etc/scripts/system-status.sh /usr/share/rear/skel/default/etc/scripts/unlock-opal-disks /usr/lib/dracut/modules.d/05nss-softokn/module-setup.sh /usr/lib/dracut/modules.d/00bash/module-setup.sh /usr/lib/dracut/modules.d/00systemd-bootchart/module-setup.sh /usr/lib/dracut/modules.d/03modsign/load-modsign-keys.sh /usr/lib/dracut/modules.d/03modsign/module-setup.sh /usr/lib/dracut/modules.d/03rescue/module-setup.sh /usr/lib/dracut/modules.d/04watchdog/module-setup.sh /usr/lib/dracut/modules.d/04watchdog/watchdog-stop.sh /usr/lib/dracut/modules.d/04watchdog/watchdog.sh /usr/lib/dracut/modules.d/05busybox/module-setup.sh /usr/lib/dracut/modules.d/10i18n/console_init.sh /usr/lib/dracut/modules.d/10i18n/module-setup.sh /usr/lib/dracut/modules.d/10i18n/parse-i18n.sh /usr/lib/dracut/modules.d/30convertfs/convertfs.sh /usr/lib/dracut/modules.d/30convertfs/do-convertfs.sh /usr/lib/dracut/modules.d/30convertfs/module-setup.sh /usr/lib/dracut/modules.d/45url-lib/module-setup.sh /usr/lib/dracut/modules.d/45url-lib/url-lib.sh /usr/lib/dracut/modules.d/50drm/module-setup.sh /usr/lib/dracut/modules.d/50plymouth/module-setup.sh /usr/lib/dracut/modules.d/50plymouth/plymouth-emergency.sh /usr/lib/dracut/modules.d/50plymouth/plymouth-newroot.sh /usr/lib/dracut/modules.d/50plymouth/plymouth-populate-initrd.sh /usr/lib/dracut/modules.d/50plymouth/plymouth-pretrigger.sh /usr/lib/dracut/modules.d/80cms/cms-write-ifcfg.sh /usr/lib/dracut/modules.d/80cms/cmsifup.sh /usr/lib/dracut/modules.d/80cms/cmssetup.sh /usr/lib/dracut/modules.d/80cms/module-setup.sh /usr/lib/dracut/modules.d/90bcache/module-setup.sh /usr/lib/dracut/modules.d/90btrfs/btrfs_device_ready.sh /usr/lib/dracut/modules.d/90btrfs/btrfs_finished.sh /usr/lib/dracut/modules.d/90btrfs/btrfs_timeout.sh /usr/lib/dracut/modules.d/90btrfs/module-setup.sh /usr/lib/dracut/modules.d/90crypt/crypt-cleanup.sh /usr/lib/dracut/modules.d/90crypt/crypt-lib.sh /usr/lib/dracut/modules.d/90crypt/crypt-run-generator.sh /usr/lib/dracut/modules.d/90crypt/cryptroot-ask.sh /usr/lib/dracut/modules.d/90crypt/module-setup.sh /usr/lib/dracut/modules.d/90crypt/parse-crypt.sh /usr/lib/dracut/modules.d/90crypt/parse-keydev.sh /usr/lib/dracut/modules.d/90crypt/probe-keydev.sh /usr/lib/dracut/modules.d/90dm/dm-pre-udev.sh /usr/lib/dracut/modules.d/90dm/dm-shutdown.sh /usr/lib/dracut/modules.d/90dm/module-setup.sh /usr/lib/dracut/modules.d/90dmraid/dmraid.sh /usr/lib/dracut/modules.d/90dmraid/module-setup.sh /usr/lib/dracut/modules.d/90dmraid/parse-dm.sh /usr/lib/dracut/modules.d/90dmsquash-live/apply-live-updates.sh /usr/lib/dracut/modules.d/90dmsquash-live/dmsquash-live-genrules.sh /usr/lib/dracut/modules.d/90dmsquash-live/dmsquash-live-root.sh /usr/lib/dracut/modules.d/90dmsquash-live/dmsquash-liveiso-genrules.sh /usr/lib/dracut/modules.d/90dmsquash-live/iso-scan.sh /usr/lib/dracut/modules.d/90dmsquash-live/module-setup.sh /usr/lib/dracut/modules.d/90dmsquash-live/parse-dmsquash-live.sh /usr/lib/dracut/modules.d/90dmsquash-live/parse-iso-scan.sh /usr/lib/dracut/modules.d/90dmsquash-live-ntfs/module-setup.sh /usr/lib/dracut/modules.d/90kernel-modules/insmodpost.sh /usr/lib/dracut/modules.d/90kernel-modules/module-setup.sh /usr/lib/dracut/modules.d/90kernel-modules/parse-kernel.sh /usr/lib/dracut/modules.d/90lvm/lvm_scan.sh /usr/lib/dracut/modules.d/90lvm/module-setup.sh /usr/lib/dracut/modules.d/90lvm/parse-lvm.sh /usr/lib/dracut/modules.d/90mdraid/md-noddf.sh /usr/lib/dracut/modules.d/90mdraid/md-noimsm.sh /usr/lib/dracut/modules.d/90mdraid/md-shutdown.sh /usr/lib/dracut/modules.d/90mdraid/mdmon-pre-shutdown.sh /usr/lib/dracut/modules.d/90mdraid/mdmon-pre-udev.sh /usr/lib/dracut/modules.d/90mdraid/mdraid-cleanup.sh /usr/lib/dracut/modules.d/90mdraid/mdraid-needshutdown.sh /usr/lib/dracut/modules.d/90mdraid/mdraid-waitclean.sh /usr/lib/dracut/modules.d/90mdraid/mdraid_start.sh /usr/lib/dracut/modules.d/90mdraid/module-setup.sh /usr/lib/dracut/modules.d/90mdraid/parse-md.sh /usr/lib/dracut/modules.d/90multipath/module-setup.sh /usr/lib/dracut/modules.d/90multipath/multipathd-needshutdown.sh /usr/lib/dracut/modules.d/90multipath/multipathd-stop.sh /usr/lib/dracut/modules.d/90multipath/multipathd.sh /usr/lib/dracut/modules.d/90qemu/module-setup.sh /usr/lib/dracut/modules.d/91crypt-gpg/crypt-gpg-lib.sh /usr/lib/dracut/modules.d/91crypt-gpg/module-setup.sh /usr/lib/dracut/modules.d/91crypt-loop/crypt-loop-lib.sh /usr/lib/dracut/modules.d/95dasd/module-setup.sh /usr/lib/dracut/modules.d/95dasd/parse-dasd.sh /usr/lib/dracut/modules.d/95dasd_mod/module-setup.sh /usr/lib/dracut/modules.d/95dasd_mod/parse-dasd-mod.sh /usr/lib/dracut/modules.d/95debug/module-setup.sh /usr/lib/dracut/modules.d/95fstab-sys/module-setup.sh /usr/lib/dracut/modules.d/95fstab-sys/mount-sys.sh /usr/lib/dracut/modules.d/95resume/module-setup.sh /usr/lib/dracut/modules.d/95resume/parse-resume.sh /usr/lib/dracut/modules.d/95resume/resume.sh /usr/lib/dracut/modules.d/95rootfs-block/block-genrules.sh /usr/lib/dracut/modules.d/95rootfs-block/module-setup.sh /usr/lib/dracut/modules.d/95rootfs-block/mount-root.sh /usr/lib/dracut/modules.d/95rootfs-block/parse-block.sh /usr/lib/dracut/modules.d/95rootfs-block/rootfallback.sh /usr/lib/dracut/modules.d/95terminfo/module-setup.sh /usr/lib/dracut/modules.d/95udev-rules/load-modules.sh /usr/lib/dracut/modules.d/95udev-rules/module-setup.sh /usr/lib/dracut/modules.d/95virtfs/module-setup.sh /usr/lib/dracut/modules.d/95virtfs/mount-virtfs.sh /usr/lib/dracut/modules.d/95virtfs/parse-virtfs.sh /usr/lib/dracut/modules.d/95virtfs/virtfs-generator.sh /usr/lib/dracut/modules.d/95zfcp/module-setup.sh /usr/lib/dracut/modules.d/95zfcp/parse-zfcp.sh /usr/lib/dracut/modules.d/97biosdevname/module-setup.sh /usr/lib/dracut/modules.d/97biosdevname/parse-biosdevname.sh /usr/lib/dracut/modules.d/98ecryptfs/ecryptfs-mount.sh /usr/lib/dracut/modules.d/98ecryptfs/module-setup.sh /usr/lib/dracut/modules.d/98pollcdrom/module-setup.sh /usr/lib/dracut/modules.d/98pollcdrom/pollcdrom.sh /usr/lib/dracut/modules.d/98selinux/module-setup.sh /usr/lib/dracut/modules.d/98selinux/selinux-loadpolicy.sh /usr/lib/dracut/modules.d/98syslog/module-setup.sh /usr/lib/dracut/modules.d/98syslog/parse-syslog-opts.sh /usr/lib/dracut/modules.d/98syslog/rsyslogd-start.sh /usr/lib/dracut/modules.d/98syslog/rsyslogd-stop.sh /usr/lib/dracut/modules.d/98syslog/syslog-cleanup.sh /usr/lib/dracut/modules.d/98syslog/syslog-genrules.sh /usr/lib/dracut/modules.d/98systemd/dracut-cmdline-ask.sh /usr/lib/dracut/modules.d/98systemd/dracut-cmdline.sh /usr/lib/dracut/modules.d/98systemd/dracut-emergency.sh /usr/lib/dracut/modules.d/98systemd/dracut-initqueue.sh /usr/lib/dracut/modules.d/98systemd/dracut-mount.sh /usr/lib/dracut/modules.d/98systemd/dracut-pre-mount.sh /usr/lib/dracut/modules.d/98systemd/dracut-pre-pivot.sh /usr/lib/dracut/modules.d/98systemd/dracut-pre-trigger.sh /usr/lib/dracut/modules.d/98systemd/dracut-pre-udev.sh /usr/lib/dracut/modules.d/98systemd/module-setup.sh /usr/lib/dracut/modules.d/98systemd/rootfs-generator.sh /usr/lib/dracut/modules.d/98usrmount/module-setup.sh /usr/lib/dracut/modules.d/98usrmount/mount-usr.sh /usr/lib/dracut/modules.d/99base/dracut-lib.sh /usr/lib/dracut/modules.d/99base/init.sh /usr/lib/dracut/modules.d/99base/initqueue.sh /usr/lib/dracut/modules.d/99base/loginit.sh /usr/lib/dracut/modules.d/99base/memtrace-ko.sh /usr/lib/dracut/modules.d/99base/module-setup.sh /usr/lib/dracut/modules.d/99base/parse-root-opts.sh /usr/lib/dracut/modules.d/99base/rdsosreport.sh /usr/lib/dracut/modules.d/99fs-lib/fs-lib.sh /usr/lib/dracut/modules.d/99fs-lib/module-setup.sh /usr/lib/dracut/modules.d/99img-lib/img-lib.sh /usr/lib/dracut/modules.d/99img-lib/module-setup.sh /usr/lib/dracut/modules.d/99shutdown/module-setup.sh /usr/lib/dracut/modules.d/99shutdown/shutdown.sh /usr/lib/dracut/modules.d/05rdma/module-setup.sh /usr/lib/dracut/modules.d/40network/dhclient-script.sh /usr/lib/dracut/modules.d/40network/dhcp-root.sh /usr/lib/dracut/modules.d/40network/ifname-genrules.sh /usr/lib/dracut/modules.d/40network/ifup.sh /usr/lib/dracut/modules.d/40network/kill-dhclient.sh /usr/lib/dracut/modules.d/40network/module-setup.sh /usr/lib/dracut/modules.d/40network/net-genrules.sh /usr/lib/dracut/modules.d/40network/net-lib.sh /usr/lib/dracut/modules.d/40network/netroot.sh /usr/lib/dracut/modules.d/40network/parse-bond.sh /usr/lib/dracut/modules.d/40network/parse-bridge.sh /usr/lib/dracut/modules.d/40network/parse-ibft.sh /usr/lib/dracut/modules.d/40network/parse-ifname.sh /usr/lib/dracut/modules.d/40network/parse-ip-opts.sh /usr/lib/dracut/modules.d/40network/parse-team.sh /usr/lib/dracut/modules.d/40network/parse-vlan.sh /usr/lib/dracut/modules.d/45ifcfg/module-setup.sh /usr/lib/dracut/modules.d/45ifcfg/write-ifcfg.sh /usr/lib/dracut/modules.d/90livenet/fetch-liveupdate.sh /usr/lib/dracut/modules.d/90livenet/livenetroot.sh /usr/lib/dracut/modules.d/90livenet/module-setup.sh /usr/lib/dracut/modules.d/90livenet/parse-livenet.sh /usr/lib/dracut/modules.d/90qemu-net/module-setup.sh /usr/lib/dracut/modules.d/95cifs/cifs-lib.sh /usr/lib/dracut/modules.d/95cifs/cifsroot.sh /usr/lib/dracut/modules.d/95cifs/module-setup.sh /usr/lib/dracut/modules.d/95cifs/parse-cifsroot.sh /usr/lib/dracut/modules.d/95fcoe/fcoe-edd.sh /usr/lib/dracut/modules.d/95fcoe/fcoe-genrules.sh /usr/lib/dracut/modules.d/95fcoe/fcoe-up.sh /usr/lib/dracut/modules.d/95fcoe/module-setup.sh /usr/lib/dracut/modules.d/95fcoe/parse-fcoe.sh /usr/lib/dracut/modules.d/95fcoe-uefi/module-setup.sh /usr/lib/dracut/modules.d/95fcoe-uefi/parse-uefifcoe.sh /usr/lib/dracut/modules.d/95iscsi/cleanup-iscsi.sh /usr/lib/dracut/modules.d/95iscsi/iscsiroot.sh /usr/lib/dracut/modules.d/95iscsi/module-setup.sh /usr/lib/dracut/modules.d/95iscsi/mount-lun.sh /usr/lib/dracut/modules.d/95iscsi/parse-iscsiroot.sh /usr/lib/dracut/modules.d/95nbd/module-setup.sh /usr/lib/dracut/modules.d/95nbd/nbdroot.sh /usr/lib/dracut/modules.d/95nbd/parse-nbdroot.sh /usr/lib/dracut/modules.d/95nfs/module-setup.sh /usr/lib/dracut/modules.d/95nfs/nfs-lib.sh /usr/lib/dracut/modules.d/95nfs/nfs-start-rpc.sh /usr/lib/dracut/modules.d/95nfs/nfsroot-cleanup.sh /usr/lib/dracut/modules.d/95nfs/nfsroot.sh /usr/lib/dracut/modules.d/95nfs/parse-nfsroot.sh /usr/lib/dracut/modules.d/95ssh-client/module-setup.sh /usr/lib/dracut/modules.d/95znet/module-setup.sh /usr/lib/dracut/modules.d/95znet/parse-ccw.sh /usr/lib/dracut/modules.d/99uefi-lib/module-setup.sh /usr/lib/dracut/modules.d/99uefi-lib/uefi-lib.sh /usr/lib/dracut/modules.d/99kdumpbase/kdump-error-handler.sh /usr/lib/dracut/modules.d/99kdumpbase/kdump.sh /usr/lib/dracut/modules.d/99kdumpbase/module-setup.sh /usr/lib/dracut/modules.d/99microcode_ctl-fw_dir_override/module-setup.sh /usr/lib/dracut/dracut-functions.sh /usr/lib/dracut/dracut-init.sh /usr/lib/dracut/dracut-initramfs-restore /usr/lib/dracut/dracut-install /usr/lib/dracut/dracut-logger.sh /usr/lib/dracut/dracut-version.sh /usr/lib/dracut/skipcpio /etc/ssl/certs/make-dummy-cert /etc/ssl/certs/renew-dummy-cert /etc/pki/tls/certs/make-dummy-cert /etc/pki/tls/certs/renew-dummy-cert /etc/pki/tls/misc/CA /etc/pki/tls/misc/c_hash /etc/pki/tls/misc/c_info /etc/pki/tls/misc/c_issuer /etc/pki/tls/misc/c_name /usr/lib/systemd/systemd-ac-power /usr/lib/systemd/systemd-activate /usr/lib/systemd/systemd-backlight /usr/lib/systemd/systemd-binfmt /usr/lib/systemd/systemd-bootchart /usr/lib/systemd/systemd-cgroups-agent /usr/lib/systemd/systemd-coredump /usr/lib/systemd/systemd-cryptsetup /usr/lib/systemd/systemd-fsck /usr/lib/systemd/systemd-hibernate-resume /usr/lib/systemd/systemd-hostnamed /usr/lib/systemd/systemd-importd /usr/lib/systemd/systemd-initctl /usr/lib/systemd/systemd-journald /usr/lib/systemd/systemd-localed /usr/lib/systemd/systemd-logind /usr/lib/systemd/systemd-machine-id-commit /usr/lib/systemd/systemd-machined /usr/lib/systemd/systemd-modules-load /usr/lib/systemd/systemd-pull /usr/lib/systemd/systemd-quotacheck /usr/lib/systemd/systemd-random-seed /usr/lib/systemd/systemd-readahead /usr/lib/systemd/systemd-remount-fs /usr/lib/systemd/systemd-reply-password /usr/lib/systemd/systemd-rfkill /usr/lib/systemd/systemd-shutdown /usr/lib/systemd/systemd-shutdownd /usr/lib/systemd/systemd-sleep /usr/lib/systemd/systemd-socket-proxyd /usr/lib/systemd/systemd-sysctl /usr/lib/systemd/systemd-timedated /usr/lib/systemd/systemd-udevd /usr/lib/systemd/systemd-update-done /usr/lib/systemd/systemd-update-utmp /usr/lib/systemd/systemd-user-sessions /usr/lib/systemd/systemd-vconsole-setup /lib/systemd/systemd-ac-power /lib/systemd/systemd-activate /lib/systemd/systemd-backlight /lib/systemd/systemd-binfmt /lib/systemd/systemd-bootchart /lib/systemd/systemd-cgroups-agent /lib/systemd/systemd-coredump /lib/systemd/systemd-cryptsetup /lib/systemd/systemd-fsck /lib/systemd/systemd-hibernate-resume /lib/systemd/systemd-hostnamed /lib/systemd/systemd-importd /lib/systemd/systemd-initctl /lib/systemd/systemd-journald /lib/systemd/systemd-localed /lib/systemd/systemd-logind /lib/systemd/systemd-machine-id-commit /lib/systemd/systemd-machined /lib/systemd/systemd-modules-load /lib/systemd/systemd-pull /lib/systemd/systemd-quotacheck /lib/systemd/systemd-random-seed /lib/systemd/systemd-readahead /lib/systemd/systemd-remount-fs /lib/systemd/systemd-reply-password /lib/systemd/systemd-rfkill /lib/systemd/systemd-shutdown /lib/systemd/systemd-shutdownd /lib/systemd/systemd-sleep /lib/systemd/systemd-socket-proxyd /lib/systemd/systemd-sysctl /lib/systemd/systemd-timedated /lib/systemd/systemd-udevd /lib/systemd/systemd-update-done /lib/systemd/systemd-update-utmp /lib/systemd/systemd-user-sessions /lib/systemd/systemd-vconsole-setup /usr/lib/systemd/system-generators/systemd-getty-generator /lib/systemd/system-generators/systemd-getty-generator /etc/grub.d/00_header /etc/grub.d/00_tuned /etc/grub.d/01_users /etc/grub.d/10_linux /etc/grub.d/20_linux_xen /etc/grub.d/20_ppc_terminfo /etc/grub.d/30_os-prober /etc/grub.d/40_custom /etc/grub.d/41_custom /usr/lib/grub/i386-pc/gdb_grub2 /usr/lib/grub/i386-pc/boot.image /usr/lib/grub/i386-pc/boot_hybrid.image /usr/lib/grub/i386-pc/gmodule.pl /usr/lib/grub/i386-pc/cdboot.image /usr/lib/grub/i386-pc/kernel.exec /usr/lib/grub/i386-pc/diskboot.image /usr/lib/grub/i386-pc/lnxboot.image /usr/lib/grub/i386-pc/lzma_decompress.image /usr/lib/grub/i386-pc/pxeboot.image /lib/udev/accelerometer /lib/udev/ata_id /lib/udev/cdrom_id /lib/udev/collect /lib/udev/mtd_probe /lib/udev/phys-port-name-gen /lib/udev/scsi_id /lib/udev/v4l_id /lib/udev/rename_device /lib/udev/udev-kvm-check /lib/udev/check-ptp-camera /lib/udev/usb_modeswitch /lib/udev/mtp-probe /lib/udev/tascam_fpga /lib/udev/tascam_fw /lib/udev/libinput-device-group /lib/udev/libinput-model-quirks /lib/udev/udev-add-printer /lib/udev/udev-configure-printer /lib/udev/fc_wwpn_id /lib/udev/kdump-udev-throttler /usr/lib/udev/accelerometer /usr/lib/udev/ata_id /usr/lib/udev/cdrom_id /usr/lib/udev/collect /usr/lib/udev/mtd_probe /usr/lib/udev/phys-port-name-gen /usr/lib/udev/scsi_id /usr/lib/udev/v4l_id /usr/lib/udev/rename_device /usr/lib/udev/udev-kvm-check /usr/lib/udev/check-ptp-camera /usr/lib/udev/usb_modeswitch /usr/lib/udev/mtp-probe /usr/lib/udev/tascam_fpga /usr/lib/udev/tascam_fw /usr/lib/udev/libinput-device-group /usr/lib/udev/libinput-model-quirks /usr/lib/udev/udev-add-printer /usr/lib/udev/udev-configure-printer /usr/lib/udev/fc_wwpn_id /usr/lib/udev/kdump-udev-throttler
2023-06-30 03:25:30.344310447 Adding required libraries of executables in all the copied files to LIBS
2023-06-30 03:25:30.355790769 RequiredSharedObjects: Determining required shared objects
2023-06-30 03:25:30.967014218 Adding required library '/lib64/ld-linux-x86-64.so.2' to LIBS
2023-06-30 03:25:30.972017482 Adding required library '/lib64/libacl.so.1' to LIBS
2023-06-30 03:25:30.977849745 Adding required library '/lib64/libattr.so.1' to LIBS
2023-06-30 03:25:30.982685051 Adding required library '/lib64/libaudit.so.1' to LIBS
2023-06-30 03:25:30.987573331 Adding required library '/lib64/libavahi-client.so.3' to LIBS
2023-06-30 03:25:30.992744534 Adding required library '/lib64/libavahi-common.so.3' to LIBS
2023-06-30 03:25:30.997501552 Adding required library '/lib64/libblkid.so.1' to LIBS
2023-06-30 03:25:31.002113600 Adding required library '/lib64/libbz2.so.1' to LIBS
2023-06-30 03:25:31.007636690 Adding required library '/lib64/libc.so.6' to LIBS
2023-06-30 03:25:31.013333571 Adding required library '/lib64/libcap-ng.so.0' to LIBS
2023-06-30 03:25:31.018191059 Adding required library '/lib64/libcap.so.2' to LIBS
2023-06-30 03:25:31.023072353 Adding required library '/lib64/libcom_err.so.2' to LIBS
2023-06-30 03:25:31.027971690 Adding required library '/lib64/libcrypt.so.1' to LIBS
2023-06-30 03:25:31.032713733 Adding required library '/lib64/libcrypto.so.10' to LIBS
2023-06-30 03:25:31.037675604 Adding required library '/lib64/libcryptsetup.so.12' to LIBS
2023-06-30 03:25:31.043483828 Adding required library '/lib64/libcups.so.2' to LIBS
2023-06-30 03:25:31.048805433 Adding required library '/lib64/libcurl.so.4' to LIBS
2023-06-30 03:25:31.054033726 Adding required library '/lib64/libdbus-1.so.3' to LIBS
2023-06-30 03:25:31.059147855 Adding required library '/lib64/libdevmapper.so.1.02' to LIBS
2023-06-30 03:25:31.064005170 Adding required library '/lib64/libdl.so.2' to LIBS
2023-06-30 03:25:31.069023775 Adding required library '/lib64/libdw.so.1' to LIBS
2023-06-30 03:25:31.074374158 Adding required library '/lib64/libelf.so.1' to LIBS
2023-06-30 03:25:31.080351058 Adding required library '/lib64/libffi.so.6' to LIBS
2023-06-30 03:25:31.089456344 Adding required library '/lib64/libgcrypt.so.11' to LIBS
2023-06-30 03:25:31.094317048 Adding required library '/lib64/libgio-2.0.so.0' to LIBS
2023-06-30 03:25:31.099378169 Adding required library '/lib64/libglib-2.0.so.0' to LIBS
2023-06-30 03:25:31.104436474 Adding required library '/lib64/libgmodule-2.0.so.0' to LIBS
2023-06-30 03:25:31.110443424 Adding required library '/lib64/libgobject-2.0.so.0' to LIBS
2023-06-30 03:25:31.115528239 Adding required library '/lib64/libgpg-error.so.0' to LIBS
2023-06-30 03:25:31.120606873 Adding required library '/lib64/libgssapi_krb5.so.2' to LIBS
2023-06-30 03:25:31.125618967 Adding required library '/lib64/libgudev-1.0.so.0' to LIBS
2023-06-30 03:25:31.130645822 Adding required library '/lib64/libidn.so.11' to LIBS
2023-06-30 03:25:31.135701200 Adding required library '/lib64/libjson-c.so.2' to LIBS
2023-06-30 03:25:31.141453244 Adding required library '/lib64/libk5crypto.so.3' to LIBS
2023-06-30 03:25:31.147078795 Adding required library '/lib64/libkeyutils.so.1' to LIBS
2023-06-30 03:25:31.152348948 Adding required library '/lib64/libkmod.so.2' to LIBS
2023-06-30 03:25:31.157855806 Adding required library '/lib64/libkrb5.so.3' to LIBS
2023-06-30 03:25:31.163180768 Adding required library '/lib64/libkrb5support.so.0' to LIBS
2023-06-30 03:25:31.168340549 Adding required library '/lib64/liblber-2.4.so.2' to LIBS
2023-06-30 03:25:31.174314266 Adding required library '/lib64/libldap-2.4.so.2' to LIBS
2023-06-30 03:25:31.179937422 Adding required library '/lib64/liblz4.so.1' to LIBS
2023-06-30 03:25:31.185031217 Adding required library '/lib64/liblzma.so.5' to LIBS
2023-06-30 03:25:31.190333053 Adding required library '/lib64/libm.so.6' to LIBS
2023-06-30 03:25:31.195475333 Adding required library '/lib64/libmount.so.1' to LIBS
2023-06-30 03:25:31.200625192 Adding required library '/lib64/libnspr4.so' to LIBS
2023-06-30 03:25:31.212519232 Adding required library '/lib64/libpcre.so.1' to LIBS
2023-06-30 03:25:31.217814513 Adding required library '/lib64/libplc4.so' to LIBS
2023-06-30 03:25:31.223105572 Adding required library '/lib64/libplds4.so' to LIBS
2023-06-30 03:25:31.228501787 Adding required library '/lib64/libpthread.so.0' to LIBS
2023-06-30 03:25:31.235584571 Adding required library '/lib64/librt.so.1' to LIBS
2023-06-30 03:25:31.241489400 Adding required library '/lib64/libsasl2.so.3' to LIBS
2023-06-30 03:25:31.247536397 Adding required library '/lib64/libselinux.so.1' to LIBS
2023-06-30 03:25:31.252844982 Adding required library '/lib64/libsepol.so.1' to LIBS
2023-06-30 03:25:31.258286782 Adding required library '/lib64/libsmime3.so' to LIBS
2023-06-30 03:25:31.263726369 Adding required library '/lib64/libssh2.so.1' to LIBS
2023-06-30 03:25:31.272589808 Adding required library '/lib64/libssl3.so' to LIBS
2023-06-30 03:25:31.278820794 Adding required library '/lib64/libsystemd.so.0' to LIBS
2023-06-30 03:25:31.284316998 Adding required library '/lib64/libudev.so.1' to LIBS
2023-06-30 03:25:31.289938557 Adding required library '/lib64/libusb-1.0.so.0' to LIBS
2023-06-30 03:25:31.295292595 Adding required library '/lib64/libuuid.so.1' to LIBS
2023-06-30 03:25:31.300655829 Adding required library '/lib64/libwacom.so.2' to LIBS
2023-06-30 03:25:31.306627240 Adding required library '/lib64/libz.so.1' to LIBS
2023-06-30 03:25:31.313030012 Adding required library '/usr/lib64/libattr.so.1' to LIBS
2023-06-30 03:25:31.318610332 Adding required library '/usr/lib64/libc.so.6' to LIBS
2023-06-30 03:25:31.324147157 Adding required library '/usr/lib64/libcap.so.2' to LIBS
2023-06-30 03:25:31.329798553 Adding required library '/usr/lib64/libdl.so.2' to LIBS
2023-06-30 03:25:31.335347408 Adding required library '/usr/lib64/libdw.so.1' to LIBS
2023-06-30 03:25:31.341516315 Adding required library '/usr/lib64/libgcc_s.so.1' to LIBS
2023-06-30 03:25:31.347392652 Adding required library '/usr/lib64/libgcrypt.so.11' to LIBS
2023-06-30 03:25:31.352939448 Adding required library '/usr/lib64/libgpg-error.so.0' to LIBS
2023-06-30 03:25:31.358562054 Adding required library '/usr/lib64/libm.so.6' to LIBS
2023-06-30 03:25:31.364131794 Adding required library '/usr/lib64/libmtp.so.9' to LIBS
2023-06-30 03:25:31.369671324 Adding required library '/usr/lib64/libpthread.so.0' to LIBS
2023-06-30 03:25:31.376240189 Adding required library '/usr/lib64/librt.so.1' to LIBS
2023-06-30 03:25:31.382623182 Adding required library '/usr/lib64/libudev.so.1' to LIBS
2023-06-30 03:25:31.388426696 Adding required library '/usr/lib64/libusb-1.0.so.0' to LIBS
2023-06-30 03:25:31.391051852 LIBS = /lib64/libnss_dns-2.17.so /lib64/libnss_dns.so /lib64/libnss_dns.so.2 /lib64/libnss_files-2.17.so /lib64/libnss_files.so /lib64/libnss_files.so.2 /lib64/libgcc_s-4.8.5-20150702.so.1 /lib64/libgcc_s.so.1 /lib64/libresolv-2.17.so /lib64/libresolv.so /lib64/libresolv.so.2 /usr/lib64/rsyslog/imdiag.so /usr/lib64/rsyslog/imfile.so /usr/lib64/rsyslog/imjournal.so /usr/lib64/rsyslog/imklog.so /usr/lib64/rsyslog/immark.so /usr/lib64/rsyslog/impstats.so /usr/lib64/rsyslog/imptcp.so /usr/lib64/rsyslog/imtcp.so /usr/lib64/rsyslog/imudp.so /usr/lib64/rsyslog/imuxsock.so /usr/lib64/rsyslog/lmnet.so /usr/lib64/rsyslog/lmnetstrms.so /usr/lib64/rsyslog/lmnsd_ptcp.so /usr/lib64/rsyslog/lmregexp.so /usr/lib64/rsyslog/lmstrmsrv.so /usr/lib64/rsyslog/lmtcpclt.so /usr/lib64/rsyslog/lmtcpsrv.so /usr/lib64/rsyslog/lmzlibw.so /usr/lib64/rsyslog/mmanon.so /usr/lib64/rsyslog/mmcount.so /usr/lib64/rsyslog/mmexternal.so /usr/lib64/rsyslog/mmutf8fix.so /usr/lib64/rsyslog/omjournal.so /usr/lib64/rsyslog/ommail.so /usr/lib64/rsyslog/omprog.so /usr/lib64/rsyslog/omruleset.so /usr/lib64/rsyslog/omstdout.so /usr/lib64/rsyslog/omtesting.so /usr/lib64/rsyslog/omuxsock.so /usr/lib64/rsyslog/pmaixforwardedfrom.so /usr/lib64/rsyslog/pmcisconames.so /usr/lib64/rsyslog/pmlastmsg.so /usr/lib64/rsyslog/pmrfc3164sd.so /usr/lib64/rsyslog/pmsnare.so /lib64/rsyslog/imdiag.so /lib64/rsyslog/imfile.so /lib64/rsyslog/imjournal.so /lib64/rsyslog/imklog.so /lib64/rsyslog/immark.so /lib64/rsyslog/impstats.so /lib64/rsyslog/imptcp.so /lib64/rsyslog/imtcp.so /lib64/rsyslog/imudp.so /lib64/rsyslog/imuxsock.so /lib64/rsyslog/lmnet.so /lib64/rsyslog/lmnetstrms.so /lib64/rsyslog/lmnsd_ptcp.so /lib64/rsyslog/lmregexp.so /lib64/rsyslog/lmstrmsrv.so /lib64/rsyslog/lmtcpclt.so /lib64/rsyslog/lmtcpsrv.so /lib64/rsyslog/lmzlibw.so /lib64/rsyslog/mmanon.so /lib64/rsyslog/mmcount.so /lib64/rsyslog/mmexternal.so /lib64/rsyslog/mmutf8fix.so /lib64/rsyslog/omjournal.so /lib64/rsyslog/ommail.so /lib64/rsyslog/omprog.so /lib64/rsyslog/omruleset.so /lib64/rsyslog/omstdout.so /lib64/rsyslog/omtesting.so /lib64/rsyslog/omuxsock.so /lib64/rsyslog/pmaixforwardedfrom.so /lib64/rsyslog/pmcisconames.so /lib64/rsyslog/pmlastmsg.so /lib64/rsyslog/pmrfc3164sd.so /lib64/rsyslog/pmsnare.so /lib64/libnsspem.so /usr/lib64/libnsspem.so /lib64/libfreebl3.so /lib64/libfreeblpriv3.so /usr/lib64/libfreebl3.so /usr/lib64/libfreeblpriv3.so /lib64/libnss3.so /usr/lib64/libnss3.so /lib64/libnssutil3.so /usr/lib64/libnssutil3.so /lib64/libsoftokn3.so /usr/lib64/libsoftokn3.so /lib64/libsqlite3.so.0 /lib64/libsqlite3.so.0.8.6 /usr/lib64/libsqlite3.so.0 /usr/lib64/libsqlite3.so.0.8.6 /lib64/libfreeblpriv3.so /usr/lib64/libfreeblpriv3.so /lib64/libssl.so /lib64/libssl.so.0.9.8e /lib64/libssl.so.1.0.2k /lib64/libssl.so.10 /lib64/libssl.so.6 /usr/lib64/libssl.so /usr/lib64/libssl.so.0.9.8e /usr/lib64/libssl.so.1.0.2k /usr/lib64/libssl.so.10 /usr/lib64/libssl.so.6 /lib64/libnssdbm3.so /usr/lib64/libnssdbm3.so /usr/lib64/libfreeblpriv3.chk /usr/lib64/libfreeblpriv3.so /lib64/ld-linux-x86-64.so.2 /lib64/libacl.so.1 /lib64/libattr.so.1 /lib64/libaudit.so.1 /lib64/libavahi-client.so.3 /lib64/libavahi-common.so.3 /lib64/libblkid.so.1 /lib64/libbz2.so.1 /lib64/libc.so.6 /lib64/libcap-ng.so.0 /lib64/libcap.so.2 /lib64/libcom_err.so.2 /lib64/libcrypt.so.1 /lib64/libcrypto.so.10 /lib64/libcryptsetup.so.12 /lib64/libcups.so.2 /lib64/libcurl.so.4 /lib64/libdbus-1.so.3 /lib64/libdevmapper.so.1.02 /lib64/libdl.so.2 /lib64/libdw.so.1 /lib64/libelf.so.1 /lib64/libffi.so.6 /lib64/libgcrypt.so.11 /lib64/libgio-2.0.so.0 /lib64/libglib-2.0.so.0 /lib64/libgmodule-2.0.so.0 /lib64/libgobject-2.0.so.0 /lib64/libgpg-error.so.0 /lib64/libgssapi_krb5.so.2 /lib64/libgudev-1.0.so.0 /lib64/libidn.so.11 /lib64/libjson-c.so.2 /lib64/libk5crypto.so.3 /lib64/libkeyutils.so.1 /lib64/libkmod.so.2 /lib64/libkrb5.so.3 /lib64/libkrb5support.so.0 /lib64/liblber-2.4.so.2 /lib64/libldap-2.4.so.2 /lib64/liblz4.so.1 /lib64/liblzma.so.5 /lib64/libm.so.6 /lib64/libmount.so.1 /lib64/libnspr4.so /lib64/libpcre.so.1 /lib64/libplc4.so /lib64/libplds4.so /lib64/libpthread.so.0 /lib64/librt.so.1 /lib64/libsasl2.so.3 /lib64/libselinux.so.1 /lib64/libsepol.so.1 /lib64/libsmime3.so /lib64/libssh2.so.1 /lib64/libssl3.so /lib64/libsystemd.so.0 /lib64/libudev.so.1 /lib64/libusb-1.0.so.0 /lib64/libuuid.so.1 /lib64/libwacom.so.2 /lib64/libz.so.1 /usr/lib64/libattr.so.1 /usr/lib64/libc.so.6 /usr/lib64/libcap.so.2 /usr/lib64/libdl.so.2 /usr/lib64/libdw.so.1 /usr/lib64/libgcc_s.so.1 /usr/lib64/libgcrypt.so.11 /usr/lib64/libgpg-error.so.0 /usr/lib64/libm.so.6 /usr/lib64/libmtp.so.9 /usr/lib64/libpthread.so.0 /usr/lib64/librt.so.1 /usr/lib64/libudev.so.1 /usr/lib64/libusb-1.0.so.0
2023-06-30 03:25:31.392990264 Copying ReaR configuration directory
'/etc/rear/./cert' -> '/tmp/rear.hvWqMGkcXVEGC9y/rootfs/etc/rear/./cert'
'/etc/rear/./os.conf' -> '/tmp/rear.hvWqMGkcXVEGC9y/rootfs/etc/rear/./os.conf'
'/etc/rear/./local.conf' -> '/tmp/rear.hvWqMGkcXVEGC9y/rootfs/etc/rear/./local.conf'
2023-06-30 03:25:31.401855454 Including build/GNU/Linux/110_touch_empty_files.sh
2023-06-30 03:25:31.412871875 Including build/GNU/Linux/130_create_dotfiles.sh
mode of '/tmp/rear.hvWqMGkcXVEGC9y/rootfs/root/.bash_history' retained as 0644 (rw-r--r--)
2023-06-30 03:25:31.421206684 Including build/GNU/Linux/150_adjust_permissions.sh
mode of 'root' changed from 0755 (rwxr-xr-x) to 0700 (rwx------)
mode of 'var/empty' retained as 0755 (rwxr-xr-x)
mode of 'var/lib/empty' retained as 0755 (rwxr-xr-x)
ownership of 'root/.bash_history' retained as root:root
ownership of 'root' retained as root:root
ownership of 'var/empty/sshd' retained as root:root
ownership of 'var/empty' retained as root:root
ownership of 'var/lib/empty' retained as root:root
2023-06-30 03:25:31.429725619 Including build/GNU/Linux/390_copy_binaries_libraries.sh
2023-06-30 03:25:31.431462961 Copying binaries and libraries
2023-06-30 03:25:31.433453849 Determining binaries from PROGS and REQUIRED_PROGS
2023-06-30 03:25:31.440907282 Found binary /sbin/partprobe
2023-06-30 03:25:31.444290792 Found binary /sbin/fdisk
2023-06-30 03:25:31.447290303 Found binary /sbin/cfdisk
2023-06-30 03:25:31.450086251 Found binary /sbin/sfdisk
2023-06-30 03:25:31.453031657 Found binary /sbin/rpc.statd
2023-06-30 03:25:31.457298161 Found binary /sbin/rpcbind
2023-06-30 03:25:31.460494723 Found binary /bin/bash
2023-06-30 03:25:31.463484816 Found binary /bin/mknod
2023-06-30 03:25:31.466322863 Found binary /sbin/blkid
2023-06-30 03:25:31.478764109 Found binary /bin/readlink
2023-06-30 03:25:31.481750564 Found binary /sbin/rpcinfo
2023-06-30 03:25:31.484444337 Found binary /bin/grep
2023-06-30 03:25:31.487484215 Found binary /bin/cat
2023-06-30 03:25:31.490612050 Found binary /bin/tac
2023-06-30 03:25:31.493584747 Found binary /bin/tr
2023-06-30 03:25:31.496458023 Found binary /sbin/reboot
2023-06-30 03:25:31.499332735 Found binary /sbin/halt
2023-06-30 03:25:31.502100730 Found binary /sbin/shutdown
2023-06-30 03:25:31.505694462 Found binary /sbin/killall5
2023-06-30 03:25:31.510032195 Found binary /bin/killall
2023-06-30 03:25:31.514340900 Found binary /sbin/chroot
2023-06-30 03:25:31.518291072 Found binary /bin/tee
2023-06-30 03:25:31.521314651 Found binary /bin/awk
2023-06-30 03:25:31.524105164 Found binary /sbin/ip
2023-06-30 03:25:31.527065463 Found binary /sbin/ifconfig
2023-06-30 03:25:31.530162174 Found binary /bin/nslookup
2023-06-30 03:25:31.535521668 Found binary /sbin/route
2023-06-30 03:25:31.539996504 Found binary /sbin/ifenslave
2023-06-30 03:25:31.544799552 Found binary /sbin/nameif
2023-06-30 03:25:31.550549708 Found binary /sbin/rsyslogd
2023-06-30 03:25:31.553474723 Found binary /bin/echo
2023-06-30 03:25:31.557126362 Found binary /bin/cp
2023-06-30 03:25:31.560089692 Found binary /bin/date
2023-06-30 03:25:31.562870873 Found binary /bin/wc
2023-06-30 03:25:31.565596409 Found binary /bin/cut
2023-06-30 03:25:31.568401997 Found binary /bin/rm
2023-06-30 03:25:31.571450449 Found binary /bin/rmdir
2023-06-30 03:25:31.574829718 Found binary /bin/test
2023-06-30 03:25:31.578299069 Found binary /sbin/init
2023-06-30 03:25:31.581215122 Found binary /sbin/telinit
2023-06-30 03:25:31.583950008 Found binary /sbin/ethtool
2023-06-30 03:25:31.586727409 Found binary /bin/expand
2023-06-30 03:25:31.589580165 Found binary /bin/sed
2023-06-30 03:25:31.592309808 Found binary /bin/mount
2023-06-30 03:25:31.594986864 Found binary /bin/umount
2023-06-30 03:25:31.598829066 Found binary /sbin/insmod
2023-06-30 03:25:31.606080926 Found binary /sbin/modprobe
2023-06-30 03:25:31.611273899 Found binary /sbin/lsmod
2023-06-30 03:25:31.618532881 Found binary /bin/true
2023-06-30 03:25:31.623176034 Found binary /bin/false
2023-06-30 03:25:31.629073255 Found binary /sbin/agetty
2023-06-30 03:25:31.633472833 Found binary /sbin/rmmod
2023-06-30 03:25:31.638301494 Found binary /bin/hostname
2023-06-30 03:25:31.647493243 Found binary /bin/uname
2023-06-30 03:25:31.650587917 Found binary /bin/sleep
2023-06-30 03:25:31.654325531 Found binary /bin/logger
2023-06-30 03:25:31.658557620 Found binary /bin/ps
2023-06-30 03:25:31.662562562 Found binary /bin/pstree
2023-06-30 03:25:31.665772505 Found binary /bin/ln
2023-06-30 03:25:31.670118720 Found binary /bin/dirname
2023-06-30 03:25:31.678451759 Found binary /bin/basename
2023-06-30 03:25:31.682013526 Found binary /bin/mkdir
2023-06-30 03:25:31.686047805 Found binary /bin/tty
2023-06-30 03:25:31.690165985 Found binary /bin/ping
2023-06-30 03:25:31.693637604 Found binary /bin/netstat
2023-06-30 03:25:31.699901311 Found binary /bin/free
2023-06-30 03:25:31.703730783 Found binary /bin/traceroute
2023-06-30 03:25:31.707500897 Found binary /bin/less
2023-06-30 03:25:31.711450248 Found binary /bin/vi
2023-06-30 03:25:31.715397809 Found binary /bin/nano
2023-06-30 03:25:31.718440410 Found binary /sbin/rmmod
2023-06-30 03:25:31.721664357 Found binary /bin/df
2023-06-30 03:25:31.724528459 Found binary /bin/ls
2023-06-30 03:25:31.727662984 Found binary /bin/dmesg
2023-06-30 03:25:31.730493531 Found binary /bin/du
2023-06-30 03:25:31.733310443 Found binary /bin/tar
2023-06-30 03:25:31.736166184 Found binary /bin/gzip
2023-06-30 03:25:31.741120533 Found binary /bin/curl
2023-06-30 03:25:31.744792224 Found binary /bin/top
2023-06-30 03:25:31.751341021 Found binary /bin/getent
2023-06-30 03:25:31.754338434 Found binary /bin/id
2023-06-30 03:25:31.757268191 Found binary /bin/ldd
2023-06-30 03:25:31.760116052 Found binary /bin/strace
2023-06-30 03:25:31.763080659 Found binary /bin/rsync
2023-06-30 03:25:31.765877942 Found binary /bin/tail
2023-06-30 03:25:31.768743940 Found binary /bin/head
2023-06-30 03:25:31.771755622 Found binary /bin/find
2023-06-30 03:25:31.775046446 Found binary /bin/md5sum
2023-06-30 03:25:31.778686179 Found binary /sbin/mkfs
2023-06-30 03:25:31.781729690 Found binary /sbin/mkfs.ext2
2023-06-30 03:25:31.784467891 Found binary /sbin/mkfs.ext3
2023-06-30 03:25:31.787438191 Found binary /sbin/mkfs.ext4
2023-06-30 03:25:31.792675505 Found binary /sbin/mkfs.xfs
2023-06-30 03:25:31.796540151 Found binary /sbin/mkfs.vfat
2023-06-30 03:25:31.799349162 Found binary /sbin/mkfs.btrfs
2023-06-30 03:25:31.803246759 Found binary /sbin/fsck
2023-06-30 03:25:31.808618230 Found binary /sbin/fsck.ext2
2023-06-30 03:25:31.813344549 Found binary /sbin/fsck.ext3
2023-06-30 03:25:31.816089950 Found binary /sbin/fsck.ext4
2023-06-30 03:25:31.821119532 Found binary /sbin/fsck.xfs
2023-06-30 03:25:31.826080568 Found binary /sbin/fsck.btrfs
2023-06-30 03:25:31.828914052 Found binary /bin/findmnt
2023-06-30 03:25:31.831754758 Found binary /sbin/btrfsck
2023-06-30 03:25:31.834477097 Found binary /sbin/tune2fs
2023-06-30 03:25:31.838284955 Found binary /sbin/xfs_admin
2023-06-30 03:25:31.842088268 Found binary /sbin/xfs_db
2023-06-30 03:25:31.845592841 Found binary /sbin/xfs_repair
2023-06-30 03:25:31.848445249 Found binary /sbin/xfs_info
2023-06-30 03:25:31.851193673 Found binary /sbin/xfs_growfs
2023-06-30 03:25:31.854109113 Found binary /sbin/btrfs
2023-06-30 03:25:31.858657810 Found binary /bin/expr
2023-06-30 03:25:31.861483129 Found binary /bin/egrep
2023-06-30 03:25:31.864802092 Found binary /bin/grep
2023-06-30 03:25:31.869201836 Found binary /bin/fgrep
2023-06-30 03:25:31.873585507 Found binary /bin/chmod
2023-06-30 03:25:31.876814725 Found binary /bin/chown
2023-06-30 03:25:31.879864665 Found binary /bin/stat
2023-06-30 03:25:31.882599384 Found binary /sbin/mkswap
2023-06-30 03:25:31.885385127 Found binary /sbin/swapon
2023-06-30 03:25:31.888379349 Found binary /sbin/swapoff
2023-06-30 03:25:31.891257806 Found binary /bin/mknod
2023-06-30 03:25:31.895279468 Found binary /bin/touch
2023-06-30 03:25:31.898789353 Found binary /lib/udev/scsi_id
2023-06-30 03:25:31.901969663 Found binary /bin/lsscsi
2023-06-30 03:25:31.908199602 Found binary /sbin/lspci
2023-06-30 03:25:31.911543371 Found binary /bin/usleep
2023-06-30 03:25:31.915570029 Found binary /bin/mktemp
2023-06-30 03:25:31.918465493 Found binary /bin/true
2023-06-30 03:25:31.921630107 Found binary /bin/strace
2023-06-30 03:25:31.924511840 Found binary /bin/which
2023-06-30 03:25:31.927380782 Found binary /bin/mkfifo
2023-06-30 03:25:31.930190238 Found binary /bin/seq
2023-06-30 03:25:31.933038932 Found binary /bin/openvt
2023-06-30 03:25:31.936104977 Found binary /sbin/poweroff
2023-06-30 03:25:31.939595904 Found binary /bin/chacl
2023-06-30 03:25:31.942893492 Found binary /bin/getfacl
2023-06-30 03:25:31.946247909 Found binary /bin/setfacl
2023-06-30 03:25:31.949095090 Found binary /bin/attr
2023-06-30 03:25:31.951904759 Found binary /bin/getfattr
2023-06-30 03:25:31.954855595 Found binary /bin/setfattr
2023-06-30 03:25:31.958727476 Found binary /bin/strings
2023-06-30 03:25:31.961479324 Found binary /bin/xargs
2023-06-30 03:25:31.964179102 Found binary /bin/sg_inq
2023-06-30 03:25:31.966932487 Found binary /bin/env
2023-06-30 03:25:31.969704362 Found binary /bin/w
2023-06-30 03:25:31.973294408 Found binary /sbin/dosfslabel
2023-06-30 03:25:31.976602151 Found binary /sbin/sysctl
2023-06-30 03:25:31.980004630 Found binary /sbin/blockdev
2023-06-30 03:25:31.983059454 Found binary /bin/lsblk
2023-06-30 03:25:31.986213897 Found binary /sbin/showmount
2023-06-30 03:25:31.991265638 Found binary /bin/tar
2023-06-30 03:25:31.994002607 Found binary /bin/gzip
2023-06-30 03:25:31.996708939 Found binary /bin/bzip2
2023-06-30 03:25:32.000505349 Found binary /bin/xz
2023-06-30 03:25:32.005414263 Found binary /bin/getfattr
2023-06-30 03:25:32.009431630 Found binary /bin/setfattr
2023-06-30 03:25:32.012832873 Found binary /sbin/getcap
2023-06-30 03:25:32.015691597 Found binary /sbin/setcap
2023-06-30 03:25:32.018479694 Found binary /bin/getfacl
2023-06-30 03:25:32.021374468 Found binary /bin/setfacl
2023-06-30 03:25:32.024459549 Found binary /sbin/arping
2023-06-30 03:25:32.027216177 Found binary /bin/ipcalc
2023-06-30 03:25:32.030031815 Found binary /bin/usleep
2023-06-30 03:25:32.032814560 Found binary /sbin/dhclient
2023-06-30 03:25:32.035516662 Found binary /sbin/dhclient
2023-06-30 03:25:32.043637638 Found binary /sbin/lvm
2023-06-30 03:25:32.046817598 Found binary /sbin/dmsetup
2023-06-30 03:25:32.050022321 Found binary /sbin/dmeventd
2023-06-30 03:25:32.052974807 Found binary /sbin/fsadm
2023-06-30 03:25:32.057092477 Found binary /sbin/agetty
2023-06-30 03:25:32.059927615 Found binary /bin/systemctl
2023-06-30 03:25:32.062949770 Found binary /bin/systemd-notify
2023-06-30 03:25:32.065675525 Found binary /bin/systemd-ask-password
2023-06-30 03:25:32.070569016 Found binary /bin/journalctl
2023-06-30 03:25:32.074117398 Found binary /bin/dbus-uuidgen
2023-06-30 03:25:32.077724782 Found binary /bin/dbus-daemon
2023-06-30 03:25:32.080673705 Found binary /bin/dbus-send
2023-06-30 03:25:32.084532977 Found binary /bin/systemd-tmpfiles
2023-06-30 03:25:32.088468069 Found binary /sbin/grub2-bios-setup
2023-06-30 03:25:32.092155871 Found binary /sbin/grub2-install
2023-06-30 03:25:32.095719778 Found binary /sbin/grub2-mkconfig
2023-06-30 03:25:32.101048512 Found binary /bin/grub2-mkimage
2023-06-30 03:25:32.105052808 Found binary /bin/grub2-mkpasswd-pbkdf2
2023-06-30 03:25:32.109457347 Found binary /bin/grub2-mkrelpath
2023-06-30 03:25:32.113591560 Found binary /sbin/grub2-probe
2023-06-30 03:25:32.117395834 Found binary /sbin/grub2-reboot
2023-06-30 03:25:32.121225324 Found binary /sbin/grub2-set-default
2023-06-30 03:25:32.125852286 Found binary /lib/udev/ata_id
2023-06-30 03:25:32.128676775 Found binary /lib/udev/cdrom_id
2023-06-30 03:25:32.133091526 Found binary /lib/udev/scsi_id
2023-06-30 03:25:32.139041142 Found binary /sbin/udevadm
2023-06-30 03:25:32.148883903 Found binary /sbin/kpartx
2023-06-30 03:25:32.152446762 Found binary /sbin/biosdevname
2023-06-30 03:25:32.155650148 Found binary /bin/ssh
2023-06-30 03:25:32.158814936 Found binary /sbin/sshd
2023-06-30 03:25:32.161773324 Found binary /bin/scp
2023-06-30 03:25:32.164691441 Found binary /bin/sftp
2023-06-30 03:25:32.167821193 Found binary /bin/ssh-agent
2023-06-30 03:25:32.171062872 Found binary /bin/ssh-keygen
2023-06-30 03:25:32.174430141 Found binary /usr/libexec/openssh/sftp-server
2023-06-30 03:25:32.178647601 Found binary /usr/sbin/rear
2023-06-30 03:25:32.181449439 Found binary /bin/bash
2023-06-30 03:25:32.184175822 Found binary /bin/awk
2023-06-30 03:25:32.186997154 Found binary /bin/cpio
2023-06-30 03:25:32.190018222 Found binary /bin/dd
2023-06-30 03:25:32.192758678 Found binary /bin/df
2023-06-30 03:25:32.195451104 Found binary /bin/getopt
2023-06-30 03:25:32.198406982 Found binary /sbin/ip
2023-06-30 03:25:32.201101479 Found binary /bin/tar
2023-06-30 03:25:32.203792185 Found binary /bin/sort
2023-06-30 03:25:32.209793338 Found binary /bin/mv
2023-06-30 03:25:32.212945333 Found binary /bin/uniq
2023-06-30 03:25:32.215712885 Found binary /bin/grep
2023-06-30 03:25:32.218547606 Found binary /bin/loadkeys
2023-06-30 03:25:32.221553677 Found binary /bin/kbd_mode
2023-06-30 03:25:32.224305334 Found binary /bin/dumpkeys
2023-06-30 03:25:32.227070682 Found binary /bin/diff
2023-06-30 03:25:32.229963241 Found binary /bin/cmp
2023-06-30 03:25:32.232677420 Found binary /bin/join
2023-06-30 03:25:32.235347007 Found binary /bin/pwd
2023-06-30 03:25:32.238590216 Found binary /bin/file
2023-06-30 03:25:32.242292759 Found binary /sbin/pidof
2023-06-30 03:25:32.246152409 Found binary /bin/sync
2023-06-30 03:25:32.249130436 Found binary /bin/strings
2023-06-30 03:25:32.251832311 Found binary /bin/bc
2023-06-30 03:25:32.254593136 Found binary /sbin/sfdisk
2023-06-30 03:25:32.257396496 Found binary /sbin/parted
2023-06-30 03:25:32.260169604 Found binary /sbin/agetty
2023-06-30 03:25:32.262917290 Found binary /bin/stty
2023-06-30 03:25:32.265678832 Found binary /sbin/dhclient
2023-06-30 03:25:32.268839969 Found binary /sbin/wipefs
2023-06-30 03:25:32.272803755 Found binary /sbin/cryptsetup
2023-06-30 03:25:32.276360930 Found binary /sbin/dmsetup
2023-06-30 03:25:32.279823338 Found binary /sbin/ldconfig
2023-06-30 03:25:32.282873943 Binaries being copied: /bin/attr /bin/awk /bin/basename /bin/bash /bin/bc /bin/bzip2 /bin/cat /bin/chacl /bin/chmod /bin/chown /bin/cmp /bin/cp /bin/cpio /bin/curl /bin/cut /bin/date /bin/dbus-daemon /bin/dbus-send /bin/dbus-uuidgen /bin/dd /bin/df /bin/diff /bin/dirname /bin/dmesg /bin/du /bin/dumpkeys /bin/echo /bin/egrep /bin/env /bin/expand /bin/expr /bin/false /bin/fgrep /bin/file /bin/find /bin/findmnt /bin/free /bin/getent /bin/getfacl /bin/getfattr /bin/getopt /bin/grep /bin/grub2-mkimage /bin/grub2-mkpasswd-pbkdf2 /bin/grub2-mkrelpath /bin/gzip /bin/head /bin/hostname /bin/id /bin/ipcalc /bin/join /bin/journalctl /bin/kbd_mode /bin/killall /bin/ldd /bin/less /bin/ln /bin/loadkeys /bin/logger /bin/ls /bin/lsblk /bin/lsscsi /bin/md5sum /bin/mkdir /bin/mkfifo /bin/mknod /bin/mktemp /bin/mount /bin/mv /bin/nano /bin/netstat /bin/nslookup /bin/openvt /bin/ping /bin/ps /bin/pstree /bin/pwd /bin/readlink /bin/rm /bin/rmdir /bin/rsync /bin/scp /bin/sed /bin/seq /bin/setfacl /bin/setfattr /bin/sftp /bin/sg_inq /bin/sleep /bin/sort /bin/ssh /bin/ssh-agent /bin/ssh-keygen /bin/stat /bin/strace /bin/strings /bin/stty /bin/sync /bin/systemctl /bin/systemd-ask-password /bin/systemd-notify /bin/systemd-tmpfiles /bin/tac /bin/tail /bin/tar /bin/tee /bin/test /bin/top /bin/touch /bin/tr /bin/traceroute /bin/true /bin/tty /bin/umount /bin/uname /bin/uniq /bin/usleep /bin/vi /bin/w /bin/wc /bin/which /bin/xargs /bin/xz /lib/udev/ata_id /lib/udev/cdrom_id /lib/udev/scsi_id /sbin/agetty /sbin/arping /sbin/biosdevname /sbin/blkid /sbin/blockdev /sbin/btrfs /sbin/btrfsck /sbin/cfdisk /sbin/chroot /sbin/cryptsetup /sbin/dhclient /sbin/dmeventd /sbin/dmsetup /sbin/dosfslabel /sbin/ethtool /sbin/fdisk /sbin/fsadm /sbin/fsck /sbin/fsck.btrfs /sbin/fsck.ext2 /sbin/fsck.ext3 /sbin/fsck.ext4 /sbin/fsck.xfs /sbin/getcap /sbin/grub2-bios-setup /sbin/grub2-install /sbin/grub2-mkconfig /sbin/grub2-probe /sbin/grub2-reboot /sbin/grub2-set-default /sbin/halt /sbin/ifconfig /sbin/ifenslave /sbin/init /sbin/insmod /sbin/ip /sbin/killall5 /sbin/kpartx /sbin/ldconfig /sbin/lsmod /sbin/lspci /sbin/lvm /sbin/mkfs /sbin/mkfs.btrfs /sbin/mkfs.ext2 /sbin/mkfs.ext3 /sbin/mkfs.ext4 /sbin/mkfs.vfat /sbin/mkfs.xfs /sbin/mkswap /sbin/modprobe /sbin/nameif /sbin/parted /sbin/partprobe /sbin/pidof /sbin/poweroff /sbin/reboot /sbin/rmmod /sbin/route /sbin/rpc.statd /sbin/rpcbind /sbin/rpcinfo /sbin/rsyslogd /sbin/setcap /sbin/sfdisk /sbin/showmount /sbin/shutdown /sbin/sshd /sbin/swapoff /sbin/swapon /sbin/sysctl /sbin/telinit /sbin/tune2fs /sbin/udevadm /sbin/wipefs /sbin/xfs_admin /sbin/xfs_db /sbin/xfs_growfs /sbin/xfs_info /sbin/xfs_repair /usr/libexec/openssh/sftp-server /usr/sbin/rear
'/bin/attr' -> '/tmp/rear.hvWqMGkcXVEGC9y/rootfs/bin/attr'
'/bin/awk' -> '/tmp/rear.hvWqMGkcXVEGC9y/rootfs/bin/awk'
'/bin/basename' -> '/tmp/rear.hvWqMGkcXVEGC9y/rootfs/bin/basename'
'/bin/bash' -> '/tmp/rear.hvWqMGkcXVEGC9y/rootfs/bin/bash'
'/bin/bc' -> '/tmp/rear.hvWqMGkcXVEGC9y/rootfs/bin/bc'
'/bin/bzip2' -> '/tmp/rear.hvWqMGkcXVEGC9y/rootfs/bin/bzip2'
'/bin/cat' -> '/tmp/rear.hvWqMGkcXVEGC9y/rootfs/bin/cat'
'/bin/chacl' -> '/tmp/rear.hvWqMGkcXVEGC9y/rootfs/bin/chacl'
'/bin/chmod' -> '/tmp/rear.hvWqMGkcXVEGC9y/rootfs/bin/chmod'
'/bin/chown' -> '/tmp/rear.hvWqMGkcXVEGC9y/rootfs/bin/chown'
'/bin/cmp' -> '/tmp/rear.hvWqMGkcXVEGC9y/rootfs/bin/cmp'
'/bin/cp' -> '/tmp/rear.hvWqMGkcXVEGC9y/rootfs/bin/cp'
'/bin/cpio' -> '/tmp/rear.hvWqMGkcXVEGC9y/rootfs/bin/cpio'
'/bin/curl' -> '/tmp/rear.hvWqMGkcXVEGC9y/rootfs/bin/curl'
'/bin/cut' -> '/tmp/rear.hvWqMGkcXVEGC9y/rootfs/bin/cut'
'/bin/date' -> '/tmp/rear.hvWqMGkcXVEGC9y/rootfs/bin/date'
'/bin/dbus-daemon' -> '/tmp/rear.hvWqMGkcXVEGC9y/rootfs/bin/dbus-daemon'
'/bin/dbus-send' -> '/tmp/rear.hvWqMGkcXVEGC9y/rootfs/bin/dbus-send'
'/bin/dbus-uuidgen' -> '/tmp/rear.hvWqMGkcXVEGC9y/rootfs/bin/dbus-uuidgen'
'/bin/dd' -> '/tmp/rear.hvWqMGkcXVEGC9y/rootfs/bin/dd'
'/bin/df' -> '/tmp/rear.hvWqMGkcXVEGC9y/rootfs/bin/df'
'/bin/diff' -> '/tmp/rear.hvWqMGkcXVEGC9y/rootfs/bin/diff'
'/bin/dirname' -> '/tmp/rear.hvWqMGkcXVEGC9y/rootfs/bin/dirname'
'/bin/dmesg' -> '/tmp/rear.hvWqMGkcXVEGC9y/rootfs/bin/dmesg'
'/bin/du' -> '/tmp/rear.hvWqMGkcXVEGC9y/rootfs/bin/du'
'/bin/dumpkeys' -> '/tmp/rear.hvWqMGkcXVEGC9y/rootfs/bin/dumpkeys'
'/bin/echo' -> '/tmp/rear.hvWqMGkcXVEGC9y/rootfs/bin/echo'
'/bin/egrep' -> '/tmp/rear.hvWqMGkcXVEGC9y/rootfs/bin/egrep'
'/bin/env' -> '/tmp/rear.hvWqMGkcXVEGC9y/rootfs/bin/env'
'/bin/expand' -> '/tmp/rear.hvWqMGkcXVEGC9y/rootfs/bin/expand'
'/bin/expr' -> '/tmp/rear.hvWqMGkcXVEGC9y/rootfs/bin/expr'
'/bin/false' -> '/tmp/rear.hvWqMGkcXVEGC9y/rootfs/bin/false'
'/bin/fgrep' -> '/tmp/rear.hvWqMGkcXVEGC9y/rootfs/bin/fgrep'
'/bin/file' -> '/tmp/rear.hvWqMGkcXVEGC9y/rootfs/bin/file'
'/bin/find' -> '/tmp/rear.hvWqMGkcXVEGC9y/rootfs/bin/find'
'/bin/findmnt' -> '/tmp/rear.hvWqMGkcXVEGC9y/rootfs/bin/findmnt'
'/bin/free' -> '/tmp/rear.hvWqMGkcXVEGC9y/rootfs/bin/free'
'/bin/getent' -> '/tmp/rear.hvWqMGkcXVEGC9y/rootfs/bin/getent'
'/bin/getfacl' -> '/tmp/rear.hvWqMGkcXVEGC9y/rootfs/bin/getfacl'
'/bin/getfattr' -> '/tmp/rear.hvWqMGkcXVEGC9y/rootfs/bin/getfattr'
'/bin/getopt' -> '/tmp/rear.hvWqMGkcXVEGC9y/rootfs/bin/getopt'
'/bin/grep' -> '/tmp/rear.hvWqMGkcXVEGC9y/rootfs/bin/grep'
'/bin/grub2-mkimage' -> '/tmp/rear.hvWqMGkcXVEGC9y/rootfs/bin/grub2-mkimage'
'/bin/grub2-mkpasswd-pbkdf2' -> '/tmp/rear.hvWqMGkcXVEGC9y/rootfs/bin/grub2-mkpasswd-pbkdf2'
'/bin/grub2-mkrelpath' -> '/tmp/rear.hvWqMGkcXVEGC9y/rootfs/bin/grub2-mkrelpath'
'/bin/gzip' -> '/tmp/rear.hvWqMGkcXVEGC9y/rootfs/bin/gzip'
'/bin/head' -> '/tmp/rear.hvWqMGkcXVEGC9y/rootfs/bin/head'
'/bin/hostname' -> '/tmp/rear.hvWqMGkcXVEGC9y/rootfs/bin/hostname'
'/bin/id' -> '/tmp/rear.hvWqMGkcXVEGC9y/rootfs/bin/id'
'/bin/ipcalc' -> '/tmp/rear.hvWqMGkcXVEGC9y/rootfs/bin/ipcalc'
'/bin/join' -> '/tmp/rear.hvWqMGkcXVEGC9y/rootfs/bin/join'
'/bin/journalctl' -> '/tmp/rear.hvWqMGkcXVEGC9y/rootfs/bin/journalctl'
'/bin/kbd_mode' -> '/tmp/rear.hvWqMGkcXVEGC9y/rootfs/bin/kbd_mode'
'/bin/killall' -> '/tmp/rear.hvWqMGkcXVEGC9y/rootfs/bin/killall'
'/bin/ldd' -> '/tmp/rear.hvWqMGkcXVEGC9y/rootfs/bin/ldd'
'/bin/less' -> '/tmp/rear.hvWqMGkcXVEGC9y/rootfs/bin/less'
'/bin/ln' -> '/tmp/rear.hvWqMGkcXVEGC9y/rootfs/bin/ln'
'/bin/loadkeys' -> '/tmp/rear.hvWqMGkcXVEGC9y/rootfs/bin/loadkeys'
'/bin/logger' -> '/tmp/rear.hvWqMGkcXVEGC9y/rootfs/bin/logger'
'/bin/ls' -> '/tmp/rear.hvWqMGkcXVEGC9y/rootfs/bin/ls'
'/bin/lsblk' -> '/tmp/rear.hvWqMGkcXVEGC9y/rootfs/bin/lsblk'
'/bin/lsscsi' -> '/tmp/rear.hvWqMGkcXVEGC9y/rootfs/bin/lsscsi'
'/bin/md5sum' -> '/tmp/rear.hvWqMGkcXVEGC9y/rootfs/bin/md5sum'
'/bin/mkdir' -> '/tmp/rear.hvWqMGkcXVEGC9y/rootfs/bin/mkdir'
'/bin/mkfifo' -> '/tmp/rear.hvWqMGkcXVEGC9y/rootfs/bin/mkfifo'
'/bin/mknod' -> '/tmp/rear.hvWqMGkcXVEGC9y/rootfs/bin/mknod'
'/bin/mktemp' -> '/tmp/rear.hvWqMGkcXVEGC9y/rootfs/bin/mktemp'
'/bin/mount' -> '/tmp/rear.hvWqMGkcXVEGC9y/rootfs/bin/mount'
'/bin/mv' -> '/tmp/rear.hvWqMGkcXVEGC9y/rootfs/bin/mv'
'/bin/nano' -> '/tmp/rear.hvWqMGkcXVEGC9y/rootfs/bin/nano'
'/bin/netstat' -> '/tmp/rear.hvWqMGkcXVEGC9y/rootfs/bin/netstat'
'/bin/nslookup' -> '/tmp/rear.hvWqMGkcXVEGC9y/rootfs/bin/nslookup'
'/bin/openvt' -> '/tmp/rear.hvWqMGkcXVEGC9y/rootfs/bin/openvt'
'/bin/ping' -> '/tmp/rear.hvWqMGkcXVEGC9y/rootfs/bin/ping'
'/bin/ps' -> '/tmp/rear.hvWqMGkcXVEGC9y/rootfs/bin/ps'
'/bin/pstree' -> '/tmp/rear.hvWqMGkcXVEGC9y/rootfs/bin/pstree'
'/bin/pwd' -> '/tmp/rear.hvWqMGkcXVEGC9y/rootfs/bin/pwd'
'/bin/readlink' -> '/tmp/rear.hvWqMGkcXVEGC9y/rootfs/bin/readlink'
'/bin/rm' -> '/tmp/rear.hvWqMGkcXVEGC9y/rootfs/bin/rm'
'/bin/rmdir' -> '/tmp/rear.hvWqMGkcXVEGC9y/rootfs/bin/rmdir'
'/bin/rsync' -> '/tmp/rear.hvWqMGkcXVEGC9y/rootfs/bin/rsync'
'/bin/scp' -> '/tmp/rear.hvWqMGkcXVEGC9y/rootfs/bin/scp'
'/bin/sed' -> '/tmp/rear.hvWqMGkcXVEGC9y/rootfs/bin/sed'
'/bin/seq' -> '/tmp/rear.hvWqMGkcXVEGC9y/rootfs/bin/seq'
'/bin/setfacl' -> '/tmp/rear.hvWqMGkcXVEGC9y/rootfs/bin/setfacl'
'/bin/setfattr' -> '/tmp/rear.hvWqMGkcXVEGC9y/rootfs/bin/setfattr'
'/bin/sftp' -> '/tmp/rear.hvWqMGkcXVEGC9y/rootfs/bin/sftp'
'/bin/sg_inq' -> '/tmp/rear.hvWqMGkcXVEGC9y/rootfs/bin/sg_inq'
'/bin/sleep' -> '/tmp/rear.hvWqMGkcXVEGC9y/rootfs/bin/sleep'
'/bin/sort' -> '/tmp/rear.hvWqMGkcXVEGC9y/rootfs/bin/sort'
'/bin/ssh' -> '/tmp/rear.hvWqMGkcXVEGC9y/rootfs/bin/ssh'
'/bin/ssh-agent' -> '/tmp/rear.hvWqMGkcXVEGC9y/rootfs/bin/ssh-agent'
'/bin/ssh-keygen' -> '/tmp/rear.hvWqMGkcXVEGC9y/rootfs/bin/ssh-keygen'
'/bin/stat' -> '/tmp/rear.hvWqMGkcXVEGC9y/rootfs/bin/stat'
'/bin/strace' -> '/tmp/rear.hvWqMGkcXVEGC9y/rootfs/bin/strace'
'/bin/strings' -> '/tmp/rear.hvWqMGkcXVEGC9y/rootfs/bin/strings'
'/bin/stty' -> '/tmp/rear.hvWqMGkcXVEGC9y/rootfs/bin/stty'
'/bin/sync' -> '/tmp/rear.hvWqMGkcXVEGC9y/rootfs/bin/sync'
'/bin/systemctl' -> '/tmp/rear.hvWqMGkcXVEGC9y/rootfs/bin/systemctl'
'/bin/systemd-ask-password' -> '/tmp/rear.hvWqMGkcXVEGC9y/rootfs/bin/systemd-ask-password'
'/bin/systemd-notify' -> '/tmp/rear.hvWqMGkcXVEGC9y/rootfs/bin/systemd-notify'
'/bin/systemd-tmpfiles' -> '/tmp/rear.hvWqMGkcXVEGC9y/rootfs/bin/systemd-tmpfiles'
'/bin/tac' -> '/tmp/rear.hvWqMGkcXVEGC9y/rootfs/bin/tac'
'/bin/tail' -> '/tmp/rear.hvWqMGkcXVEGC9y/rootfs/bin/tail'
'/bin/tar' -> '/tmp/rear.hvWqMGkcXVEGC9y/rootfs/bin/tar'
'/bin/tee' -> '/tmp/rear.hvWqMGkcXVEGC9y/rootfs/bin/tee'
'/bin/test' -> '/tmp/rear.hvWqMGkcXVEGC9y/rootfs/bin/test'
'/bin/top' -> '/tmp/rear.hvWqMGkcXVEGC9y/rootfs/bin/top'
'/bin/touch' -> '/tmp/rear.hvWqMGkcXVEGC9y/rootfs/bin/touch'
'/bin/tr' -> '/tmp/rear.hvWqMGkcXVEGC9y/rootfs/bin/tr'
'/bin/traceroute' -> '/tmp/rear.hvWqMGkcXVEGC9y/rootfs/bin/traceroute'
'/bin/true' -> '/tmp/rear.hvWqMGkcXVEGC9y/rootfs/bin/true'
'/bin/tty' -> '/tmp/rear.hvWqMGkcXVEGC9y/rootfs/bin/tty'
'/bin/umount' -> '/tmp/rear.hvWqMGkcXVEGC9y/rootfs/bin/umount'
'/bin/uname' -> '/tmp/rear.hvWqMGkcXVEGC9y/rootfs/bin/uname'
'/bin/uniq' -> '/tmp/rear.hvWqMGkcXVEGC9y/rootfs/bin/uniq'
'/bin/usleep' -> '/tmp/rear.hvWqMGkcXVEGC9y/rootfs/bin/usleep'
'/bin/vi' -> '/tmp/rear.hvWqMGkcXVEGC9y/rootfs/bin/vi'
'/bin/w' -> '/tmp/rear.hvWqMGkcXVEGC9y/rootfs/bin/w'
'/bin/wc' -> '/tmp/rear.hvWqMGkcXVEGC9y/rootfs/bin/wc'
'/bin/which' -> '/tmp/rear.hvWqMGkcXVEGC9y/rootfs/bin/which'
'/bin/xargs' -> '/tmp/rear.hvWqMGkcXVEGC9y/rootfs/bin/xargs'
'/bin/xz' -> '/tmp/rear.hvWqMGkcXVEGC9y/rootfs/bin/xz'
'/lib/udev/ata_id' -> '/tmp/rear.hvWqMGkcXVEGC9y/rootfs/bin/ata_id'
'/lib/udev/cdrom_id' -> '/tmp/rear.hvWqMGkcXVEGC9y/rootfs/bin/cdrom_id'
'/lib/udev/scsi_id' -> '/tmp/rear.hvWqMGkcXVEGC9y/rootfs/bin/scsi_id'
'/sbin/agetty' -> '/tmp/rear.hvWqMGkcXVEGC9y/rootfs/bin/agetty'
'/sbin/arping' -> '/tmp/rear.hvWqMGkcXVEGC9y/rootfs/bin/arping'
'/sbin/biosdevname' -> '/tmp/rear.hvWqMGkcXVEGC9y/rootfs/bin/biosdevname'
'/sbin/blkid' -> '/tmp/rear.hvWqMGkcXVEGC9y/rootfs/bin/blkid'
'/sbin/blockdev' -> '/tmp/rear.hvWqMGkcXVEGC9y/rootfs/bin/blockdev'
'/sbin/btrfs' -> '/tmp/rear.hvWqMGkcXVEGC9y/rootfs/bin/btrfs'
'/sbin/btrfsck' -> '/tmp/rear.hvWqMGkcXVEGC9y/rootfs/bin/btrfsck'
'/sbin/cfdisk' -> '/tmp/rear.hvWqMGkcXVEGC9y/rootfs/bin/cfdisk'
'/sbin/chroot' -> '/tmp/rear.hvWqMGkcXVEGC9y/rootfs/bin/chroot'
'/sbin/cryptsetup' -> '/tmp/rear.hvWqMGkcXVEGC9y/rootfs/bin/cryptsetup'
'/sbin/dhclient' -> '/tmp/rear.hvWqMGkcXVEGC9y/rootfs/bin/dhclient'
'/sbin/dmeventd' -> '/tmp/rear.hvWqMGkcXVEGC9y/rootfs/bin/dmeventd'
'/sbin/dmsetup' -> '/tmp/rear.hvWqMGkcXVEGC9y/rootfs/bin/dmsetup'
'/sbin/dosfslabel' -> '/tmp/rear.hvWqMGkcXVEGC9y/rootfs/bin/dosfslabel'
'/sbin/ethtool' -> '/tmp/rear.hvWqMGkcXVEGC9y/rootfs/bin/ethtool'
'/sbin/fdisk' -> '/tmp/rear.hvWqMGkcXVEGC9y/rootfs/bin/fdisk'
'/sbin/fsadm' -> '/tmp/rear.hvWqMGkcXVEGC9y/rootfs/bin/fsadm'
'/sbin/fsck' -> '/tmp/rear.hvWqMGkcXVEGC9y/rootfs/bin/fsck'
'/sbin/fsck.btrfs' -> '/tmp/rear.hvWqMGkcXVEGC9y/rootfs/bin/fsck.btrfs'
'/sbin/fsck.ext2' -> '/tmp/rear.hvWqMGkcXVEGC9y/rootfs/bin/fsck.ext2'
'/sbin/fsck.ext3' -> '/tmp/rear.hvWqMGkcXVEGC9y/rootfs/bin/fsck.ext3'
'/sbin/fsck.ext4' -> '/tmp/rear.hvWqMGkcXVEGC9y/rootfs/bin/fsck.ext4'
'/sbin/fsck.xfs' -> '/tmp/rear.hvWqMGkcXVEGC9y/rootfs/bin/fsck.xfs'
'/sbin/getcap' -> '/tmp/rear.hvWqMGkcXVEGC9y/rootfs/bin/getcap'
'/sbin/grub2-bios-setup' -> '/tmp/rear.hvWqMGkcXVEGC9y/rootfs/bin/grub2-bios-setup'
'/sbin/grub2-install' -> '/tmp/rear.hvWqMGkcXVEGC9y/rootfs/bin/grub2-install'
'/sbin/grub2-mkconfig' -> '/tmp/rear.hvWqMGkcXVEGC9y/rootfs/bin/grub2-mkconfig'
'/sbin/grub2-probe' -> '/tmp/rear.hvWqMGkcXVEGC9y/rootfs/bin/grub2-probe'
'/sbin/grub2-reboot' -> '/tmp/rear.hvWqMGkcXVEGC9y/rootfs/bin/grub2-reboot'
'/sbin/grub2-set-default' -> '/tmp/rear.hvWqMGkcXVEGC9y/rootfs/bin/grub2-set-default'
'/sbin/halt' -> '/tmp/rear.hvWqMGkcXVEGC9y/rootfs/bin/halt'
'/sbin/ifconfig' -> '/tmp/rear.hvWqMGkcXVEGC9y/rootfs/bin/ifconfig'
'/sbin/ifenslave' -> '/tmp/rear.hvWqMGkcXVEGC9y/rootfs/bin/ifenslave'
'/sbin/init' -> '/tmp/rear.hvWqMGkcXVEGC9y/rootfs/bin/init'
'/sbin/insmod' -> '/tmp/rear.hvWqMGkcXVEGC9y/rootfs/bin/insmod'
'/sbin/ip' -> '/tmp/rear.hvWqMGkcXVEGC9y/rootfs/bin/ip'
'/sbin/killall5' -> '/tmp/rear.hvWqMGkcXVEGC9y/rootfs/bin/killall5'
'/sbin/kpartx' -> '/tmp/rear.hvWqMGkcXVEGC9y/rootfs/bin/kpartx'
'/sbin/ldconfig' -> '/tmp/rear.hvWqMGkcXVEGC9y/rootfs/bin/ldconfig'
'/sbin/lsmod' -> '/tmp/rear.hvWqMGkcXVEGC9y/rootfs/bin/lsmod'
'/sbin/lspci' -> '/tmp/rear.hvWqMGkcXVEGC9y/rootfs/bin/lspci'
'/sbin/lvm' -> '/tmp/rear.hvWqMGkcXVEGC9y/rootfs/bin/lvm'
'/sbin/mkfs' -> '/tmp/rear.hvWqMGkcXVEGC9y/rootfs/bin/mkfs'
'/sbin/mkfs.btrfs' -> '/tmp/rear.hvWqMGkcXVEGC9y/rootfs/bin/mkfs.btrfs'
'/sbin/mkfs.ext2' -> '/tmp/rear.hvWqMGkcXVEGC9y/rootfs/bin/mkfs.ext2'
'/sbin/mkfs.ext3' -> '/tmp/rear.hvWqMGkcXVEGC9y/rootfs/bin/mkfs.ext3'
'/sbin/mkfs.ext4' -> '/tmp/rear.hvWqMGkcXVEGC9y/rootfs/bin/mkfs.ext4'
'/sbin/mkfs.vfat' -> '/tmp/rear.hvWqMGkcXVEGC9y/rootfs/bin/mkfs.vfat'
'/sbin/mkfs.xfs' -> '/tmp/rear.hvWqMGkcXVEGC9y/rootfs/bin/mkfs.xfs'
'/sbin/mkswap' -> '/tmp/rear.hvWqMGkcXVEGC9y/rootfs/bin/mkswap'
'/sbin/modprobe' -> '/tmp/rear.hvWqMGkcXVEGC9y/rootfs/bin/modprobe'
'/sbin/nameif' -> '/tmp/rear.hvWqMGkcXVEGC9y/rootfs/bin/nameif'
'/sbin/parted' -> '/tmp/rear.hvWqMGkcXVEGC9y/rootfs/bin/parted'
'/sbin/partprobe' -> '/tmp/rear.hvWqMGkcXVEGC9y/rootfs/bin/partprobe'
'/sbin/pidof' -> '/tmp/rear.hvWqMGkcXVEGC9y/rootfs/bin/pidof'
'/sbin/poweroff' -> '/tmp/rear.hvWqMGkcXVEGC9y/rootfs/bin/poweroff'
'/sbin/reboot' -> '/tmp/rear.hvWqMGkcXVEGC9y/rootfs/bin/reboot'
'/sbin/rmmod' -> '/tmp/rear.hvWqMGkcXVEGC9y/rootfs/bin/rmmod'
'/sbin/route' -> '/tmp/rear.hvWqMGkcXVEGC9y/rootfs/bin/route'
'/sbin/rpc.statd' -> '/tmp/rear.hvWqMGkcXVEGC9y/rootfs/bin/rpc.statd'
'/sbin/rpcbind' -> '/tmp/rear.hvWqMGkcXVEGC9y/rootfs/bin/rpcbind'
'/sbin/rpcinfo' -> '/tmp/rear.hvWqMGkcXVEGC9y/rootfs/bin/rpcinfo'
'/sbin/rsyslogd' -> '/tmp/rear.hvWqMGkcXVEGC9y/rootfs/bin/rsyslogd'
'/sbin/setcap' -> '/tmp/rear.hvWqMGkcXVEGC9y/rootfs/bin/setcap'
'/sbin/sfdisk' -> '/tmp/rear.hvWqMGkcXVEGC9y/rootfs/bin/sfdisk'
'/sbin/showmount' -> '/tmp/rear.hvWqMGkcXVEGC9y/rootfs/bin/showmount'
'/sbin/shutdown' -> '/tmp/rear.hvWqMGkcXVEGC9y/rootfs/bin/shutdown'
'/sbin/sshd' -> '/tmp/rear.hvWqMGkcXVEGC9y/rootfs/bin/sshd'
'/sbin/swapoff' -> '/tmp/rear.hvWqMGkcXVEGC9y/rootfs/bin/swapoff'
'/sbin/swapon' -> '/tmp/rear.hvWqMGkcXVEGC9y/rootfs/bin/swapon'
'/sbin/sysctl' -> '/tmp/rear.hvWqMGkcXVEGC9y/rootfs/bin/sysctl'
'/sbin/telinit' -> '/tmp/rear.hvWqMGkcXVEGC9y/rootfs/bin/telinit'
'/sbin/tune2fs' -> '/tmp/rear.hvWqMGkcXVEGC9y/rootfs/bin/tune2fs'
'/sbin/udevadm' -> '/tmp/rear.hvWqMGkcXVEGC9y/rootfs/bin/udevadm'
'/sbin/wipefs' -> '/tmp/rear.hvWqMGkcXVEGC9y/rootfs/bin/wipefs'
'/sbin/xfs_admin' -> '/tmp/rear.hvWqMGkcXVEGC9y/rootfs/bin/xfs_admin'
'/sbin/xfs_db' -> '/tmp/rear.hvWqMGkcXVEGC9y/rootfs/bin/xfs_db'
'/sbin/xfs_growfs' -> '/tmp/rear.hvWqMGkcXVEGC9y/rootfs/bin/xfs_growfs'
'/sbin/xfs_info' -> '/tmp/rear.hvWqMGkcXVEGC9y/rootfs/bin/xfs_info'
'/sbin/xfs_repair' -> '/tmp/rear.hvWqMGkcXVEGC9y/rootfs/bin/xfs_repair'
'/usr/libexec/openssh/sftp-server' -> '/tmp/rear.hvWqMGkcXVEGC9y/rootfs/bin/sftp-server'
'/usr/sbin/rear' -> '/tmp/rear.hvWqMGkcXVEGC9y/rootfs/bin/rear'
2023-06-30 03:25:34.290198423 RequiredSharedObjects: Determining required shared objects
ldd: warning: you do not have execution permission for `/usr/lib64/libfreeblpriv3.chk'
2023-06-30 03:25:35.410098332 Libraries being copied: /lib64/libnss_dns-2.17.so /lib64/libnss_dns.so /lib64/libnss_dns.so.2 /lib64/libnss_files-2.17.so /lib64/libnss_files.so /lib64/libnss_files.so.2 /lib64/libgcc_s-4.8.5-20150702.so.1 /lib64/libgcc_s.so.1 /lib64/libresolv-2.17.so /lib64/libresolv.so /lib64/libresolv.so.2 /usr/lib64/rsyslog/imdiag.so /usr/lib64/rsyslog/imfile.so /usr/lib64/rsyslog/imjournal.so /usr/lib64/rsyslog/imklog.so /usr/lib64/rsyslog/immark.so /usr/lib64/rsyslog/impstats.so /usr/lib64/rsyslog/imptcp.so /usr/lib64/rsyslog/imtcp.so /usr/lib64/rsyslog/imudp.so /usr/lib64/rsyslog/imuxsock.so /usr/lib64/rsyslog/lmnet.so /usr/lib64/rsyslog/lmnetstrms.so /usr/lib64/rsyslog/lmnsd_ptcp.so /usr/lib64/rsyslog/lmregexp.so /usr/lib64/rsyslog/lmstrmsrv.so /usr/lib64/rsyslog/lmtcpclt.so /usr/lib64/rsyslog/lmtcpsrv.so /usr/lib64/rsyslog/lmzlibw.so /usr/lib64/rsyslog/mmanon.so /usr/lib64/rsyslog/mmcount.so /usr/lib64/rsyslog/mmexternal.so /usr/lib64/rsyslog/mmutf8fix.so /usr/lib64/rsyslog/omjournal.so /usr/lib64/rsyslog/ommail.so /usr/lib64/rsyslog/omprog.so /usr/lib64/rsyslog/omruleset.so /usr/lib64/rsyslog/omstdout.so /usr/lib64/rsyslog/omtesting.so /usr/lib64/rsyslog/omuxsock.so /usr/lib64/rsyslog/pmaixforwardedfrom.so /usr/lib64/rsyslog/pmcisconames.so /usr/lib64/rsyslog/pmlastmsg.so /usr/lib64/rsyslog/pmrfc3164sd.so /usr/lib64/rsyslog/pmsnare.so /lib64/rsyslog/imdiag.so /lib64/rsyslog/imfile.so /lib64/rsyslog/imjournal.so /lib64/rsyslog/imklog.so /lib64/rsyslog/immark.so /lib64/rsyslog/impstats.so /lib64/rsyslog/imptcp.so /lib64/rsyslog/imtcp.so /lib64/rsyslog/imudp.so /lib64/rsyslog/imuxsock.so /lib64/rsyslog/lmnet.so /lib64/rsyslog/lmnetstrms.so /lib64/rsyslog/lmnsd_ptcp.so /lib64/rsyslog/lmregexp.so /lib64/rsyslog/lmstrmsrv.so /lib64/rsyslog/lmtcpclt.so /lib64/rsyslog/lmtcpsrv.so /lib64/rsyslog/lmzlibw.so /lib64/rsyslog/mmanon.so /lib64/rsyslog/mmcount.so /lib64/rsyslog/mmexternal.so /lib64/rsyslog/mmutf8fix.so /lib64/rsyslog/omjournal.so /lib64/rsyslog/ommail.so /lib64/rsyslog/omprog.so /lib64/rsyslog/omruleset.so /lib64/rsyslog/omstdout.so /lib64/rsyslog/omtesting.so /lib64/rsyslog/omuxsock.so /lib64/rsyslog/pmaixforwardedfrom.so /lib64/rsyslog/pmcisconames.so /lib64/rsyslog/pmlastmsg.so /lib64/rsyslog/pmrfc3164sd.so /lib64/rsyslog/pmsnare.so /lib64/libnsspem.so /usr/lib64/libnsspem.so /lib64/libfreebl3.so /lib64/libfreeblpriv3.so /usr/lib64/libfreebl3.so /usr/lib64/libfreeblpriv3.so /lib64/libnss3.so /usr/lib64/libnss3.so /lib64/libnssutil3.so /usr/lib64/libnssutil3.so /lib64/libsoftokn3.so /usr/lib64/libsoftokn3.so /lib64/libsqlite3.so.0 /lib64/libsqlite3.so.0.8.6 /usr/lib64/libsqlite3.so.0 /usr/lib64/libsqlite3.so.0.8.6 /lib64/libfreeblpriv3.so /usr/lib64/libfreeblpriv3.so /lib64/libssl.so /lib64/libssl.so.0.9.8e /lib64/libssl.so.1.0.2k /lib64/libssl.so.10 /lib64/libssl.so.6 /usr/lib64/libssl.so /usr/lib64/libssl.so.0.9.8e /usr/lib64/libssl.so.1.0.2k /usr/lib64/libssl.so.10 /usr/lib64/libssl.so.6 /lib64/libnssdbm3.so /usr/lib64/libnssdbm3.so /usr/lib64/libfreeblpriv3.chk /usr/lib64/libfreeblpriv3.so /lib64/ld-linux-x86-64.so.2 /lib64/libacl.so.1 /lib64/libattr.so.1 /lib64/libaudit.so.1 /lib64/libavahi-client.so.3 /lib64/libavahi-common.so.3 /lib64/libblkid.so.1 /lib64/libbz2.so.1 /lib64/libc.so.6 /lib64/libcap-ng.so.0 /lib64/libcap.so.2 /lib64/libcom_err.so.2 /lib64/libcrypt.so.1 /lib64/libcrypto.so.10 /lib64/libcryptsetup.so.12 /lib64/libcups.so.2 /lib64/libcurl.so.4 /lib64/libdbus-1.so.3 /lib64/libdevmapper.so.1.02 /lib64/libdl.so.2 /lib64/libdw.so.1 /lib64/libelf.so.1 /lib64/libffi.so.6 /lib64/libgcrypt.so.11 /lib64/libgio-2.0.so.0 /lib64/libglib-2.0.so.0 /lib64/libgmodule-2.0.so.0 /lib64/libgobject-2.0.so.0 /lib64/libgpg-error.so.0 /lib64/libgssapi_krb5.so.2 /lib64/libgudev-1.0.so.0 /lib64/libidn.so.11 /lib64/libjson-c.so.2 /lib64/libk5crypto.so.3 /lib64/libkeyutils.so.1 /lib64/libkmod.so.2 /lib64/libkrb5.so.3 /lib64/libkrb5support.so.0 /lib64/liblber-2.4.so.2 /lib64/libldap-2.4.so.2 /lib64/liblz4.so.1 /lib64/liblzma.so.5 /lib64/libm.so.6 /lib64/libmount.so.1 /lib64/libnspr4.so /lib64/libpcre.so.1 /lib64/libplc4.so /lib64/libplds4.so /lib64/libpthread.so.0 /lib64/librt.so.1 /lib64/libsasl2.so.3 /lib64/libselinux.so.1 /lib64/libsepol.so.1 /lib64/libsmime3.so /lib64/libssh2.so.1 /lib64/libssl3.so /lib64/libsystemd.so.0 /lib64/libudev.so.1 /lib64/libusb-1.0.so.0 /lib64/libuuid.so.1 /lib64/libwacom.so.2 /lib64/libz.so.1 /usr/lib64/libattr.so.1 /usr/lib64/libc.so.6 /usr/lib64/libcap.so.2 /usr/lib64/libdl.so.2 /usr/lib64/libdw.so.1 /usr/lib64/libgcc_s.so.1 /usr/lib64/libgcrypt.so.11 /usr/lib64/libgpg-error.so.0 /usr/lib64/libm.so.6 /usr/lib64/libmtp.so.9 /usr/lib64/libpthread.so.0 /usr/lib64/librt.so.1 /usr/lib64/libudev.so.1 /usr/lib64/libusb-1.0.so.0 /lib64/ld-linux-x86-64.so.2 /lib64/libGeoIP.so.1 /lib64/libacl.so.1 /lib64/libaio.so.1 /lib64/libattr.so.1 /lib64/libaudit.so.1 /lib64/libavahi-client.so.3 /lib64/libavahi-common.so.3 /lib64/libbfd-2.27-44.base.el7_9.1.so /lib64/libbind9.so.160 /lib64/libblkid.so.1 /lib64/libbz2.so.1 /lib64/libc.so.6 /lib64/libcap-ng.so.0 /lib64/libcap.so.2 /lib64/libcom_err.so.2 /lib64/libcrack.so.2 /lib64/libcrypt.so.1 /lib64/libcrypto.so.10 /lib64/libcrypto.so.6 /lib64/libcryptsetup.so.12 /lib64/libcurl.so.4 /lib64/libdbus-1.so.3 /lib64/libdevmapper-event.so.1.02 /lib64/libdevmapper.so.1.02 /lib64/libdl.so.2 /lib64/libdns.so.1102 /lib64/libdw.so.1 /lib64/libe2p.so.2 /lib64/libedit.so.0 /lib64/libelf.so.1 /lib64/libestr.so.0 /lib64/libexpat.so.1 /lib64/libext2fs.so.2 /lib64/libfastjson.so.4 /lib64/libffi.so.6 /lib64/libfipscheck.so.1 /lib64/libfreebl3.so /lib64/libgcc_s.so.1 /lib64/libgcrypt.so.11 /lib64/libgio-2.0.so.0 /lib64/libglib-2.0.so.0 /lib64/libgmodule-2.0.so.0 /lib64/libgmp.so.10 /lib64/libgobject-2.0.so.0 /lib64/libgpg-error.so.0 /lib64/libgssapi_krb5.so.2 /lib64/libgudev-1.0.so.0 /lib64/libidn.so.11 /lib64/libisc.so.169 /lib64/libisccfg.so.160 /lib64/libjson-c.so.2 /lib64/libk5crypto.so.3 /lib64/libkeyutils.so.1 /lib64/libkmod.so.2 /lib64/libkrb5.so.3 /lib64/libkrb5support.so.0 /lib64/liblber-2.4.so.2 /lib64/libldap-2.4.so.2 /lib64/liblwres.so.160 /lib64/liblz4.so.1 /lib64/liblzma.so.5 /lib64/liblzo2.so.2 /lib64/libm.so.6 /lib64/libmount.so.1 /lib64/libncurses.so.5 /lib64/libncursesw.so.5 /lib64/libnsl.so.1 /lib64/libnspr4.so /lib64/libnss3.so /lib64/libnssutil3.so /lib64/libomapi.so.0 /lib64/libpam.so.0 /lib64/libparted.so.2 /lib64/libpci.so.3 /lib64/libpcre.so.1 /lib64/libplc4.so /lib64/libplds4.so /lib64/libpopt.so.0 /lib64/libprocps.so.4 /lib64/libpthread.so.0 /lib64/libpwquality.so.1 /lib64/libqrencode.so.3 /lib64/libreadline.so.6 /lib64/libresolv.so.2 /lib64/librt.so.1 /lib64/libsasl2.so.3 /lib64/libselinux.so.1 /lib64/libsepol.so.1 /lib64/libsgutils2.so.2 /lib64/libsmime3.so /lib64/libsqlite3.so.0 /lib64/libssh2.so.1 /lib64/libssl.so.10 /lib64/libssl3.so /lib64/libsystemd-daemon.so.0 /lib64/libsystemd.so.0 /lib64/libtinfo.so.5 /lib64/libtirpc.so.1 /lib64/libudev.so.1 /lib64/libusb-1.0.so.0 /lib64/libutil.so.1 /lib64/libuuid.so.1 /lib64/libwrap.so.0 /lib64/libxml2.so.2 /lib64/libz.so.1 /usr/lib64//bind9-export/libdns-export.so.1102 /usr/lib64//bind9-export/libisc-export.so.169 /usr/lib64/libc.so.6 /usr/lib64/libmagic.so.1 /usr/lib64/libz.so.1
'/lib64/libnss_dns-2.17.so' -> '/tmp/rear.hvWqMGkcXVEGC9y/rootfs//lib64/libnss_dns-2.17.so'
'/tmp/rear.hvWqMGkcXVEGC9y/rootfs//lib64/libnss_dns.so' -> '/usr/lib64/libnss_dns-2.17.so'
'/tmp/rear.hvWqMGkcXVEGC9y/rootfs//lib64/libnss_dns.so.2' -> '/usr/lib64/libnss_dns-2.17.so'
'/lib64/libnss_files-2.17.so' -> '/tmp/rear.hvWqMGkcXVEGC9y/rootfs//lib64/libnss_files-2.17.so'
'/tmp/rear.hvWqMGkcXVEGC9y/rootfs//lib64/libnss_files.so' -> '/usr/lib64/libnss_files-2.17.so'
'/tmp/rear.hvWqMGkcXVEGC9y/rootfs//lib64/libnss_files.so.2' -> '/usr/lib64/libnss_files-2.17.so'
'/lib64/libgcc_s-4.8.5-20150702.so.1' -> '/tmp/rear.hvWqMGkcXVEGC9y/rootfs//lib64/libgcc_s-4.8.5-20150702.so.1'
'/tmp/rear.hvWqMGkcXVEGC9y/rootfs//lib64/libgcc_s.so.1' -> '/usr/lib64/libgcc_s-4.8.5-20150702.so.1'
'/lib64/libresolv-2.17.so' -> '/tmp/rear.hvWqMGkcXVEGC9y/rootfs//lib64/libresolv-2.17.so'
'/tmp/rear.hvWqMGkcXVEGC9y/rootfs//lib64/libresolv.so' -> '/usr/lib64/libresolv-2.17.so'
'/tmp/rear.hvWqMGkcXVEGC9y/rootfs//lib64/libresolv.so.2' -> '/usr/lib64/libresolv-2.17.so'
mkdir: created directory '/tmp/rear.hvWqMGkcXVEGC9y/rootfs//usr/lib64/rsyslog'
'/usr/lib64/rsyslog/imdiag.so' -> '/tmp/rear.hvWqMGkcXVEGC9y/rootfs//usr/lib64/rsyslog/imdiag.so'
'/usr/lib64/rsyslog/imfile.so' -> '/tmp/rear.hvWqMGkcXVEGC9y/rootfs//usr/lib64/rsyslog/imfile.so'
'/usr/lib64/rsyslog/imjournal.so' -> '/tmp/rear.hvWqMGkcXVEGC9y/rootfs//usr/lib64/rsyslog/imjournal.so'
'/usr/lib64/rsyslog/imklog.so' -> '/tmp/rear.hvWqMGkcXVEGC9y/rootfs//usr/lib64/rsyslog/imklog.so'
'/usr/lib64/rsyslog/immark.so' -> '/tmp/rear.hvWqMGkcXVEGC9y/rootfs//usr/lib64/rsyslog/immark.so'
'/usr/lib64/rsyslog/impstats.so' -> '/tmp/rear.hvWqMGkcXVEGC9y/rootfs//usr/lib64/rsyslog/impstats.so'
'/usr/lib64/rsyslog/imptcp.so' -> '/tmp/rear.hvWqMGkcXVEGC9y/rootfs//usr/lib64/rsyslog/imptcp.so'
'/usr/lib64/rsyslog/imtcp.so' -> '/tmp/rear.hvWqMGkcXVEGC9y/rootfs//usr/lib64/rsyslog/imtcp.so'
'/usr/lib64/rsyslog/imudp.so' -> '/tmp/rear.hvWqMGkcXVEGC9y/rootfs//usr/lib64/rsyslog/imudp.so'
'/usr/lib64/rsyslog/imuxsock.so' -> '/tmp/rear.hvWqMGkcXVEGC9y/rootfs//usr/lib64/rsyslog/imuxsock.so'
'/usr/lib64/rsyslog/lmnet.so' -> '/tmp/rear.hvWqMGkcXVEGC9y/rootfs//usr/lib64/rsyslog/lmnet.so'
'/usr/lib64/rsyslog/lmnetstrms.so' -> '/tmp/rear.hvWqMGkcXVEGC9y/rootfs//usr/lib64/rsyslog/lmnetstrms.so'
'/usr/lib64/rsyslog/lmnsd_ptcp.so' -> '/tmp/rear.hvWqMGkcXVEGC9y/rootfs//usr/lib64/rsyslog/lmnsd_ptcp.so'
'/usr/lib64/rsyslog/lmregexp.so' -> '/tmp/rear.hvWqMGkcXVEGC9y/rootfs//usr/lib64/rsyslog/lmregexp.so'
'/usr/lib64/rsyslog/lmstrmsrv.so' -> '/tmp/rear.hvWqMGkcXVEGC9y/rootfs//usr/lib64/rsyslog/lmstrmsrv.so'
'/usr/lib64/rsyslog/lmtcpclt.so' -> '/tmp/rear.hvWqMGkcXVEGC9y/rootfs//usr/lib64/rsyslog/lmtcpclt.so'
'/usr/lib64/rsyslog/lmtcpsrv.so' -> '/tmp/rear.hvWqMGkcXVEGC9y/rootfs//usr/lib64/rsyslog/lmtcpsrv.so'
'/usr/lib64/rsyslog/lmzlibw.so' -> '/tmp/rear.hvWqMGkcXVEGC9y/rootfs//usr/lib64/rsyslog/lmzlibw.so'
'/usr/lib64/rsyslog/mmanon.so' -> '/tmp/rear.hvWqMGkcXVEGC9y/rootfs//usr/lib64/rsyslog/mmanon.so'
'/usr/lib64/rsyslog/mmcount.so' -> '/tmp/rear.hvWqMGkcXVEGC9y/rootfs//usr/lib64/rsyslog/mmcount.so'
'/usr/lib64/rsyslog/mmexternal.so' -> '/tmp/rear.hvWqMGkcXVEGC9y/rootfs//usr/lib64/rsyslog/mmexternal.so'
'/usr/lib64/rsyslog/mmutf8fix.so' -> '/tmp/rear.hvWqMGkcXVEGC9y/rootfs//usr/lib64/rsyslog/mmutf8fix.so'
'/usr/lib64/rsyslog/omjournal.so' -> '/tmp/rear.hvWqMGkcXVEGC9y/rootfs//usr/lib64/rsyslog/omjournal.so'
'/usr/lib64/rsyslog/ommail.so' -> '/tmp/rear.hvWqMGkcXVEGC9y/rootfs//usr/lib64/rsyslog/ommail.so'
'/usr/lib64/rsyslog/omprog.so' -> '/tmp/rear.hvWqMGkcXVEGC9y/rootfs//usr/lib64/rsyslog/omprog.so'
'/usr/lib64/rsyslog/omruleset.so' -> '/tmp/rear.hvWqMGkcXVEGC9y/rootfs//usr/lib64/rsyslog/omruleset.so'
'/usr/lib64/rsyslog/omstdout.so' -> '/tmp/rear.hvWqMGkcXVEGC9y/rootfs//usr/lib64/rsyslog/omstdout.so'
'/usr/lib64/rsyslog/omtesting.so' -> '/tmp/rear.hvWqMGkcXVEGC9y/rootfs//usr/lib64/rsyslog/omtesting.so'
'/usr/lib64/rsyslog/omuxsock.so' -> '/tmp/rear.hvWqMGkcXVEGC9y/rootfs//usr/lib64/rsyslog/omuxsock.so'
'/usr/lib64/rsyslog/pmaixforwardedfrom.so' -> '/tmp/rear.hvWqMGkcXVEGC9y/rootfs//usr/lib64/rsyslog/pmaixforwardedfrom.so'
'/usr/lib64/rsyslog/pmcisconames.so' -> '/tmp/rear.hvWqMGkcXVEGC9y/rootfs//usr/lib64/rsyslog/pmcisconames.so'
'/usr/lib64/rsyslog/pmlastmsg.so' -> '/tmp/rear.hvWqMGkcXVEGC9y/rootfs//usr/lib64/rsyslog/pmlastmsg.so'
'/usr/lib64/rsyslog/pmrfc3164sd.so' -> '/tmp/rear.hvWqMGkcXVEGC9y/rootfs//usr/lib64/rsyslog/pmrfc3164sd.so'
'/usr/lib64/rsyslog/pmsnare.so' -> '/tmp/rear.hvWqMGkcXVEGC9y/rootfs//usr/lib64/rsyslog/pmsnare.so'
'/lib64/libnsspem.so' -> '/tmp/rear.hvWqMGkcXVEGC9y/rootfs//lib64/libnsspem.so'
'/lib64/libfreebl3.so' -> '/tmp/rear.hvWqMGkcXVEGC9y/rootfs//lib64/libfreebl3.so'
'/lib64/libfreeblpriv3.so' -> '/tmp/rear.hvWqMGkcXVEGC9y/rootfs//lib64/libfreeblpriv3.so'
'/lib64/libnss3.so' -> '/tmp/rear.hvWqMGkcXVEGC9y/rootfs//lib64/libnss3.so'
'/lib64/libnssutil3.so' -> '/tmp/rear.hvWqMGkcXVEGC9y/rootfs//lib64/libnssutil3.so'
'/lib64/libsoftokn3.so' -> '/tmp/rear.hvWqMGkcXVEGC9y/rootfs//lib64/libsoftokn3.so'
'/usr/lib64/libsqlite3.so.0.8.6' -> '/tmp/rear.hvWqMGkcXVEGC9y/rootfs//usr/lib64/libsqlite3.so.0.8.6'
'/tmp/rear.hvWqMGkcXVEGC9y/rootfs//lib64/libsqlite3.so.0' -> '/usr/lib64/libsqlite3.so.0.8.6'
'/tmp/rear.hvWqMGkcXVEGC9y/rootfs//usr/lib64/libsqlite3.so.0' -> '/usr/lib64/libsqlite3.so.0.8.6'
'/usr/lib64/libssl.so.1.0.2k' -> '/tmp/rear.hvWqMGkcXVEGC9y/rootfs//usr/lib64/libssl.so.1.0.2k'
'/tmp/rear.hvWqMGkcXVEGC9y/rootfs//lib64/libssl.so' -> '/usr/lib64/libssl.so.1.0.2k'
'/lib64/libssl.so.0.9.8e' -> '/tmp/rear.hvWqMGkcXVEGC9y/rootfs//lib64/libssl.so.0.9.8e'
'/tmp/rear.hvWqMGkcXVEGC9y/rootfs//lib64/libssl.so.10' -> '/usr/lib64/libssl.so.1.0.2k'
'/tmp/rear.hvWqMGkcXVEGC9y/rootfs//lib64/libssl.so.6' -> '/usr/lib64/libssl.so.0.9.8e'
'/tmp/rear.hvWqMGkcXVEGC9y/rootfs//usr/lib64/libssl.so' -> '/usr/lib64/libssl.so.1.0.2k'
'/tmp/rear.hvWqMGkcXVEGC9y/rootfs//usr/lib64/libssl.so.10' -> '/usr/lib64/libssl.so.1.0.2k'
'/tmp/rear.hvWqMGkcXVEGC9y/rootfs//usr/lib64/libssl.so.6' -> '/usr/lib64/libssl.so.0.9.8e'
'/lib64/libnssdbm3.so' -> '/tmp/rear.hvWqMGkcXVEGC9y/rootfs//lib64/libnssdbm3.so'
'/usr/lib64/libfreeblpriv3.chk' -> '/tmp/rear.hvWqMGkcXVEGC9y/rootfs//usr/lib64/libfreeblpriv3.chk'
'/usr/lib64/ld-2.17.so' -> '/tmp/rear.hvWqMGkcXVEGC9y/rootfs//usr/lib64/ld-2.17.so'
'/tmp/rear.hvWqMGkcXVEGC9y/rootfs//lib64/ld-linux-x86-64.so.2' -> '/usr/lib64/ld-2.17.so'
'/usr/lib64/libacl.so.1.1.0' -> '/tmp/rear.hvWqMGkcXVEGC9y/rootfs//usr/lib64/libacl.so.1.1.0'
'/tmp/rear.hvWqMGkcXVEGC9y/rootfs//lib64/libacl.so.1' -> '/usr/lib64/libacl.so.1.1.0'
'/usr/lib64/libattr.so.1.1.0' -> '/tmp/rear.hvWqMGkcXVEGC9y/rootfs//usr/lib64/libattr.so.1.1.0'
'/tmp/rear.hvWqMGkcXVEGC9y/rootfs//lib64/libattr.so.1' -> '/usr/lib64/libattr.so.1.1.0'
'/usr/lib64/libaudit.so.1.0.0' -> '/tmp/rear.hvWqMGkcXVEGC9y/rootfs//usr/lib64/libaudit.so.1.0.0'
'/tmp/rear.hvWqMGkcXVEGC9y/rootfs//lib64/libaudit.so.1' -> '/usr/lib64/libaudit.so.1.0.0'
'/usr/lib64/libavahi-client.so.3.2.9' -> '/tmp/rear.hvWqMGkcXVEGC9y/rootfs//usr/lib64/libavahi-client.so.3.2.9'
'/tmp/rear.hvWqMGkcXVEGC9y/rootfs//lib64/libavahi-client.so.3' -> '/usr/lib64/libavahi-client.so.3.2.9'
'/usr/lib64/libavahi-common.so.3.5.3' -> '/tmp/rear.hvWqMGkcXVEGC9y/rootfs//usr/lib64/libavahi-common.so.3.5.3'
'/tmp/rear.hvWqMGkcXVEGC9y/rootfs//lib64/libavahi-common.so.3' -> '/usr/lib64/libavahi-common.so.3.5.3'
'/usr/lib64/libblkid.so.1.1.0' -> '/tmp/rear.hvWqMGkcXVEGC9y/rootfs//usr/lib64/libblkid.so.1.1.0'
'/tmp/rear.hvWqMGkcXVEGC9y/rootfs//lib64/libblkid.so.1' -> '/usr/lib64/libblkid.so.1.1.0'
'/usr/lib64/libbz2.so.1.0.6' -> '/tmp/rear.hvWqMGkcXVEGC9y/rootfs//usr/lib64/libbz2.so.1.0.6'
'/tmp/rear.hvWqMGkcXVEGC9y/rootfs//lib64/libbz2.so.1' -> '/usr/lib64/libbz2.so.1.0.6'
'/usr/lib64/libc-2.17.so' -> '/tmp/rear.hvWqMGkcXVEGC9y/rootfs//usr/lib64/libc-2.17.so'
'/tmp/rear.hvWqMGkcXVEGC9y/rootfs//lib64/libc.so.6' -> '/usr/lib64/libc-2.17.so'
'/usr/lib64/libcap-ng.so.0.0.0' -> '/tmp/rear.hvWqMGkcXVEGC9y/rootfs//usr/lib64/libcap-ng.so.0.0.0'
'/tmp/rear.hvWqMGkcXVEGC9y/rootfs//lib64/libcap-ng.so.0' -> '/usr/lib64/libcap-ng.so.0.0.0'
'/usr/lib64/libcap.so.2.22' -> '/tmp/rear.hvWqMGkcXVEGC9y/rootfs//usr/lib64/libcap.so.2.22'
'/tmp/rear.hvWqMGkcXVEGC9y/rootfs//lib64/libcap.so.2' -> '/usr/lib64/libcap.so.2.22'
'/usr/lib64/libcom_err.so.2.1' -> '/tmp/rear.hvWqMGkcXVEGC9y/rootfs//usr/lib64/libcom_err.so.2.1'
'/tmp/rear.hvWqMGkcXVEGC9y/rootfs//lib64/libcom_err.so.2' -> '/usr/lib64/libcom_err.so.2.1'
'/usr/lib64/libcrypt-2.17.so' -> '/tmp/rear.hvWqMGkcXVEGC9y/rootfs//usr/lib64/libcrypt-2.17.so'
'/tmp/rear.hvWqMGkcXVEGC9y/rootfs//lib64/libcrypt.so.1' -> '/usr/lib64/libcrypt-2.17.so'
'/usr/lib64/libcrypto.so.1.0.2k' -> '/tmp/rear.hvWqMGkcXVEGC9y/rootfs//usr/lib64/libcrypto.so.1.0.2k'
'/tmp/rear.hvWqMGkcXVEGC9y/rootfs//lib64/libcrypto.so.10' -> '/usr/lib64/libcrypto.so.1.0.2k'
'/usr/lib64/libcryptsetup.so.12.3.0' -> '/tmp/rear.hvWqMGkcXVEGC9y/rootfs//usr/lib64/libcryptsetup.so.12.3.0'
'/tmp/rear.hvWqMGkcXVEGC9y/rootfs//lib64/libcryptsetup.so.12' -> '/usr/lib64/libcryptsetup.so.12.3.0'
'/lib64/libcups.so.2' -> '/tmp/rear.hvWqMGkcXVEGC9y/rootfs//lib64/libcups.so.2'
'/usr/lib64/libcurl.so.4.3.0' -> '/tmp/rear.hvWqMGkcXVEGC9y/rootfs//usr/lib64/libcurl.so.4.3.0'
'/tmp/rear.hvWqMGkcXVEGC9y/rootfs//lib64/libcurl.so.4' -> '/usr/lib64/libcurl.so.4.3.0'
'/usr/lib64/libdbus-1.so.3.14.14' -> '/tmp/rear.hvWqMGkcXVEGC9y/rootfs//usr/lib64/libdbus-1.so.3.14.14'
'/tmp/rear.hvWqMGkcXVEGC9y/rootfs//lib64/libdbus-1.so.3' -> '/usr/lib64/libdbus-1.so.3.14.14'
'/lib64/libdevmapper.so.1.02' -> '/tmp/rear.hvWqMGkcXVEGC9y/rootfs//lib64/libdevmapper.so.1.02'
'/usr/lib64/libdl-2.17.so' -> '/tmp/rear.hvWqMGkcXVEGC9y/rootfs//usr/lib64/libdl-2.17.so'
'/tmp/rear.hvWqMGkcXVEGC9y/rootfs//lib64/libdl.so.2' -> '/usr/lib64/libdl-2.17.so'
'/usr/lib64/libdw-0.176.so' -> '/tmp/rear.hvWqMGkcXVEGC9y/rootfs//usr/lib64/libdw-0.176.so'
'/tmp/rear.hvWqMGkcXVEGC9y/rootfs//lib64/libdw.so.1' -> '/usr/lib64/libdw-0.176.so'
'/usr/lib64/libelf-0.176.so' -> '/tmp/rear.hvWqMGkcXVEGC9y/rootfs//usr/lib64/libelf-0.176.so'
'/tmp/rear.hvWqMGkcXVEGC9y/rootfs//lib64/libelf.so.1' -> '/usr/lib64/libelf-0.176.so'
'/usr/lib64/libffi.so.6.0.1' -> '/tmp/rear.hvWqMGkcXVEGC9y/rootfs//usr/lib64/libffi.so.6.0.1'
'/tmp/rear.hvWqMGkcXVEGC9y/rootfs//lib64/libffi.so.6' -> '/usr/lib64/libffi.so.6.0.1'
'/usr/lib64/libgcrypt.so.11.8.2' -> '/tmp/rear.hvWqMGkcXVEGC9y/rootfs//usr/lib64/libgcrypt.so.11.8.2'
'/tmp/rear.hvWqMGkcXVEGC9y/rootfs//lib64/libgcrypt.so.11' -> '/usr/lib64/libgcrypt.so.11.8.2'
'/usr/lib64/libgio-2.0.so.0.5600.1' -> '/tmp/rear.hvWqMGkcXVEGC9y/rootfs//usr/lib64/libgio-2.0.so.0.5600.1'
'/tmp/rear.hvWqMGkcXVEGC9y/rootfs//lib64/libgio-2.0.so.0' -> '/usr/lib64/libgio-2.0.so.0.5600.1'
'/usr/lib64/libglib-2.0.so.0.5600.1' -> '/tmp/rear.hvWqMGkcXVEGC9y/rootfs//usr/lib64/libglib-2.0.so.0.5600.1'
'/tmp/rear.hvWqMGkcXVEGC9y/rootfs//lib64/libglib-2.0.so.0' -> '/usr/lib64/libglib-2.0.so.0.5600.1'
'/usr/lib64/libgmodule-2.0.so.0.5600.1' -> '/tmp/rear.hvWqMGkcXVEGC9y/rootfs//usr/lib64/libgmodule-2.0.so.0.5600.1'
'/tmp/rear.hvWqMGkcXVEGC9y/rootfs//lib64/libgmodule-2.0.so.0' -> '/usr/lib64/libgmodule-2.0.so.0.5600.1'
'/usr/lib64/libgobject-2.0.so.0.5600.1' -> '/tmp/rear.hvWqMGkcXVEGC9y/rootfs//usr/lib64/libgobject-2.0.so.0.5600.1'
'/tmp/rear.hvWqMGkcXVEGC9y/rootfs//lib64/libgobject-2.0.so.0' -> '/usr/lib64/libgobject-2.0.so.0.5600.1'
'/usr/lib64/libgpg-error.so.0.10.0' -> '/tmp/rear.hvWqMGkcXVEGC9y/rootfs//usr/lib64/libgpg-error.so.0.10.0'
'/tmp/rear.hvWqMGkcXVEGC9y/rootfs//lib64/libgpg-error.so.0' -> '/usr/lib64/libgpg-error.so.0.10.0'
'/usr/lib64/libgssapi_krb5.so.2.2' -> '/tmp/rear.hvWqMGkcXVEGC9y/rootfs//usr/lib64/libgssapi_krb5.so.2.2'
'/tmp/rear.hvWqMGkcXVEGC9y/rootfs//lib64/libgssapi_krb5.so.2' -> '/usr/lib64/libgssapi_krb5.so.2.2'
'/usr/lib64/libgudev-1.0.so.0.2.0' -> '/tmp/rear.hvWqMGkcXVEGC9y/rootfs//usr/lib64/libgudev-1.0.so.0.2.0'
'/tmp/rear.hvWqMGkcXVEGC9y/rootfs//lib64/libgudev-1.0.so.0' -> '/usr/lib64/libgudev-1.0.so.0.2.0'
'/usr/lib64/libidn.so.11.6.11' -> '/tmp/rear.hvWqMGkcXVEGC9y/rootfs//usr/lib64/libidn.so.11.6.11'
'/tmp/rear.hvWqMGkcXVEGC9y/rootfs//lib64/libidn.so.11' -> '/usr/lib64/libidn.so.11.6.11'
'/usr/lib64/libjson-c.so.2.0.1' -> '/tmp/rear.hvWqMGkcXVEGC9y/rootfs//usr/lib64/libjson-c.so.2.0.1'
'/tmp/rear.hvWqMGkcXVEGC9y/rootfs//lib64/libjson-c.so.2' -> '/usr/lib64/libjson-c.so.2.0.1'
'/usr/lib64/libk5crypto.so.3.1' -> '/tmp/rear.hvWqMGkcXVEGC9y/rootfs//usr/lib64/libk5crypto.so.3.1'
'/tmp/rear.hvWqMGkcXVEGC9y/rootfs//lib64/libk5crypto.so.3' -> '/usr/lib64/libk5crypto.so.3.1'
'/usr/lib64/libkeyutils.so.1.5' -> '/tmp/rear.hvWqMGkcXVEGC9y/rootfs//usr/lib64/libkeyutils.so.1.5'
'/tmp/rear.hvWqMGkcXVEGC9y/rootfs//lib64/libkeyutils.so.1' -> '/usr/lib64/libkeyutils.so.1.5'
'/usr/lib64/libkmod.so.2.2.10' -> '/tmp/rear.hvWqMGkcXVEGC9y/rootfs//usr/lib64/libkmod.so.2.2.10'
'/tmp/rear.hvWqMGkcXVEGC9y/rootfs//lib64/libkmod.so.2' -> '/usr/lib64/libkmod.so.2.2.10'
'/usr/lib64/libkrb5.so.3.3' -> '/tmp/rear.hvWqMGkcXVEGC9y/rootfs//usr/lib64/libkrb5.so.3.3'
'/tmp/rear.hvWqMGkcXVEGC9y/rootfs//lib64/libkrb5.so.3' -> '/usr/lib64/libkrb5.so.3.3'
'/usr/lib64/libkrb5support.so.0.1' -> '/tmp/rear.hvWqMGkcXVEGC9y/rootfs//usr/lib64/libkrb5support.so.0.1'
'/tmp/rear.hvWqMGkcXVEGC9y/rootfs//lib64/libkrb5support.so.0' -> '/usr/lib64/libkrb5support.so.0.1'
'/usr/lib64/liblber-2.4.so.2.10.7' -> '/tmp/rear.hvWqMGkcXVEGC9y/rootfs//usr/lib64/liblber-2.4.so.2.10.7'
'/tmp/rear.hvWqMGkcXVEGC9y/rootfs//lib64/liblber-2.4.so.2' -> '/usr/lib64/liblber-2.4.so.2.10.7'
'/usr/lib64/libldap-2.4.so.2.10.7' -> '/tmp/rear.hvWqMGkcXVEGC9y/rootfs//usr/lib64/libldap-2.4.so.2.10.7'
'/tmp/rear.hvWqMGkcXVEGC9y/rootfs//lib64/libldap-2.4.so.2' -> '/usr/lib64/libldap-2.4.so.2.10.7'
'/usr/lib64/liblz4.so.1.8.3' -> '/tmp/rear.hvWqMGkcXVEGC9y/rootfs//usr/lib64/liblz4.so.1.8.3'
'/tmp/rear.hvWqMGkcXVEGC9y/rootfs//lib64/liblz4.so.1' -> '/usr/lib64/liblz4.so.1.8.3'
'/usr/lib64/liblzma.so.5.2.2' -> '/tmp/rear.hvWqMGkcXVEGC9y/rootfs//usr/lib64/liblzma.so.5.2.2'
'/tmp/rear.hvWqMGkcXVEGC9y/rootfs//lib64/liblzma.so.5' -> '/usr/lib64/liblzma.so.5.2.2'
'/usr/lib64/libm-2.17.so' -> '/tmp/rear.hvWqMGkcXVEGC9y/rootfs//usr/lib64/libm-2.17.so'
'/tmp/rear.hvWqMGkcXVEGC9y/rootfs//lib64/libm.so.6' -> '/usr/lib64/libm-2.17.so'
'/usr/lib64/libmount.so.1.1.0' -> '/tmp/rear.hvWqMGkcXVEGC9y/rootfs//usr/lib64/libmount.so.1.1.0'
'/tmp/rear.hvWqMGkcXVEGC9y/rootfs//lib64/libmount.so.1' -> '/usr/lib64/libmount.so.1.1.0'
'/lib64/libnspr4.so' -> '/tmp/rear.hvWqMGkcXVEGC9y/rootfs//lib64/libnspr4.so'
'/usr/lib64/libpcre.so.1.2.0' -> '/tmp/rear.hvWqMGkcXVEGC9y/rootfs//usr/lib64/libpcre.so.1.2.0'
'/tmp/rear.hvWqMGkcXVEGC9y/rootfs//lib64/libpcre.so.1' -> '/usr/lib64/libpcre.so.1.2.0'
'/lib64/libplc4.so' -> '/tmp/rear.hvWqMGkcXVEGC9y/rootfs//lib64/libplc4.so'
'/lib64/libplds4.so' -> '/tmp/rear.hvWqMGkcXVEGC9y/rootfs//lib64/libplds4.so'
'/usr/lib64/libpthread-2.17.so' -> '/tmp/rear.hvWqMGkcXVEGC9y/rootfs//usr/lib64/libpthread-2.17.so'
'/tmp/rear.hvWqMGkcXVEGC9y/rootfs//lib64/libpthread.so.0' -> '/usr/lib64/libpthread-2.17.so'
'/usr/lib64/librt-2.17.so' -> '/tmp/rear.hvWqMGkcXVEGC9y/rootfs//usr/lib64/librt-2.17.so'
'/tmp/rear.hvWqMGkcXVEGC9y/rootfs//lib64/librt.so.1' -> '/usr/lib64/librt-2.17.so'
'/usr/lib64/libsasl2.so.3.0.0' -> '/tmp/rear.hvWqMGkcXVEGC9y/rootfs//usr/lib64/libsasl2.so.3.0.0'
'/tmp/rear.hvWqMGkcXVEGC9y/rootfs//lib64/libsasl2.so.3' -> '/usr/lib64/libsasl2.so.3.0.0'
'/lib64/libselinux.so.1' -> '/tmp/rear.hvWqMGkcXVEGC9y/rootfs//lib64/libselinux.so.1'
'/lib64/libsepol.so.1' -> '/tmp/rear.hvWqMGkcXVEGC9y/rootfs//lib64/libsepol.so.1'
'/lib64/libsmime3.so' -> '/tmp/rear.hvWqMGkcXVEGC9y/rootfs//lib64/libsmime3.so'
'/usr/lib64/libssh2.so.1.0.1' -> '/tmp/rear.hvWqMGkcXVEGC9y/rootfs//usr/lib64/libssh2.so.1.0.1'
'/tmp/rear.hvWqMGkcXVEGC9y/rootfs//lib64/libssh2.so.1' -> '/usr/lib64/libssh2.so.1.0.1'
'/lib64/libssl3.so' -> '/tmp/rear.hvWqMGkcXVEGC9y/rootfs//lib64/libssl3.so'
'/usr/lib64/libsystemd.so.0.6.0' -> '/tmp/rear.hvWqMGkcXVEGC9y/rootfs//usr/lib64/libsystemd.so.0.6.0'
'/tmp/rear.hvWqMGkcXVEGC9y/rootfs//lib64/libsystemd.so.0' -> '/usr/lib64/libsystemd.so.0.6.0'
'/usr/lib64/libudev.so.1.6.2' -> '/tmp/rear.hvWqMGkcXVEGC9y/rootfs//usr/lib64/libudev.so.1.6.2'
'/tmp/rear.hvWqMGkcXVEGC9y/rootfs//lib64/libudev.so.1' -> '/usr/lib64/libudev.so.1.6.2'
'/usr/lib64/libusb-1.0.so.0.1.0' -> '/tmp/rear.hvWqMGkcXVEGC9y/rootfs//usr/lib64/libusb-1.0.so.0.1.0'
'/tmp/rear.hvWqMGkcXVEGC9y/rootfs//lib64/libusb-1.0.so.0' -> '/usr/lib64/libusb-1.0.so.0.1.0'
'/usr/lib64/libuuid.so.1.3.0' -> '/tmp/rear.hvWqMGkcXVEGC9y/rootfs//usr/lib64/libuuid.so.1.3.0'
'/tmp/rear.hvWqMGkcXVEGC9y/rootfs//lib64/libuuid.so.1' -> '/usr/lib64/libuuid.so.1.3.0'
'/usr/lib64/libwacom.so.2.6.1' -> '/tmp/rear.hvWqMGkcXVEGC9y/rootfs//usr/lib64/libwacom.so.2.6.1'
'/tmp/rear.hvWqMGkcXVEGC9y/rootfs//lib64/libwacom.so.2' -> '/usr/lib64/libwacom.so.2.6.1'
'/usr/lib64/libz.so.1.2.7' -> '/tmp/rear.hvWqMGkcXVEGC9y/rootfs//usr/lib64/libz.so.1.2.7'
'/tmp/rear.hvWqMGkcXVEGC9y/rootfs//lib64/libz.so.1' -> '/usr/lib64/libz.so.1.2.7'
'/tmp/rear.hvWqMGkcXVEGC9y/rootfs//usr/lib64/libattr.so.1' -> '/usr/lib64/libattr.so.1.1.0'
'/tmp/rear.hvWqMGkcXVEGC9y/rootfs//usr/lib64/libc.so.6' -> '/usr/lib64/libc-2.17.so'
'/tmp/rear.hvWqMGkcXVEGC9y/rootfs//usr/lib64/libcap.so.2' -> '/usr/lib64/libcap.so.2.22'
'/tmp/rear.hvWqMGkcXVEGC9y/rootfs//usr/lib64/libdl.so.2' -> '/usr/lib64/libdl-2.17.so'
'/tmp/rear.hvWqMGkcXVEGC9y/rootfs//usr/lib64/libdw.so.1' -> '/usr/lib64/libdw-0.176.so'
'/tmp/rear.hvWqMGkcXVEGC9y/rootfs//usr/lib64/libgcc_s.so.1' -> '/usr/lib64/libgcc_s-4.8.5-20150702.so.1'
'/tmp/rear.hvWqMGkcXVEGC9y/rootfs//usr/lib64/libgcrypt.so.11' -> '/usr/lib64/libgcrypt.so.11.8.2'
'/tmp/rear.hvWqMGkcXVEGC9y/rootfs//usr/lib64/libgpg-error.so.0' -> '/usr/lib64/libgpg-error.so.0.10.0'
'/tmp/rear.hvWqMGkcXVEGC9y/rootfs//usr/lib64/libm.so.6' -> '/usr/lib64/libm-2.17.so'
'/usr/lib64/libmtp.so.9.3.0' -> '/tmp/rear.hvWqMGkcXVEGC9y/rootfs//usr/lib64/libmtp.so.9.3.0'
'/tmp/rear.hvWqMGkcXVEGC9y/rootfs//usr/lib64/libmtp.so.9' -> '/usr/lib64/libmtp.so.9.3.0'
'/tmp/rear.hvWqMGkcXVEGC9y/rootfs//usr/lib64/libpthread.so.0' -> '/usr/lib64/libpthread-2.17.so'
'/tmp/rear.hvWqMGkcXVEGC9y/rootfs//usr/lib64/librt.so.1' -> '/usr/lib64/librt-2.17.so'
'/tmp/rear.hvWqMGkcXVEGC9y/rootfs//usr/lib64/libudev.so.1' -> '/usr/lib64/libudev.so.1.6.2'
'/tmp/rear.hvWqMGkcXVEGC9y/rootfs//usr/lib64/libusb-1.0.so.0' -> '/usr/lib64/libusb-1.0.so.0.1.0'
'/tmp/rear.hvWqMGkcXVEGC9y/rootfs//lib64/ld-linux-x86-64.so.2' -> '/usr/lib64/ld-2.17.so'
'/usr/lib64/libGeoIP.so.1.5.0' -> '/tmp/rear.hvWqMGkcXVEGC9y/rootfs//usr/lib64/libGeoIP.so.1.5.0'
'/tmp/rear.hvWqMGkcXVEGC9y/rootfs//lib64/libGeoIP.so.1' -> '/usr/lib64/libGeoIP.so.1.5.0'
'/tmp/rear.hvWqMGkcXVEGC9y/rootfs//lib64/libacl.so.1' -> '/usr/lib64/libacl.so.1.1.0'
'/usr/lib64/libaio.so.1.0.1' -> '/tmp/rear.hvWqMGkcXVEGC9y/rootfs//usr/lib64/libaio.so.1.0.1'
'/tmp/rear.hvWqMGkcXVEGC9y/rootfs//lib64/libaio.so.1' -> '/usr/lib64/libaio.so.1.0.1'
'/tmp/rear.hvWqMGkcXVEGC9y/rootfs//lib64/libattr.so.1' -> '/usr/lib64/libattr.so.1.1.0'
'/tmp/rear.hvWqMGkcXVEGC9y/rootfs//lib64/libaudit.so.1' -> '/usr/lib64/libaudit.so.1.0.0'
'/tmp/rear.hvWqMGkcXVEGC9y/rootfs//lib64/libavahi-client.so.3' -> '/usr/lib64/libavahi-client.so.3.2.9'
'/tmp/rear.hvWqMGkcXVEGC9y/rootfs//lib64/libavahi-common.so.3' -> '/usr/lib64/libavahi-common.so.3.5.3'
'/lib64/libbfd-2.27-44.base.el7_9.1.so' -> '/tmp/rear.hvWqMGkcXVEGC9y/rootfs//lib64/libbfd-2.27-44.base.el7_9.1.so'
'/usr/lib64/libbind9.so.160.0.8' -> '/tmp/rear.hvWqMGkcXVEGC9y/rootfs//usr/lib64/libbind9.so.160.0.8'
'/tmp/rear.hvWqMGkcXVEGC9y/rootfs//lib64/libbind9.so.160' -> '/usr/lib64/libbind9.so.160.0.8'
'/tmp/rear.hvWqMGkcXVEGC9y/rootfs//lib64/libblkid.so.1' -> '/usr/lib64/libblkid.so.1.1.0'
'/tmp/rear.hvWqMGkcXVEGC9y/rootfs//lib64/libbz2.so.1' -> '/usr/lib64/libbz2.so.1.0.6'
'/tmp/rear.hvWqMGkcXVEGC9y/rootfs//lib64/libc.so.6' -> '/usr/lib64/libc-2.17.so'
'/tmp/rear.hvWqMGkcXVEGC9y/rootfs//lib64/libcap-ng.so.0' -> '/usr/lib64/libcap-ng.so.0.0.0'
'/tmp/rear.hvWqMGkcXVEGC9y/rootfs//lib64/libcap.so.2' -> '/usr/lib64/libcap.so.2.22'
'/tmp/rear.hvWqMGkcXVEGC9y/rootfs//lib64/libcom_err.so.2' -> '/usr/lib64/libcom_err.so.2.1'
'/usr/lib64/libcrack.so.2.9.0' -> '/tmp/rear.hvWqMGkcXVEGC9y/rootfs//usr/lib64/libcrack.so.2.9.0'
'/tmp/rear.hvWqMGkcXVEGC9y/rootfs//lib64/libcrack.so.2' -> '/usr/lib64/libcrack.so.2.9.0'
'/tmp/rear.hvWqMGkcXVEGC9y/rootfs//lib64/libcrypt.so.1' -> '/usr/lib64/libcrypt-2.17.so'
'/tmp/rear.hvWqMGkcXVEGC9y/rootfs//lib64/libcrypto.so.10' -> '/usr/lib64/libcrypto.so.1.0.2k'
'/usr/lib64/libcrypto.so.0.9.8e' -> '/tmp/rear.hvWqMGkcXVEGC9y/rootfs//usr/lib64/libcrypto.so.0.9.8e'
'/tmp/rear.hvWqMGkcXVEGC9y/rootfs//lib64/libcrypto.so.6' -> '/usr/lib64/libcrypto.so.0.9.8e'
'/tmp/rear.hvWqMGkcXVEGC9y/rootfs//lib64/libcryptsetup.so.12' -> '/usr/lib64/libcryptsetup.so.12.3.0'
'/tmp/rear.hvWqMGkcXVEGC9y/rootfs//lib64/libcurl.so.4' -> '/usr/lib64/libcurl.so.4.3.0'
'/tmp/rear.hvWqMGkcXVEGC9y/rootfs//lib64/libdbus-1.so.3' -> '/usr/lib64/libdbus-1.so.3.14.14'
'/lib64/libdevmapper-event.so.1.02' -> '/tmp/rear.hvWqMGkcXVEGC9y/rootfs//lib64/libdevmapper-event.so.1.02'
'/tmp/rear.hvWqMGkcXVEGC9y/rootfs//lib64/libdl.so.2' -> '/usr/lib64/libdl-2.17.so'
'/usr/lib64/libdns.so.1102.1.2' -> '/tmp/rear.hvWqMGkcXVEGC9y/rootfs//usr/lib64/libdns.so.1102.1.2'
'/tmp/rear.hvWqMGkcXVEGC9y/rootfs//lib64/libdns.so.1102' -> '/usr/lib64/libdns.so.1102.1.2'
'/tmp/rear.hvWqMGkcXVEGC9y/rootfs//lib64/libdw.so.1' -> '/usr/lib64/libdw-0.176.so'
'/usr/lib64/libe2p.so.2.3' -> '/tmp/rear.hvWqMGkcXVEGC9y/rootfs//usr/lib64/libe2p.so.2.3'
'/tmp/rear.hvWqMGkcXVEGC9y/rootfs//lib64/libe2p.so.2' -> '/usr/lib64/libe2p.so.2.3'
'/usr/lib64/libedit.so.0.0.42' -> '/tmp/rear.hvWqMGkcXVEGC9y/rootfs//usr/lib64/libedit.so.0.0.42'
'/tmp/rear.hvWqMGkcXVEGC9y/rootfs//lib64/libedit.so.0' -> '/usr/lib64/libedit.so.0.0.42'
'/tmp/rear.hvWqMGkcXVEGC9y/rootfs//lib64/libelf.so.1' -> '/usr/lib64/libelf-0.176.so'
'/usr/lib64/libestr.so.0.0.0' -> '/tmp/rear.hvWqMGkcXVEGC9y/rootfs//usr/lib64/libestr.so.0.0.0'
'/tmp/rear.hvWqMGkcXVEGC9y/rootfs//lib64/libestr.so.0' -> '/usr/lib64/libestr.so.0.0.0'
'/usr/lib64/libexpat.so.1.6.0' -> '/tmp/rear.hvWqMGkcXVEGC9y/rootfs//usr/lib64/libexpat.so.1.6.0'
'/tmp/rear.hvWqMGkcXVEGC9y/rootfs//lib64/libexpat.so.1' -> '/usr/lib64/libexpat.so.1.6.0'
'/usr/lib64/libext2fs.so.2.4' -> '/tmp/rear.hvWqMGkcXVEGC9y/rootfs//usr/lib64/libext2fs.so.2.4'
'/tmp/rear.hvWqMGkcXVEGC9y/rootfs//lib64/libext2fs.so.2' -> '/usr/lib64/libext2fs.so.2.4'
'/usr/lib64/libfastjson.so.4.0.0' -> '/tmp/rear.hvWqMGkcXVEGC9y/rootfs//usr/lib64/libfastjson.so.4.0.0'
'/tmp/rear.hvWqMGkcXVEGC9y/rootfs//lib64/libfastjson.so.4' -> '/usr/lib64/libfastjson.so.4.0.0'
'/tmp/rear.hvWqMGkcXVEGC9y/rootfs//lib64/libffi.so.6' -> '/usr/lib64/libffi.so.6.0.1'
'/usr/lib64/libfipscheck.so.1.2.1' -> '/tmp/rear.hvWqMGkcXVEGC9y/rootfs//usr/lib64/libfipscheck.so.1.2.1'
'/tmp/rear.hvWqMGkcXVEGC9y/rootfs//lib64/libfipscheck.so.1' -> '/usr/lib64/libfipscheck.so.1.2.1'
'/tmp/rear.hvWqMGkcXVEGC9y/rootfs//lib64/libgcc_s.so.1' -> '/usr/lib64/libgcc_s-4.8.5-20150702.so.1'
'/tmp/rear.hvWqMGkcXVEGC9y/rootfs//lib64/libgcrypt.so.11' -> '/usr/lib64/libgcrypt.so.11.8.2'
'/tmp/rear.hvWqMGkcXVEGC9y/rootfs//lib64/libgio-2.0.so.0' -> '/usr/lib64/libgio-2.0.so.0.5600.1'
'/tmp/rear.hvWqMGkcXVEGC9y/rootfs//lib64/libglib-2.0.so.0' -> '/usr/lib64/libglib-2.0.so.0.5600.1'
'/tmp/rear.hvWqMGkcXVEGC9y/rootfs//lib64/libgmodule-2.0.so.0' -> '/usr/lib64/libgmodule-2.0.so.0.5600.1'
'/usr/lib64/libgmp.so.10.2.0' -> '/tmp/rear.hvWqMGkcXVEGC9y/rootfs//usr/lib64/libgmp.so.10.2.0'
'/tmp/rear.hvWqMGkcXVEGC9y/rootfs//lib64/libgmp.so.10' -> '/usr/lib64/libgmp.so.10.2.0'
'/tmp/rear.hvWqMGkcXVEGC9y/rootfs//lib64/libgobject-2.0.so.0' -> '/usr/lib64/libgobject-2.0.so.0.5600.1'
'/tmp/rear.hvWqMGkcXVEGC9y/rootfs//lib64/libgpg-error.so.0' -> '/usr/lib64/libgpg-error.so.0.10.0'
'/tmp/rear.hvWqMGkcXVEGC9y/rootfs//lib64/libgssapi_krb5.so.2' -> '/usr/lib64/libgssapi_krb5.so.2.2'
'/tmp/rear.hvWqMGkcXVEGC9y/rootfs//lib64/libgudev-1.0.so.0' -> '/usr/lib64/libgudev-1.0.so.0.2.0'
'/tmp/rear.hvWqMGkcXVEGC9y/rootfs//lib64/libidn.so.11' -> '/usr/lib64/libidn.so.11.6.11'
'/usr/lib64/libisc.so.169.0.3' -> '/tmp/rear.hvWqMGkcXVEGC9y/rootfs//usr/lib64/libisc.so.169.0.3'
'/tmp/rear.hvWqMGkcXVEGC9y/rootfs//lib64/libisc.so.169' -> '/usr/lib64/libisc.so.169.0.3'
'/usr/lib64/libisccfg.so.160.2.1' -> '/tmp/rear.hvWqMGkcXVEGC9y/rootfs//usr/lib64/libisccfg.so.160.2.1'
'/tmp/rear.hvWqMGkcXVEGC9y/rootfs//lib64/libisccfg.so.160' -> '/usr/lib64/libisccfg.so.160.2.1'
'/tmp/rear.hvWqMGkcXVEGC9y/rootfs//lib64/libjson-c.so.2' -> '/usr/lib64/libjson-c.so.2.0.1'
'/tmp/rear.hvWqMGkcXVEGC9y/rootfs//lib64/libk5crypto.so.3' -> '/usr/lib64/libk5crypto.so.3.1'
'/tmp/rear.hvWqMGkcXVEGC9y/rootfs//lib64/libkeyutils.so.1' -> '/usr/lib64/libkeyutils.so.1.5'
'/tmp/rear.hvWqMGkcXVEGC9y/rootfs//lib64/libkmod.so.2' -> '/usr/lib64/libkmod.so.2.2.10'
'/tmp/rear.hvWqMGkcXVEGC9y/rootfs//lib64/libkrb5.so.3' -> '/usr/lib64/libkrb5.so.3.3'
'/tmp/rear.hvWqMGkcXVEGC9y/rootfs//lib64/libkrb5support.so.0' -> '/usr/lib64/libkrb5support.so.0.1'
'/tmp/rear.hvWqMGkcXVEGC9y/rootfs//lib64/liblber-2.4.so.2' -> '/usr/lib64/liblber-2.4.so.2.10.7'
'/tmp/rear.hvWqMGkcXVEGC9y/rootfs//lib64/libldap-2.4.so.2' -> '/usr/lib64/libldap-2.4.so.2.10.7'
'/usr/lib64/liblwres.so.160.0.2' -> '/tmp/rear.hvWqMGkcXVEGC9y/rootfs//usr/lib64/liblwres.so.160.0.2'
'/tmp/rear.hvWqMGkcXVEGC9y/rootfs//lib64/liblwres.so.160' -> '/usr/lib64/liblwres.so.160.0.2'
'/tmp/rear.hvWqMGkcXVEGC9y/rootfs//lib64/liblz4.so.1' -> '/usr/lib64/liblz4.so.1.8.3'
'/tmp/rear.hvWqMGkcXVEGC9y/rootfs//lib64/liblzma.so.5' -> '/usr/lib64/liblzma.so.5.2.2'
'/usr/lib64/liblzo2.so.2.0.0' -> '/tmp/rear.hvWqMGkcXVEGC9y/rootfs//usr/lib64/liblzo2.so.2.0.0'
'/tmp/rear.hvWqMGkcXVEGC9y/rootfs//lib64/liblzo2.so.2' -> '/usr/lib64/liblzo2.so.2.0.0'
'/tmp/rear.hvWqMGkcXVEGC9y/rootfs//lib64/libm.so.6' -> '/usr/lib64/libm-2.17.so'
'/tmp/rear.hvWqMGkcXVEGC9y/rootfs//lib64/libmount.so.1' -> '/usr/lib64/libmount.so.1.1.0'
'/usr/lib64/libncurses.so.5.9' -> '/tmp/rear.hvWqMGkcXVEGC9y/rootfs//usr/lib64/libncurses.so.5.9'
'/tmp/rear.hvWqMGkcXVEGC9y/rootfs//lib64/libncurses.so.5' -> '/usr/lib64/libncurses.so.5.9'
'/usr/lib64/libncursesw.so.5.9' -> '/tmp/rear.hvWqMGkcXVEGC9y/rootfs//usr/lib64/libncursesw.so.5.9'
'/tmp/rear.hvWqMGkcXVEGC9y/rootfs//lib64/libncursesw.so.5' -> '/usr/lib64/libncursesw.so.5.9'
'/usr/lib64/libnsl-2.17.so' -> '/tmp/rear.hvWqMGkcXVEGC9y/rootfs//usr/lib64/libnsl-2.17.so'
'/tmp/rear.hvWqMGkcXVEGC9y/rootfs//lib64/libnsl.so.1' -> '/usr/lib64/libnsl-2.17.so'
'/usr/lib64/libomapi.so.0.0.0' -> '/tmp/rear.hvWqMGkcXVEGC9y/rootfs//usr/lib64/libomapi.so.0.0.0'
'/tmp/rear.hvWqMGkcXVEGC9y/rootfs//lib64/libomapi.so.0' -> '/usr/lib64/libomapi.so.0.0.0'
'/usr/lib64/libpam.so.0.83.1' -> '/tmp/rear.hvWqMGkcXVEGC9y/rootfs//usr/lib64/libpam.so.0.83.1'
'/tmp/rear.hvWqMGkcXVEGC9y/rootfs//lib64/libpam.so.0' -> '/usr/lib64/libpam.so.0.83.1'
'/usr/lib64/libparted.so.2.0.0' -> '/tmp/rear.hvWqMGkcXVEGC9y/rootfs//usr/lib64/libparted.so.2.0.0'
'/tmp/rear.hvWqMGkcXVEGC9y/rootfs//lib64/libparted.so.2' -> '/usr/lib64/libparted.so.2.0.0'
'/usr/lib64/libpci.so.3.5.1' -> '/tmp/rear.hvWqMGkcXVEGC9y/rootfs//usr/lib64/libpci.so.3.5.1'
'/tmp/rear.hvWqMGkcXVEGC9y/rootfs//lib64/libpci.so.3' -> '/usr/lib64/libpci.so.3.5.1'
'/tmp/rear.hvWqMGkcXVEGC9y/rootfs//lib64/libpcre.so.1' -> '/usr/lib64/libpcre.so.1.2.0'
'/usr/lib64/libpopt.so.0.0.0' -> '/tmp/rear.hvWqMGkcXVEGC9y/rootfs//usr/lib64/libpopt.so.0.0.0'
'/tmp/rear.hvWqMGkcXVEGC9y/rootfs//lib64/libpopt.so.0' -> '/usr/lib64/libpopt.so.0.0.0'
'/usr/lib64/libprocps.so.4.0.0' -> '/tmp/rear.hvWqMGkcXVEGC9y/rootfs//usr/lib64/libprocps.so.4.0.0'
'/tmp/rear.hvWqMGkcXVEGC9y/rootfs//lib64/libprocps.so.4' -> '/usr/lib64/libprocps.so.4.0.0'
'/tmp/rear.hvWqMGkcXVEGC9y/rootfs//lib64/libpthread.so.0' -> '/usr/lib64/libpthread-2.17.so'
'/usr/lib64/libpwquality.so.1.0.2' -> '/tmp/rear.hvWqMGkcXVEGC9y/rootfs//usr/lib64/libpwquality.so.1.0.2'
'/tmp/rear.hvWqMGkcXVEGC9y/rootfs//lib64/libpwquality.so.1' -> '/usr/lib64/libpwquality.so.1.0.2'
'/usr/lib64/libqrencode.so.3.4.1' -> '/tmp/rear.hvWqMGkcXVEGC9y/rootfs//usr/lib64/libqrencode.so.3.4.1'
'/tmp/rear.hvWqMGkcXVEGC9y/rootfs//lib64/libqrencode.so.3' -> '/usr/lib64/libqrencode.so.3.4.1'
'/usr/lib64/libreadline.so.6.2' -> '/tmp/rear.hvWqMGkcXVEGC9y/rootfs//usr/lib64/libreadline.so.6.2'
'/tmp/rear.hvWqMGkcXVEGC9y/rootfs//lib64/libreadline.so.6' -> '/usr/lib64/libreadline.so.6.2'
'/tmp/rear.hvWqMGkcXVEGC9y/rootfs//lib64/libresolv.so.2' -> '/usr/lib64/libresolv-2.17.so'
'/tmp/rear.hvWqMGkcXVEGC9y/rootfs//lib64/librt.so.1' -> '/usr/lib64/librt-2.17.so'
'/tmp/rear.hvWqMGkcXVEGC9y/rootfs//lib64/libsasl2.so.3' -> '/usr/lib64/libsasl2.so.3.0.0'
'/usr/lib64/libsgutils2.so.2.0.0' -> '/tmp/rear.hvWqMGkcXVEGC9y/rootfs//usr/lib64/libsgutils2.so.2.0.0'
'/tmp/rear.hvWqMGkcXVEGC9y/rootfs//lib64/libsgutils2.so.2' -> '/usr/lib64/libsgutils2.so.2.0.0'
'/tmp/rear.hvWqMGkcXVEGC9y/rootfs//lib64/libsqlite3.so.0' -> '/usr/lib64/libsqlite3.so.0.8.6'
'/tmp/rear.hvWqMGkcXVEGC9y/rootfs//lib64/libssh2.so.1' -> '/usr/lib64/libssh2.so.1.0.1'
'/tmp/rear.hvWqMGkcXVEGC9y/rootfs//lib64/libssl.so.10' -> '/usr/lib64/libssl.so.1.0.2k'
'/usr/lib64/libsystemd-daemon.so.0.0.12' -> '/tmp/rear.hvWqMGkcXVEGC9y/rootfs//usr/lib64/libsystemd-daemon.so.0.0.12'
'/tmp/rear.hvWqMGkcXVEGC9y/rootfs//lib64/libsystemd-daemon.so.0' -> '/usr/lib64/libsystemd-daemon.so.0.0.12'
'/tmp/rear.hvWqMGkcXVEGC9y/rootfs//lib64/libsystemd.so.0' -> '/usr/lib64/libsystemd.so.0.6.0'
'/usr/lib64/libtinfo.so.5.9' -> '/tmp/rear.hvWqMGkcXVEGC9y/rootfs//usr/lib64/libtinfo.so.5.9'
'/tmp/rear.hvWqMGkcXVEGC9y/rootfs//lib64/libtinfo.so.5' -> '/usr/lib64/libtinfo.so.5.9'
'/usr/lib64/libtirpc.so.1.0.10' -> '/tmp/rear.hvWqMGkcXVEGC9y/rootfs//usr/lib64/libtirpc.so.1.0.10'
'/tmp/rear.hvWqMGkcXVEGC9y/rootfs//lib64/libtirpc.so.1' -> '/usr/lib64/libtirpc.so.1.0.10'
'/tmp/rear.hvWqMGkcXVEGC9y/rootfs//lib64/libudev.so.1' -> '/usr/lib64/libudev.so.1.6.2'
'/tmp/rear.hvWqMGkcXVEGC9y/rootfs//lib64/libusb-1.0.so.0' -> '/usr/lib64/libusb-1.0.so.0.1.0'
'/usr/lib64/libutil-2.17.so' -> '/tmp/rear.hvWqMGkcXVEGC9y/rootfs//usr/lib64/libutil-2.17.so'
'/tmp/rear.hvWqMGkcXVEGC9y/rootfs//lib64/libutil.so.1' -> '/usr/lib64/libutil-2.17.so'
'/tmp/rear.hvWqMGkcXVEGC9y/rootfs//lib64/libuuid.so.1' -> '/usr/lib64/libuuid.so.1.3.0'
'/usr/lib64/libwrap.so.0.7.6' -> '/tmp/rear.hvWqMGkcXVEGC9y/rootfs//usr/lib64/libwrap.so.0.7.6'
'/tmp/rear.hvWqMGkcXVEGC9y/rootfs//lib64/libwrap.so.0' -> '/usr/lib64/libwrap.so.0.7.6'
'/usr/lib64/libxml2.so.2.9.1' -> '/tmp/rear.hvWqMGkcXVEGC9y/rootfs//usr/lib64/libxml2.so.2.9.1'
'/tmp/rear.hvWqMGkcXVEGC9y/rootfs//lib64/libxml2.so.2' -> '/usr/lib64/libxml2.so.2.9.1'
'/tmp/rear.hvWqMGkcXVEGC9y/rootfs//lib64/libz.so.1' -> '/usr/lib64/libz.so.1.2.7'
mkdir: created directory '/tmp/rear.hvWqMGkcXVEGC9y/rootfs//usr/lib64/bind9-export'
'/usr/lib64/bind9-export/libdns-export.so.1102.1.2' -> '/tmp/rear.hvWqMGkcXVEGC9y/rootfs//usr/lib64/bind9-export/libdns-export.so.1102.1.2'
'/tmp/rear.hvWqMGkcXVEGC9y/rootfs//usr/lib64//bind9-export/libdns-export.so.1102' -> '/usr/lib64/bind9-export/libdns-export.so.1102.1.2'
'/usr/lib64/bind9-export/libisc-export.so.169.0.3' -> '/tmp/rear.hvWqMGkcXVEGC9y/rootfs//usr/lib64/bind9-export/libisc-export.so.169.0.3'
'/tmp/rear.hvWqMGkcXVEGC9y/rootfs//usr/lib64//bind9-export/libisc-export.so.169' -> '/usr/lib64/bind9-export/libisc-export.so.169.0.3'
'/tmp/rear.hvWqMGkcXVEGC9y/rootfs//usr/lib64/libc.so.6' -> '/usr/lib64/libc-2.17.so'
'/usr/lib64/libmagic.so.1.0.0' -> '/tmp/rear.hvWqMGkcXVEGC9y/rootfs//usr/lib64/libmagic.so.1.0.0'
'/tmp/rear.hvWqMGkcXVEGC9y/rootfs//usr/lib64/libmagic.so.1' -> '/usr/lib64/libmagic.so.1.0.0'
'/tmp/rear.hvWqMGkcXVEGC9y/rootfs//usr/lib64/libz.so.1' -> '/usr/lib64/libz.so.1.2.7'
ldconfig: Can't stat /usr/lib64/dyninst: No such file or directory
ldconfig: Can't stat /usr/lib64/iscsi: No such file or directory
ldconfig: Can't stat /usr/lib64/mysql: No such file or directory
ldconfig: Can't stat /libx32: No such file or directory
ldconfig: Path `/usr/lib' given more than once
ldconfig: Path `/usr/lib64' given more than once
ldconfig: Can't stat /usr/libx32: No such file or directory
/usr/lib64//bind9-export:
	libisc-export.so.169 -> libisc-export.so.169.0.3
	libdns-export.so.1102 -> libdns-export.so.1102.1.2
/lib:
/lib64:
	libmagic.so.1 -> libmagic.so.1.0.0
	libxml2.so.2 -> libxml2.so.2.9.1
	libwrap.so.0 -> libwrap.so.0.7.6
	libutil.so.1 -> libutil-2.17.so
	libtirpc.so.1 -> libtirpc.so.1.0.10
	libtinfo.so.5 -> libtinfo.so.5.9
	libsystemd-daemon.so.0 -> libsystemd-daemon.so.0.0.12
	libsgutils2.so.2 -> libsgutils2.so.2.0.0
	libreadline.so.6 -> libreadline.so.6.2
	libqrencode.so.3 -> libqrencode.so.3.4.1
	libpwquality.so.1 -> libpwquality.so.1.0.2
	libprocps.so.4 -> libprocps.so.4.0.0
	libpopt.so.0 -> libpopt.so.0.0.0
	libpci.so.3 -> libpci.so.3.5.1
	libparted.so.2 -> libparted.so.2.0.0
	libpam.so.0 -> libpam.so.0.83.1
	libomapi.so.0 -> libomapi.so.0.0.0
	libnsl.so.1 -> libnsl-2.17.so
	libncursesw.so.5 -> libncursesw.so.5.9
	libncurses.so.5 -> libncurses.so.5.9
	liblzo2.so.2 -> liblzo2.so.2.0.0
	liblwres.so.160 -> liblwres.so.160.0.2
	libisccfg.so.160 -> libisccfg.so.160.2.1
	libisc.so.169 -> libisc.so.169.0.3
	libgmp.so.10 -> libgmp.so.10.2.0
	libfipscheck.so.1 -> libfipscheck.so.1.2.1
	libfastjson.so.4 -> libfastjson.so.4.0.0
	libext2fs.so.2 -> libext2fs.so.2.4
	libexpat.so.1 -> libexpat.so.1.6.0
	libestr.so.0 -> libestr.so.0.0.0
	libedit.so.0 -> libedit.so.0.0.42
	libe2p.so.2 -> libe2p.so.2.3
	libdns.so.1102 -> libdns.so.1102.1.2
	libdevmapper-event.so.1.02 -> libdevmapper-event.so.1.02
	libcrypto.so.6 -> libcrypto.so.0.9.8e
	libcrack.so.2 -> libcrack.so.2.9.0
	libbind9.so.160 -> libbind9.so.160.0.8
	libbfd-2.27-44.base.el7_9.1.so -> libbfd-2.27-44.base.el7_9.1.so
	libaio.so.1 -> libaio.so.1.0.1
	libGeoIP.so.1 -> libGeoIP.so.1.5.0
	libmtp.so.9 -> libmtp.so.9.3.0
	libz.so.1 -> libz.so.1.2.7
	libwacom.so.2 -> libwacom.so.2.6.1
	libuuid.so.1 -> libuuid.so.1.3.0
	libusb-1.0.so.0 -> libusb-1.0.so.0.1.0
	libudev.so.1 -> libudev.so.1.6.2
	libsystemd.so.0 -> libsystemd.so.0.6.0
	libssl3.so -> libssl3.so
	libsmime3.so -> libsmime3.so
	libsepol.so.1 -> libsepol.so.1
	libselinux.so.1 -> libselinux.so.1
	libsasl2.so.3 -> libsasl2.so.3.0.0
	librt.so.1 -> librt-2.17.so
	libpthread.so.0 -> libpthread-2.17.so
	libplds4.so -> libplds4.so
	libplc4.so -> libplc4.so
	libpcre.so.1 -> libpcre.so.1.2.0
	libnspr4.so -> libnspr4.so
	libmount.so.1 -> libmount.so.1.1.0
	libm.so.6 -> libm-2.17.so
	liblzma.so.5 -> liblzma.so.5.2.2
	liblz4.so.1 -> liblz4.so.1.8.3
	libldap-2.4.so.2 -> libldap-2.4.so.2.10.7
	liblber-2.4.so.2 -> liblber-2.4.so.2.10.7
	libkrb5.so.3 -> libkrb5.so.3.3
	libkmod.so.2 -> libkmod.so.2.2.10
	libkeyutils.so.1 -> libkeyutils.so.1.5
	libk5crypto.so.3 -> libk5crypto.so.3.1
	libjson-c.so.2 -> libjson-c.so.2.0.1
	libidn.so.11 -> libidn.so.11.6.11
	libgudev-1.0.so.0 -> libgudev-1.0.so.0.2.0
	libgssapi_krb5.so.2 -> libgssapi_krb5.so.2.2
	libgpg-error.so.0 -> libgpg-error.so.0.10.0
	libgobject-2.0.so.0 -> libgobject-2.0.so.0.5600.1
	libgmodule-2.0.so.0 -> libgmodule-2.0.so.0.5600.1
	libglib-2.0.so.0 -> libglib-2.0.so.0.5600.1
	libgio-2.0.so.0 -> libgio-2.0.so.0.5600.1
	libgcrypt.so.11 -> libgcrypt.so.11.8.2
	libffi.so.6 -> libffi.so.6.0.1
	libelf.so.1 -> libelf-0.176.so
	libdw.so.1 -> libdw-0.176.so
	libdl.so.2 -> libdl-2.17.so
	libdevmapper.so.1.02 -> libdevmapper.so.1.02
	libdbus-1.so.3 -> libdbus-1.so.3.14.14
	libcurl.so.4 -> libcurl.so.4.3.0
	libcups.so.2 -> libcups.so.2
	libcryptsetup.so.12 -> libcryptsetup.so.12.3.0
	libcrypto.so.10 -> libcrypto.so.1.0.2k
	libcrypt.so.1 -> libcrypt-2.17.so
	libcom_err.so.2 -> libcom_err.so.2.1
	libcap.so.2 -> libcap.so.2.22
	libcap-ng.so.0 -> libcap-ng.so.0.0.0
	libc.so.6 -> libc-2.17.so
	libbz2.so.1 -> libbz2.so.1.0.6
	libblkid.so.1 -> libblkid.so.1.1.0
	libavahi-common.so.3 -> libavahi-common.so.3.5.3
	libavahi-client.so.3 -> libavahi-client.so.3.2.9
	libaudit.so.1 -> libaudit.so.1.0.0
	libattr.so.1 -> libattr.so.1.1.0
	libacl.so.1 -> libacl.so.1.1.0
	ld-linux-x86-64.so.2 -> ld-2.17.so
	libnssdbm3.so -> libnssdbm3.so
	libkrb5support.so.0 -> libkrb5support.so.0.1
	libssl.so.6 -> libssl.so.0.9.8e
	libssh2.so.1 -> libssh2.so.1.0.1
	libssl.so.10 -> libssl.so.1.0.2k
	libsqlite3.so.0 -> libsqlite3.so.0.8.6
	libsoftokn3.so -> libsoftokn3.so
	libnssutil3.so -> libnssutil3.so
	libnss3.so -> libnss3.so
	libfreeblpriv3.so -> libfreeblpriv3.so
	libfreebl3.so -> libfreebl3.so
	libnsspem.so -> libnsspem.so
	libresolv.so.2 -> libresolv-2.17.so
	libgcc_s.so.1 -> libgcc_s-4.8.5-20150702.so.1
	libnss_files.so.2 -> libnss_files-2.17.so
	libnss_dns.so.2 -> libnss_dns-2.17.so
2023-06-30 03:25:38.034448849 Including build/GNU/Linux/400_copy_modules.sh
2023-06-30 03:25:38.051626543 Copying kernel modules
/lib/modules/3.10.0-1160.92.1.el7.x86_64/kernel -> /tmp/rear.hvWqMGkcXVEGC9y/rootfs/lib/modules/3.10.0-1160.92.1.el7.x86_64/kernel
/lib/modules/3.10.0-1160.92.1.el7.x86_64/kernel/fs -> /tmp/rear.hvWqMGkcXVEGC9y/rootfs/lib/modules/3.10.0-1160.92.1.el7.x86_64/kernel/fs
/lib/modules/3.10.0-1160.92.1.el7.x86_64/kernel/fs/fat -> /tmp/rear.hvWqMGkcXVEGC9y/rootfs/lib/modules/3.10.0-1160.92.1.el7.x86_64/kernel/fs/fat
'/lib/modules/3.10.0-1160.92.1.el7.x86_64/kernel/fs/fat/fat.ko.xz' -> '/tmp/rear.hvWqMGkcXVEGC9y/rootfs/lib/modules/3.10.0-1160.92.1.el7.x86_64/kernel/fs/fat/fat.ko.xz'
'/lib/modules/3.10.0-1160.92.1.el7.x86_64/kernel/fs/fat/vfat.ko.xz' -> '/tmp/rear.hvWqMGkcXVEGC9y/rootfs/lib/modules/3.10.0-1160.92.1.el7.x86_64/kernel/fs/fat/vfat.ko.xz'
/lib/modules/3.10.0-1160.92.1.el7.x86_64/kernel/fs/nls -> /tmp/rear.hvWqMGkcXVEGC9y/rootfs/lib/modules/3.10.0-1160.92.1.el7.x86_64/kernel/fs/nls
'/lib/modules/3.10.0-1160.92.1.el7.x86_64/kernel/fs/nls/nls_iso8859-1.ko.xz' -> '/tmp/rear.hvWqMGkcXVEGC9y/rootfs/lib/modules/3.10.0-1160.92.1.el7.x86_64/kernel/fs/nls/nls_iso8859-1.ko.xz'
'/lib/modules/3.10.0-1160.92.1.el7.x86_64/kernel/fs/nls/nls_utf8.ko.xz' -> '/tmp/rear.hvWqMGkcXVEGC9y/rootfs/lib/modules/3.10.0-1160.92.1.el7.x86_64/kernel/fs/nls/nls_utf8.ko.xz'
modinfo: ERROR: Module nls_cp437 not found.
modinfo: ERROR: Module af_packet not found.
modinfo: ERROR: Module unix not found.
/lib/modules/3.10.0-1160.92.1.el7.x86_64/kernel/fs/fscache -> /tmp/rear.hvWqMGkcXVEGC9y/rootfs/lib/modules/3.10.0-1160.92.1.el7.x86_64/kernel/fs/fscache
'/lib/modules/3.10.0-1160.92.1.el7.x86_64/kernel/fs/fscache/fscache.ko.xz' -> '/tmp/rear.hvWqMGkcXVEGC9y/rootfs/lib/modules/3.10.0-1160.92.1.el7.x86_64/kernel/fs/fscache/fscache.ko.xz'
/lib/modules/3.10.0-1160.92.1.el7.x86_64/kernel/fs/lockd -> /tmp/rear.hvWqMGkcXVEGC9y/rootfs/lib/modules/3.10.0-1160.92.1.el7.x86_64/kernel/fs/lockd
'/lib/modules/3.10.0-1160.92.1.el7.x86_64/kernel/fs/lockd/lockd.ko.xz' -> '/tmp/rear.hvWqMGkcXVEGC9y/rootfs/lib/modules/3.10.0-1160.92.1.el7.x86_64/kernel/fs/lockd/lockd.ko.xz'
/lib/modules/3.10.0-1160.92.1.el7.x86_64/kernel/fs/nfs -> /tmp/rear.hvWqMGkcXVEGC9y/rootfs/lib/modules/3.10.0-1160.92.1.el7.x86_64/kernel/fs/nfs
'/lib/modules/3.10.0-1160.92.1.el7.x86_64/kernel/fs/nfs/nfs.ko.xz' -> '/tmp/rear.hvWqMGkcXVEGC9y/rootfs/lib/modules/3.10.0-1160.92.1.el7.x86_64/kernel/fs/nfs/nfs.ko.xz'
/lib/modules/3.10.0-1160.92.1.el7.x86_64/kernel/fs/nfs_common -> /tmp/rear.hvWqMGkcXVEGC9y/rootfs/lib/modules/3.10.0-1160.92.1.el7.x86_64/kernel/fs/nfs_common
'/lib/modules/3.10.0-1160.92.1.el7.x86_64/kernel/fs/nfs_common/grace.ko.xz' -> '/tmp/rear.hvWqMGkcXVEGC9y/rootfs/lib/modules/3.10.0-1160.92.1.el7.x86_64/kernel/fs/nfs_common/grace.ko.xz'
/lib/modules/3.10.0-1160.92.1.el7.x86_64/kernel/net -> /tmp/rear.hvWqMGkcXVEGC9y/rootfs/lib/modules/3.10.0-1160.92.1.el7.x86_64/kernel/net
/lib/modules/3.10.0-1160.92.1.el7.x86_64/kernel/net/sunrpc -> /tmp/rear.hvWqMGkcXVEGC9y/rootfs/lib/modules/3.10.0-1160.92.1.el7.x86_64/kernel/net/sunrpc
'/lib/modules/3.10.0-1160.92.1.el7.x86_64/kernel/net/sunrpc/sunrpc.ko.xz' -> '/tmp/rear.hvWqMGkcXVEGC9y/rootfs/lib/modules/3.10.0-1160.92.1.el7.x86_64/kernel/net/sunrpc/sunrpc.ko.xz'
'/lib/modules/3.10.0-1160.92.1.el7.x86_64/kernel/fs/fscache/fscache.ko.xz' -> '/tmp/rear.hvWqMGkcXVEGC9y/rootfs/lib/modules/3.10.0-1160.92.1.el7.x86_64/kernel/fs/fscache/fscache.ko.xz'
'/lib/modules/3.10.0-1160.92.1.el7.x86_64/kernel/fs/lockd/lockd.ko.xz' -> '/tmp/rear.hvWqMGkcXVEGC9y/rootfs/lib/modules/3.10.0-1160.92.1.el7.x86_64/kernel/fs/lockd/lockd.ko.xz'
'/lib/modules/3.10.0-1160.92.1.el7.x86_64/kernel/fs/nfs/nfs.ko.xz' -> '/tmp/rear.hvWqMGkcXVEGC9y/rootfs/lib/modules/3.10.0-1160.92.1.el7.x86_64/kernel/fs/nfs/nfs.ko.xz'
'/lib/modules/3.10.0-1160.92.1.el7.x86_64/kernel/fs/nfs/nfsv4.ko.xz' -> '/tmp/rear.hvWqMGkcXVEGC9y/rootfs/lib/modules/3.10.0-1160.92.1.el7.x86_64/kernel/fs/nfs/nfsv4.ko.xz'
'/lib/modules/3.10.0-1160.92.1.el7.x86_64/kernel/fs/nfs_common/grace.ko.xz' -> '/tmp/rear.hvWqMGkcXVEGC9y/rootfs/lib/modules/3.10.0-1160.92.1.el7.x86_64/kernel/fs/nfs_common/grace.ko.xz'
/lib/modules/3.10.0-1160.92.1.el7.x86_64/kernel/net/dns_resolver -> /tmp/rear.hvWqMGkcXVEGC9y/rootfs/lib/modules/3.10.0-1160.92.1.el7.x86_64/kernel/net/dns_resolver
'/lib/modules/3.10.0-1160.92.1.el7.x86_64/kernel/net/dns_resolver/dns_resolver.ko.xz' -> '/tmp/rear.hvWqMGkcXVEGC9y/rootfs/lib/modules/3.10.0-1160.92.1.el7.x86_64/kernel/net/dns_resolver/dns_resolver.ko.xz'
'/lib/modules/3.10.0-1160.92.1.el7.x86_64/kernel/net/sunrpc/sunrpc.ko.xz' -> '/tmp/rear.hvWqMGkcXVEGC9y/rootfs/lib/modules/3.10.0-1160.92.1.el7.x86_64/kernel/net/sunrpc/sunrpc.ko.xz'
'/lib/modules/3.10.0-1160.92.1.el7.x86_64/kernel/fs/fscache/fscache.ko.xz' -> '/tmp/rear.hvWqMGkcXVEGC9y/rootfs/lib/modules/3.10.0-1160.92.1.el7.x86_64/kernel/fs/fscache/fscache.ko.xz'
'/lib/modules/3.10.0-1160.92.1.el7.x86_64/kernel/fs/lockd/lockd.ko.xz' -> '/tmp/rear.hvWqMGkcXVEGC9y/rootfs/lib/modules/3.10.0-1160.92.1.el7.x86_64/kernel/fs/lockd/lockd.ko.xz'
'/lib/modules/3.10.0-1160.92.1.el7.x86_64/kernel/fs/nfs/nfs.ko.xz' -> '/tmp/rear.hvWqMGkcXVEGC9y/rootfs/lib/modules/3.10.0-1160.92.1.el7.x86_64/kernel/fs/nfs/nfs.ko.xz'
'/lib/modules/3.10.0-1160.92.1.el7.x86_64/kernel/fs/nfs/nfsv3.ko.xz' -> '/tmp/rear.hvWqMGkcXVEGC9y/rootfs/lib/modules/3.10.0-1160.92.1.el7.x86_64/kernel/fs/nfs/nfsv3.ko.xz'
'/lib/modules/3.10.0-1160.92.1.el7.x86_64/kernel/fs/nfs_common/grace.ko.xz' -> '/tmp/rear.hvWqMGkcXVEGC9y/rootfs/lib/modules/3.10.0-1160.92.1.el7.x86_64/kernel/fs/nfs_common/grace.ko.xz'
'/lib/modules/3.10.0-1160.92.1.el7.x86_64/kernel/fs/nfs_common/nfs_acl.ko.xz' -> '/tmp/rear.hvWqMGkcXVEGC9y/rootfs/lib/modules/3.10.0-1160.92.1.el7.x86_64/kernel/fs/nfs_common/nfs_acl.ko.xz'
'/lib/modules/3.10.0-1160.92.1.el7.x86_64/kernel/net/sunrpc/sunrpc.ko.xz' -> '/tmp/rear.hvWqMGkcXVEGC9y/rootfs/lib/modules/3.10.0-1160.92.1.el7.x86_64/kernel/net/sunrpc/sunrpc.ko.xz'
'/lib/modules/3.10.0-1160.92.1.el7.x86_64/kernel/fs/lockd/lockd.ko.xz' -> '/tmp/rear.hvWqMGkcXVEGC9y/rootfs/lib/modules/3.10.0-1160.92.1.el7.x86_64/kernel/fs/lockd/lockd.ko.xz'
'/lib/modules/3.10.0-1160.92.1.el7.x86_64/kernel/fs/nfs_common/grace.ko.xz' -> '/tmp/rear.hvWqMGkcXVEGC9y/rootfs/lib/modules/3.10.0-1160.92.1.el7.x86_64/kernel/fs/nfs_common/grace.ko.xz'
'/lib/modules/3.10.0-1160.92.1.el7.x86_64/kernel/net/sunrpc/sunrpc.ko.xz' -> '/tmp/rear.hvWqMGkcXVEGC9y/rootfs/lib/modules/3.10.0-1160.92.1.el7.x86_64/kernel/net/sunrpc/sunrpc.ko.xz'
'/lib/modules/3.10.0-1160.92.1.el7.x86_64/kernel/net/sunrpc/sunrpc.ko.xz' -> '/tmp/rear.hvWqMGkcXVEGC9y/rootfs/lib/modules/3.10.0-1160.92.1.el7.x86_64/kernel/net/sunrpc/sunrpc.ko.xz'
/lib/modules/3.10.0-1160.92.1.el7.x86_64/kernel/fs/cifs -> /tmp/rear.hvWqMGkcXVEGC9y/rootfs/lib/modules/3.10.0-1160.92.1.el7.x86_64/kernel/fs/cifs
'/lib/modules/3.10.0-1160.92.1.el7.x86_64/kernel/fs/cifs/cifs.ko.xz' -> '/tmp/rear.hvWqMGkcXVEGC9y/rootfs/lib/modules/3.10.0-1160.92.1.el7.x86_64/kernel/fs/cifs/cifs.ko.xz'
'/lib/modules/3.10.0-1160.92.1.el7.x86_64/kernel/net/dns_resolver/dns_resolver.ko.xz' -> '/tmp/rear.hvWqMGkcXVEGC9y/rootfs/lib/modules/3.10.0-1160.92.1.el7.x86_64/kernel/net/dns_resolver/dns_resolver.ko.xz'
modinfo: ERROR: Module usbcore not found.
/lib/modules/3.10.0-1160.92.1.el7.x86_64/kernel/drivers -> /tmp/rear.hvWqMGkcXVEGC9y/rootfs/lib/modules/3.10.0-1160.92.1.el7.x86_64/kernel/drivers
/lib/modules/3.10.0-1160.92.1.el7.x86_64/kernel/drivers/usb -> /tmp/rear.hvWqMGkcXVEGC9y/rootfs/lib/modules/3.10.0-1160.92.1.el7.x86_64/kernel/drivers/usb
/lib/modules/3.10.0-1160.92.1.el7.x86_64/kernel/drivers/usb/storage -> /tmp/rear.hvWqMGkcXVEGC9y/rootfs/lib/modules/3.10.0-1160.92.1.el7.x86_64/kernel/drivers/usb/storage
'/lib/modules/3.10.0-1160.92.1.el7.x86_64/kernel/drivers/usb/storage/usb-storage.ko.xz' -> '/tmp/rear.hvWqMGkcXVEGC9y/rootfs/lib/modules/3.10.0-1160.92.1.el7.x86_64/kernel/drivers/usb/storage/usb-storage.ko.xz'
modinfo: ERROR: Module usbhid not found.
/lib/modules/3.10.0-1160.92.1.el7.x86_64/kernel/drivers/cdrom -> /tmp/rear.hvWqMGkcXVEGC9y/rootfs/lib/modules/3.10.0-1160.92.1.el7.x86_64/kernel/drivers/cdrom
'/lib/modules/3.10.0-1160.92.1.el7.x86_64/kernel/drivers/cdrom/cdrom.ko.xz' -> '/tmp/rear.hvWqMGkcXVEGC9y/rootfs/lib/modules/3.10.0-1160.92.1.el7.x86_64/kernel/drivers/cdrom/cdrom.ko.xz'
/lib/modules/3.10.0-1160.92.1.el7.x86_64/kernel/drivers/scsi -> /tmp/rear.hvWqMGkcXVEGC9y/rootfs/lib/modules/3.10.0-1160.92.1.el7.x86_64/kernel/drivers/scsi
'/lib/modules/3.10.0-1160.92.1.el7.x86_64/kernel/drivers/scsi/sr_mod.ko.xz' -> '/tmp/rear.hvWqMGkcXVEGC9y/rootfs/lib/modules/3.10.0-1160.92.1.el7.x86_64/kernel/drivers/scsi/sr_mod.ko.xz'
modinfo: ERROR: Module ide_cd not found.
'/lib/modules/3.10.0-1160.92.1.el7.x86_64/kernel/drivers/cdrom/cdrom.ko.xz' -> '/tmp/rear.hvWqMGkcXVEGC9y/rootfs/lib/modules/3.10.0-1160.92.1.el7.x86_64/kernel/drivers/cdrom/cdrom.ko.xz'
modinfo: ERROR: Module uhci_hcd not found.
modinfo: ERROR: Module ehci_hcd not found.
modinfo: ERROR: Module xhci_hcd not found.
modinfo: ERROR: Module ohci_hcd not found.
/lib/modules/3.10.0-1160.92.1.el7.x86_64/kernel/crypto -> /tmp/rear.hvWqMGkcXVEGC9y/rootfs/lib/modules/3.10.0-1160.92.1.el7.x86_64/kernel/crypto
'/lib/modules/3.10.0-1160.92.1.el7.x86_64/kernel/crypto/zlib.ko.xz' -> '/tmp/rear.hvWqMGkcXVEGC9y/rootfs/lib/modules/3.10.0-1160.92.1.el7.x86_64/kernel/crypto/zlib.ko.xz'
modinfo: ERROR: Module zlib-inflate not found.
modinfo: ERROR: Module zlib-deflate not found.
/lib/modules/3.10.0-1160.92.1.el7.x86_64/kernel/lib -> /tmp/rear.hvWqMGkcXVEGC9y/rootfs/lib/modules/3.10.0-1160.92.1.el7.x86_64/kernel/lib
'/lib/modules/3.10.0-1160.92.1.el7.x86_64/kernel/lib/libcrc32c.ko.xz' -> '/tmp/rear.hvWqMGkcXVEGC9y/rootfs/lib/modules/3.10.0-1160.92.1.el7.x86_64/kernel/lib/libcrc32c.ko.xz'
/lib/modules/3.10.0-1160.92.1.el7.x86_64/kernel/arch -> /tmp/rear.hvWqMGkcXVEGC9y/rootfs/lib/modules/3.10.0-1160.92.1.el7.x86_64/kernel/arch
/lib/modules/3.10.0-1160.92.1.el7.x86_64/kernel/arch/x86 -> /tmp/rear.hvWqMGkcXVEGC9y/rootfs/lib/modules/3.10.0-1160.92.1.el7.x86_64/kernel/arch/x86
/lib/modules/3.10.0-1160.92.1.el7.x86_64/kernel/arch/x86/crypto -> /tmp/rear.hvWqMGkcXVEGC9y/rootfs/lib/modules/3.10.0-1160.92.1.el7.x86_64/kernel/arch/x86/crypto
'/lib/modules/3.10.0-1160.92.1.el7.x86_64/kernel/arch/x86/crypto/crc32c-intel.ko.xz' -> '/tmp/rear.hvWqMGkcXVEGC9y/rootfs/lib/modules/3.10.0-1160.92.1.el7.x86_64/kernel/arch/x86/crypto/crc32c-intel.ko.xz'
'/lib/modules/3.10.0-1160.92.1.el7.x86_64/kernel/arch/x86/crypto/crc32c-intel.ko.xz' -> '/tmp/rear.hvWqMGkcXVEGC9y/rootfs/lib/modules/3.10.0-1160.92.1.el7.x86_64/kernel/arch/x86/crypto/crc32c-intel.ko.xz'
modinfo: ERROR: Module iso not found.
/lib/modules/3.10.0-1160.92.1.el7.x86_64/kernel/fs/isofs -> /tmp/rear.hvWqMGkcXVEGC9y/rootfs/lib/modules/3.10.0-1160.92.1.el7.x86_64/kernel/fs/isofs
'/lib/modules/3.10.0-1160.92.1.el7.x86_64/kernel/fs/isofs/isofs.ko.xz' -> '/tmp/rear.hvWqMGkcXVEGC9y/rootfs/lib/modules/3.10.0-1160.92.1.el7.x86_64/kernel/fs/isofs/isofs.ko.xz'
/lib/modules/3.10.0-1160.92.1.el7.x86_64/kernel/drivers/block -> /tmp/rear.hvWqMGkcXVEGC9y/rootfs/lib/modules/3.10.0-1160.92.1.el7.x86_64/kernel/drivers/block
/lib/modules/3.10.0-1160.92.1.el7.x86_64/kernel/drivers/block/aoe -> /tmp/rear.hvWqMGkcXVEGC9y/rootfs/lib/modules/3.10.0-1160.92.1.el7.x86_64/kernel/drivers/block/aoe
'/lib/modules/3.10.0-1160.92.1.el7.x86_64/kernel/drivers/block/aoe/aoe.ko.xz' -> '/tmp/rear.hvWqMGkcXVEGC9y/rootfs/lib/modules/3.10.0-1160.92.1.el7.x86_64/kernel/drivers/block/aoe/aoe.ko.xz'
'/lib/modules/3.10.0-1160.92.1.el7.x86_64/kernel/drivers/block/brd.ko.xz' -> '/tmp/rear.hvWqMGkcXVEGC9y/rootfs/lib/modules/3.10.0-1160.92.1.el7.x86_64/kernel/drivers/block/brd.ko.xz'
'/lib/modules/3.10.0-1160.92.1.el7.x86_64/kernel/drivers/block/floppy.ko.xz' -> '/tmp/rear.hvWqMGkcXVEGC9y/rootfs/lib/modules/3.10.0-1160.92.1.el7.x86_64/kernel/drivers/block/floppy.ko.xz'
'/lib/modules/3.10.0-1160.92.1.el7.x86_64/kernel/drivers/block/loop.ko.xz' -> '/tmp/rear.hvWqMGkcXVEGC9y/rootfs/lib/modules/3.10.0-1160.92.1.el7.x86_64/kernel/drivers/block/loop.ko.xz'
/lib/modules/3.10.0-1160.92.1.el7.x86_64/kernel/drivers/block/mtip32xx -> /tmp/rear.hvWqMGkcXVEGC9y/rootfs/lib/modules/3.10.0-1160.92.1.el7.x86_64/kernel/drivers/block/mtip32xx
'/lib/modules/3.10.0-1160.92.1.el7.x86_64/kernel/drivers/block/mtip32xx/mtip32xx.ko.xz' -> '/tmp/rear.hvWqMGkcXVEGC9y/rootfs/lib/modules/3.10.0-1160.92.1.el7.x86_64/kernel/drivers/block/mtip32xx/mtip32xx.ko.xz'
'/lib/modules/3.10.0-1160.92.1.el7.x86_64/kernel/drivers/block/null_blk.ko.xz' -> '/tmp/rear.hvWqMGkcXVEGC9y/rootfs/lib/modules/3.10.0-1160.92.1.el7.x86_64/kernel/drivers/block/null_blk.ko.xz'
'/lib/modules/3.10.0-1160.92.1.el7.x86_64/kernel/drivers/block/osdblk.ko.xz' -> '/tmp/rear.hvWqMGkcXVEGC9y/rootfs/lib/modules/3.10.0-1160.92.1.el7.x86_64/kernel/drivers/block/osdblk.ko.xz'
/lib/modules/3.10.0-1160.92.1.el7.x86_64/kernel/drivers/scsi/osd -> /tmp/rear.hvWqMGkcXVEGC9y/rootfs/lib/modules/3.10.0-1160.92.1.el7.x86_64/kernel/drivers/scsi/osd
'/lib/modules/3.10.0-1160.92.1.el7.x86_64/kernel/drivers/scsi/osd/libosd.ko.xz' -> '/tmp/rear.hvWqMGkcXVEGC9y/rootfs/lib/modules/3.10.0-1160.92.1.el7.x86_64/kernel/drivers/scsi/osd/libosd.ko.xz'
'/lib/modules/3.10.0-1160.92.1.el7.x86_64/kernel/drivers/scsi/osd/osd.ko.xz' -> '/tmp/rear.hvWqMGkcXVEGC9y/rootfs/lib/modules/3.10.0-1160.92.1.el7.x86_64/kernel/drivers/scsi/osd/osd.ko.xz'
'/lib/modules/3.10.0-1160.92.1.el7.x86_64/kernel/drivers/block/pktcdvd.ko.xz' -> '/tmp/rear.hvWqMGkcXVEGC9y/rootfs/lib/modules/3.10.0-1160.92.1.el7.x86_64/kernel/drivers/block/pktcdvd.ko.xz'
'/lib/modules/3.10.0-1160.92.1.el7.x86_64/kernel/drivers/cdrom/cdrom.ko.xz' -> '/tmp/rear.hvWqMGkcXVEGC9y/rootfs/lib/modules/3.10.0-1160.92.1.el7.x86_64/kernel/drivers/cdrom/cdrom.ko.xz'
'/lib/modules/3.10.0-1160.92.1.el7.x86_64/kernel/drivers/block/rbd.ko.xz' -> '/tmp/rear.hvWqMGkcXVEGC9y/rootfs/lib/modules/3.10.0-1160.92.1.el7.x86_64/kernel/drivers/block/rbd.ko.xz'
'/lib/modules/3.10.0-1160.92.1.el7.x86_64/kernel/lib/libcrc32c.ko.xz' -> '/tmp/rear.hvWqMGkcXVEGC9y/rootfs/lib/modules/3.10.0-1160.92.1.el7.x86_64/kernel/lib/libcrc32c.ko.xz'
/lib/modules/3.10.0-1160.92.1.el7.x86_64/kernel/net/ceph -> /tmp/rear.hvWqMGkcXVEGC9y/rootfs/lib/modules/3.10.0-1160.92.1.el7.x86_64/kernel/net/ceph
'/lib/modules/3.10.0-1160.92.1.el7.x86_64/kernel/net/ceph/libceph.ko.xz' -> '/tmp/rear.hvWqMGkcXVEGC9y/rootfs/lib/modules/3.10.0-1160.92.1.el7.x86_64/kernel/net/ceph/libceph.ko.xz'
'/lib/modules/3.10.0-1160.92.1.el7.x86_64/kernel/net/dns_resolver/dns_resolver.ko.xz' -> '/tmp/rear.hvWqMGkcXVEGC9y/rootfs/lib/modules/3.10.0-1160.92.1.el7.x86_64/kernel/net/dns_resolver/dns_resolver.ko.xz'
'/lib/modules/3.10.0-1160.92.1.el7.x86_64/kernel/drivers/block/sx8.ko.xz' -> '/tmp/rear.hvWqMGkcXVEGC9y/rootfs/lib/modules/3.10.0-1160.92.1.el7.x86_64/kernel/drivers/block/sx8.ko.xz'
'/lib/modules/3.10.0-1160.92.1.el7.x86_64/kernel/drivers/block/virtio_blk.ko.xz' -> '/tmp/rear.hvWqMGkcXVEGC9y/rootfs/lib/modules/3.10.0-1160.92.1.el7.x86_64/kernel/drivers/block/virtio_blk.ko.xz'
/lib/modules/3.10.0-1160.92.1.el7.x86_64/kernel/drivers/virtio -> /tmp/rear.hvWqMGkcXVEGC9y/rootfs/lib/modules/3.10.0-1160.92.1.el7.x86_64/kernel/drivers/virtio
'/lib/modules/3.10.0-1160.92.1.el7.x86_64/kernel/drivers/virtio/virtio.ko.xz' -> '/tmp/rear.hvWqMGkcXVEGC9y/rootfs/lib/modules/3.10.0-1160.92.1.el7.x86_64/kernel/drivers/virtio/virtio.ko.xz'
'/lib/modules/3.10.0-1160.92.1.el7.x86_64/kernel/drivers/virtio/virtio_ring.ko.xz' -> '/tmp/rear.hvWqMGkcXVEGC9y/rootfs/lib/modules/3.10.0-1160.92.1.el7.x86_64/kernel/drivers/virtio/virtio_ring.ko.xz'
'/lib/modules/3.10.0-1160.92.1.el7.x86_64/kernel/drivers/block/xen-blkfront.ko.xz' -> '/tmp/rear.hvWqMGkcXVEGC9y/rootfs/lib/modules/3.10.0-1160.92.1.el7.x86_64/kernel/drivers/block/xen-blkfront.ko.xz'
/lib/modules/3.10.0-1160.92.1.el7.x86_64/kernel/drivers/block/zram -> /tmp/rear.hvWqMGkcXVEGC9y/rootfs/lib/modules/3.10.0-1160.92.1.el7.x86_64/kernel/drivers/block/zram
'/lib/modules/3.10.0-1160.92.1.el7.x86_64/kernel/drivers/block/zram/zram.ko.xz' -> '/tmp/rear.hvWqMGkcXVEGC9y/rootfs/lib/modules/3.10.0-1160.92.1.el7.x86_64/kernel/drivers/block/zram/zram.ko.xz'
/lib/modules/3.10.0-1160.92.1.el7.x86_64/kernel/drivers/firewire -> /tmp/rear.hvWqMGkcXVEGC9y/rootfs/lib/modules/3.10.0-1160.92.1.el7.x86_64/kernel/drivers/firewire
'/lib/modules/3.10.0-1160.92.1.el7.x86_64/kernel/drivers/firewire/firewire-core.ko.xz' -> '/tmp/rear.hvWqMGkcXVEGC9y/rootfs/lib/modules/3.10.0-1160.92.1.el7.x86_64/kernel/drivers/firewire/firewire-core.ko.xz'
'/lib/modules/3.10.0-1160.92.1.el7.x86_64/kernel/lib/crc-itu-t.ko.xz' -> '/tmp/rear.hvWqMGkcXVEGC9y/rootfs/lib/modules/3.10.0-1160.92.1.el7.x86_64/kernel/lib/crc-itu-t.ko.xz'
'/lib/modules/3.10.0-1160.92.1.el7.x86_64/kernel/drivers/firewire/firewire-core.ko.xz' -> '/tmp/rear.hvWqMGkcXVEGC9y/rootfs/lib/modules/3.10.0-1160.92.1.el7.x86_64/kernel/drivers/firewire/firewire-core.ko.xz'
'/lib/modules/3.10.0-1160.92.1.el7.x86_64/kernel/drivers/firewire/firewire-net.ko.xz' -> '/tmp/rear.hvWqMGkcXVEGC9y/rootfs/lib/modules/3.10.0-1160.92.1.el7.x86_64/kernel/drivers/firewire/firewire-net.ko.xz'
'/lib/modules/3.10.0-1160.92.1.el7.x86_64/kernel/lib/crc-itu-t.ko.xz' -> '/tmp/rear.hvWqMGkcXVEGC9y/rootfs/lib/modules/3.10.0-1160.92.1.el7.x86_64/kernel/lib/crc-itu-t.ko.xz'
'/lib/modules/3.10.0-1160.92.1.el7.x86_64/kernel/drivers/firewire/firewire-core.ko.xz' -> '/tmp/rear.hvWqMGkcXVEGC9y/rootfs/lib/modules/3.10.0-1160.92.1.el7.x86_64/kernel/drivers/firewire/firewire-core.ko.xz'
'/lib/modules/3.10.0-1160.92.1.el7.x86_64/kernel/drivers/firewire/firewire-ohci.ko.xz' -> '/tmp/rear.hvWqMGkcXVEGC9y/rootfs/lib/modules/3.10.0-1160.92.1.el7.x86_64/kernel/drivers/firewire/firewire-ohci.ko.xz'
'/lib/modules/3.10.0-1160.92.1.el7.x86_64/kernel/lib/crc-itu-t.ko.xz' -> '/tmp/rear.hvWqMGkcXVEGC9y/rootfs/lib/modules/3.10.0-1160.92.1.el7.x86_64/kernel/lib/crc-itu-t.ko.xz'
'/lib/modules/3.10.0-1160.92.1.el7.x86_64/kernel/drivers/firewire/firewire-core.ko.xz' -> '/tmp/rear.hvWqMGkcXVEGC9y/rootfs/lib/modules/3.10.0-1160.92.1.el7.x86_64/kernel/drivers/firewire/firewire-core.ko.xz'
'/lib/modules/3.10.0-1160.92.1.el7.x86_64/kernel/drivers/firewire/firewire-sbp2.ko.xz' -> '/tmp/rear.hvWqMGkcXVEGC9y/rootfs/lib/modules/3.10.0-1160.92.1.el7.x86_64/kernel/drivers/firewire/firewire-sbp2.ko.xz'
'/lib/modules/3.10.0-1160.92.1.el7.x86_64/kernel/lib/crc-itu-t.ko.xz' -> '/tmp/rear.hvWqMGkcXVEGC9y/rootfs/lib/modules/3.10.0-1160.92.1.el7.x86_64/kernel/lib/crc-itu-t.ko.xz'
/lib/modules/3.10.0-1160.92.1.el7.x86_64/kernel/drivers/ata -> /tmp/rear.hvWqMGkcXVEGC9y/rootfs/lib/modules/3.10.0-1160.92.1.el7.x86_64/kernel/drivers/ata
'/lib/modules/3.10.0-1160.92.1.el7.x86_64/kernel/drivers/ata/acard-ahci.ko.xz' -> '/tmp/rear.hvWqMGkcXVEGC9y/rootfs/lib/modules/3.10.0-1160.92.1.el7.x86_64/kernel/drivers/ata/acard-ahci.ko.xz'
'/lib/modules/3.10.0-1160.92.1.el7.x86_64/kernel/drivers/ata/libahci.ko.xz' -> '/tmp/rear.hvWqMGkcXVEGC9y/rootfs/lib/modules/3.10.0-1160.92.1.el7.x86_64/kernel/drivers/ata/libahci.ko.xz'
'/lib/modules/3.10.0-1160.92.1.el7.x86_64/kernel/drivers/ata/libata.ko.xz' -> '/tmp/rear.hvWqMGkcXVEGC9y/rootfs/lib/modules/3.10.0-1160.92.1.el7.x86_64/kernel/drivers/ata/libata.ko.xz'
'/lib/modules/3.10.0-1160.92.1.el7.x86_64/kernel/drivers/ata/ahci.ko.xz' -> '/tmp/rear.hvWqMGkcXVEGC9y/rootfs/lib/modules/3.10.0-1160.92.1.el7.x86_64/kernel/drivers/ata/ahci.ko.xz'
'/lib/modules/3.10.0-1160.92.1.el7.x86_64/kernel/drivers/ata/libahci.ko.xz' -> '/tmp/rear.hvWqMGkcXVEGC9y/rootfs/lib/modules/3.10.0-1160.92.1.el7.x86_64/kernel/drivers/ata/libahci.ko.xz'
'/lib/modules/3.10.0-1160.92.1.el7.x86_64/kernel/drivers/ata/libata.ko.xz' -> '/tmp/rear.hvWqMGkcXVEGC9y/rootfs/lib/modules/3.10.0-1160.92.1.el7.x86_64/kernel/drivers/ata/libata.ko.xz'
'/lib/modules/3.10.0-1160.92.1.el7.x86_64/kernel/drivers/ata/ahci_platform.ko.xz' -> '/tmp/rear.hvWqMGkcXVEGC9y/rootfs/lib/modules/3.10.0-1160.92.1.el7.x86_64/kernel/drivers/ata/ahci_platform.ko.xz'
'/lib/modules/3.10.0-1160.92.1.el7.x86_64/kernel/drivers/ata/libahci.ko.xz' -> '/tmp/rear.hvWqMGkcXVEGC9y/rootfs/lib/modules/3.10.0-1160.92.1.el7.x86_64/kernel/drivers/ata/libahci.ko.xz'
'/lib/modules/3.10.0-1160.92.1.el7.x86_64/kernel/drivers/ata/libata.ko.xz' -> '/tmp/rear.hvWqMGkcXVEGC9y/rootfs/lib/modules/3.10.0-1160.92.1.el7.x86_64/kernel/drivers/ata/libata.ko.xz'
'/lib/modules/3.10.0-1160.92.1.el7.x86_64/kernel/drivers/ata/ata_generic.ko.xz' -> '/tmp/rear.hvWqMGkcXVEGC9y/rootfs/lib/modules/3.10.0-1160.92.1.el7.x86_64/kernel/drivers/ata/ata_generic.ko.xz'
'/lib/modules/3.10.0-1160.92.1.el7.x86_64/kernel/drivers/ata/libata.ko.xz' -> '/tmp/rear.hvWqMGkcXVEGC9y/rootfs/lib/modules/3.10.0-1160.92.1.el7.x86_64/kernel/drivers/ata/libata.ko.xz'
'/lib/modules/3.10.0-1160.92.1.el7.x86_64/kernel/drivers/ata/ata_piix.ko.xz' -> '/tmp/rear.hvWqMGkcXVEGC9y/rootfs/lib/modules/3.10.0-1160.92.1.el7.x86_64/kernel/drivers/ata/ata_piix.ko.xz'
'/lib/modules/3.10.0-1160.92.1.el7.x86_64/kernel/drivers/ata/libata.ko.xz' -> '/tmp/rear.hvWqMGkcXVEGC9y/rootfs/lib/modules/3.10.0-1160.92.1.el7.x86_64/kernel/drivers/ata/libata.ko.xz'
'/lib/modules/3.10.0-1160.92.1.el7.x86_64/kernel/drivers/ata/libahci.ko.xz' -> '/tmp/rear.hvWqMGkcXVEGC9y/rootfs/lib/modules/3.10.0-1160.92.1.el7.x86_64/kernel/drivers/ata/libahci.ko.xz'
'/lib/modules/3.10.0-1160.92.1.el7.x86_64/kernel/drivers/ata/libata.ko.xz' -> '/tmp/rear.hvWqMGkcXVEGC9y/rootfs/lib/modules/3.10.0-1160.92.1.el7.x86_64/kernel/drivers/ata/libata.ko.xz'
'/lib/modules/3.10.0-1160.92.1.el7.x86_64/kernel/drivers/ata/libata.ko.xz' -> '/tmp/rear.hvWqMGkcXVEGC9y/rootfs/lib/modules/3.10.0-1160.92.1.el7.x86_64/kernel/drivers/ata/libata.ko.xz'
'/lib/modules/3.10.0-1160.92.1.el7.x86_64/kernel/drivers/ata/libata.ko.xz' -> '/tmp/rear.hvWqMGkcXVEGC9y/rootfs/lib/modules/3.10.0-1160.92.1.el7.x86_64/kernel/drivers/ata/libata.ko.xz'
'/lib/modules/3.10.0-1160.92.1.el7.x86_64/kernel/drivers/ata/pata_acpi.ko.xz' -> '/tmp/rear.hvWqMGkcXVEGC9y/rootfs/lib/modules/3.10.0-1160.92.1.el7.x86_64/kernel/drivers/ata/pata_acpi.ko.xz'
'/lib/modules/3.10.0-1160.92.1.el7.x86_64/kernel/drivers/ata/libata.ko.xz' -> '/tmp/rear.hvWqMGkcXVEGC9y/rootfs/lib/modules/3.10.0-1160.92.1.el7.x86_64/kernel/drivers/ata/libata.ko.xz'
'/lib/modules/3.10.0-1160.92.1.el7.x86_64/kernel/drivers/ata/pata_ali.ko.xz' -> '/tmp/rear.hvWqMGkcXVEGC9y/rootfs/lib/modules/3.10.0-1160.92.1.el7.x86_64/kernel/drivers/ata/pata_ali.ko.xz'
'/lib/modules/3.10.0-1160.92.1.el7.x86_64/kernel/drivers/ata/libata.ko.xz' -> '/tmp/rear.hvWqMGkcXVEGC9y/rootfs/lib/modules/3.10.0-1160.92.1.el7.x86_64/kernel/drivers/ata/libata.ko.xz'
'/lib/modules/3.10.0-1160.92.1.el7.x86_64/kernel/drivers/ata/pata_amd.ko.xz' -> '/tmp/rear.hvWqMGkcXVEGC9y/rootfs/lib/modules/3.10.0-1160.92.1.el7.x86_64/kernel/drivers/ata/pata_amd.ko.xz'
'/lib/modules/3.10.0-1160.92.1.el7.x86_64/kernel/drivers/ata/libata.ko.xz' -> '/tmp/rear.hvWqMGkcXVEGC9y/rootfs/lib/modules/3.10.0-1160.92.1.el7.x86_64/kernel/drivers/ata/libata.ko.xz'
'/lib/modules/3.10.0-1160.92.1.el7.x86_64/kernel/drivers/ata/pata_arasan_cf.ko.xz' -> '/tmp/rear.hvWqMGkcXVEGC9y/rootfs/lib/modules/3.10.0-1160.92.1.el7.x86_64/kernel/drivers/ata/pata_arasan_cf.ko.xz'
'/lib/modules/3.10.0-1160.92.1.el7.x86_64/kernel/drivers/ata/libata.ko.xz' -> '/tmp/rear.hvWqMGkcXVEGC9y/rootfs/lib/modules/3.10.0-1160.92.1.el7.x86_64/kernel/drivers/ata/libata.ko.xz'
'/lib/modules/3.10.0-1160.92.1.el7.x86_64/kernel/drivers/ata/pata_artop.ko.xz' -> '/tmp/rear.hvWqMGkcXVEGC9y/rootfs/lib/modules/3.10.0-1160.92.1.el7.x86_64/kernel/drivers/ata/pata_artop.ko.xz'
'/lib/modules/3.10.0-1160.92.1.el7.x86_64/kernel/drivers/ata/libata.ko.xz' -> '/tmp/rear.hvWqMGkcXVEGC9y/rootfs/lib/modules/3.10.0-1160.92.1.el7.x86_64/kernel/drivers/ata/libata.ko.xz'
'/lib/modules/3.10.0-1160.92.1.el7.x86_64/kernel/drivers/ata/pata_atiixp.ko.xz' -> '/tmp/rear.hvWqMGkcXVEGC9y/rootfs/lib/modules/3.10.0-1160.92.1.el7.x86_64/kernel/drivers/ata/pata_atiixp.ko.xz'
'/lib/modules/3.10.0-1160.92.1.el7.x86_64/kernel/drivers/ata/libata.ko.xz' -> '/tmp/rear.hvWqMGkcXVEGC9y/rootfs/lib/modules/3.10.0-1160.92.1.el7.x86_64/kernel/drivers/ata/libata.ko.xz'
'/lib/modules/3.10.0-1160.92.1.el7.x86_64/kernel/drivers/ata/pata_atp867x.ko.xz' -> '/tmp/rear.hvWqMGkcXVEGC9y/rootfs/lib/modules/3.10.0-1160.92.1.el7.x86_64/kernel/drivers/ata/pata_atp867x.ko.xz'
'/lib/modules/3.10.0-1160.92.1.el7.x86_64/kernel/drivers/ata/libata.ko.xz' -> '/tmp/rear.hvWqMGkcXVEGC9y/rootfs/lib/modules/3.10.0-1160.92.1.el7.x86_64/kernel/drivers/ata/libata.ko.xz'
'/lib/modules/3.10.0-1160.92.1.el7.x86_64/kernel/drivers/ata/pata_cmd64x.ko.xz' -> '/tmp/rear.hvWqMGkcXVEGC9y/rootfs/lib/modules/3.10.0-1160.92.1.el7.x86_64/kernel/drivers/ata/pata_cmd64x.ko.xz'
'/lib/modules/3.10.0-1160.92.1.el7.x86_64/kernel/drivers/ata/libata.ko.xz' -> '/tmp/rear.hvWqMGkcXVEGC9y/rootfs/lib/modules/3.10.0-1160.92.1.el7.x86_64/kernel/drivers/ata/libata.ko.xz'
'/lib/modules/3.10.0-1160.92.1.el7.x86_64/kernel/drivers/ata/pata_cs5536.ko.xz' -> '/tmp/rear.hvWqMGkcXVEGC9y/rootfs/lib/modules/3.10.0-1160.92.1.el7.x86_64/kernel/drivers/ata/pata_cs5536.ko.xz'
'/lib/modules/3.10.0-1160.92.1.el7.x86_64/kernel/drivers/ata/libata.ko.xz' -> '/tmp/rear.hvWqMGkcXVEGC9y/rootfs/lib/modules/3.10.0-1160.92.1.el7.x86_64/kernel/drivers/ata/libata.ko.xz'
'/lib/modules/3.10.0-1160.92.1.el7.x86_64/kernel/drivers/ata/pata_hpt366.ko.xz' -> '/tmp/rear.hvWqMGkcXVEGC9y/rootfs/lib/modules/3.10.0-1160.92.1.el7.x86_64/kernel/drivers/ata/pata_hpt366.ko.xz'
'/lib/modules/3.10.0-1160.92.1.el7.x86_64/kernel/drivers/ata/libata.ko.xz' -> '/tmp/rear.hvWqMGkcXVEGC9y/rootfs/lib/modules/3.10.0-1160.92.1.el7.x86_64/kernel/drivers/ata/libata.ko.xz'
'/lib/modules/3.10.0-1160.92.1.el7.x86_64/kernel/drivers/ata/pata_hpt37x.ko.xz' -> '/tmp/rear.hvWqMGkcXVEGC9y/rootfs/lib/modules/3.10.0-1160.92.1.el7.x86_64/kernel/drivers/ata/pata_hpt37x.ko.xz'
'/lib/modules/3.10.0-1160.92.1.el7.x86_64/kernel/drivers/ata/libata.ko.xz' -> '/tmp/rear.hvWqMGkcXVEGC9y/rootfs/lib/modules/3.10.0-1160.92.1.el7.x86_64/kernel/drivers/ata/libata.ko.xz'
'/lib/modules/3.10.0-1160.92.1.el7.x86_64/kernel/drivers/ata/pata_hpt3x2n.ko.xz' -> '/tmp/rear.hvWqMGkcXVEGC9y/rootfs/lib/modules/3.10.0-1160.92.1.el7.x86_64/kernel/drivers/ata/pata_hpt3x2n.ko.xz'
'/lib/modules/3.10.0-1160.92.1.el7.x86_64/kernel/drivers/ata/libata.ko.xz' -> '/tmp/rear.hvWqMGkcXVEGC9y/rootfs/lib/modules/3.10.0-1160.92.1.el7.x86_64/kernel/drivers/ata/libata.ko.xz'
'/lib/modules/3.10.0-1160.92.1.el7.x86_64/kernel/drivers/ata/pata_hpt3x3.ko.xz' -> '/tmp/rear.hvWqMGkcXVEGC9y/rootfs/lib/modules/3.10.0-1160.92.1.el7.x86_64/kernel/drivers/ata/pata_hpt3x3.ko.xz'
'/lib/modules/3.10.0-1160.92.1.el7.x86_64/kernel/drivers/ata/libata.ko.xz' -> '/tmp/rear.hvWqMGkcXVEGC9y/rootfs/lib/modules/3.10.0-1160.92.1.el7.x86_64/kernel/drivers/ata/libata.ko.xz'
'/lib/modules/3.10.0-1160.92.1.el7.x86_64/kernel/drivers/ata/pata_it8213.ko.xz' -> '/tmp/rear.hvWqMGkcXVEGC9y/rootfs/lib/modules/3.10.0-1160.92.1.el7.x86_64/kernel/drivers/ata/pata_it8213.ko.xz'
'/lib/modules/3.10.0-1160.92.1.el7.x86_64/kernel/drivers/ata/libata.ko.xz' -> '/tmp/rear.hvWqMGkcXVEGC9y/rootfs/lib/modules/3.10.0-1160.92.1.el7.x86_64/kernel/drivers/ata/libata.ko.xz'
'/lib/modules/3.10.0-1160.92.1.el7.x86_64/kernel/drivers/ata/pata_it821x.ko.xz' -> '/tmp/rear.hvWqMGkcXVEGC9y/rootfs/lib/modules/3.10.0-1160.92.1.el7.x86_64/kernel/drivers/ata/pata_it821x.ko.xz'
'/lib/modules/3.10.0-1160.92.1.el7.x86_64/kernel/drivers/ata/libata.ko.xz' -> '/tmp/rear.hvWqMGkcXVEGC9y/rootfs/lib/modules/3.10.0-1160.92.1.el7.x86_64/kernel/drivers/ata/libata.ko.xz'
'/lib/modules/3.10.0-1160.92.1.el7.x86_64/kernel/drivers/ata/pata_jmicron.ko.xz' -> '/tmp/rear.hvWqMGkcXVEGC9y/rootfs/lib/modules/3.10.0-1160.92.1.el7.x86_64/kernel/drivers/ata/pata_jmicron.ko.xz'
'/lib/modules/3.10.0-1160.92.1.el7.x86_64/kernel/drivers/ata/libata.ko.xz' -> '/tmp/rear.hvWqMGkcXVEGC9y/rootfs/lib/modules/3.10.0-1160.92.1.el7.x86_64/kernel/drivers/ata/libata.ko.xz'
'/lib/modules/3.10.0-1160.92.1.el7.x86_64/kernel/drivers/ata/pata_marvell.ko.xz' -> '/tmp/rear.hvWqMGkcXVEGC9y/rootfs/lib/modules/3.10.0-1160.92.1.el7.x86_64/kernel/drivers/ata/pata_marvell.ko.xz'
'/lib/modules/3.10.0-1160.92.1.el7.x86_64/kernel/drivers/ata/libata.ko.xz' -> '/tmp/rear.hvWqMGkcXVEGC9y/rootfs/lib/modules/3.10.0-1160.92.1.el7.x86_64/kernel/drivers/ata/libata.ko.xz'
'/lib/modules/3.10.0-1160.92.1.el7.x86_64/kernel/drivers/ata/pata_netcell.ko.xz' -> '/tmp/rear.hvWqMGkcXVEGC9y/rootfs/lib/modules/3.10.0-1160.92.1.el7.x86_64/kernel/drivers/ata/pata_netcell.ko.xz'
'/lib/modules/3.10.0-1160.92.1.el7.x86_64/kernel/drivers/ata/libata.ko.xz' -> '/tmp/rear.hvWqMGkcXVEGC9y/rootfs/lib/modules/3.10.0-1160.92.1.el7.x86_64/kernel/drivers/ata/libata.ko.xz'
'/lib/modules/3.10.0-1160.92.1.el7.x86_64/kernel/drivers/ata/pata_ninja32.ko.xz' -> '/tmp/rear.hvWqMGkcXVEGC9y/rootfs/lib/modules/3.10.0-1160.92.1.el7.x86_64/kernel/drivers/ata/pata_ninja32.ko.xz'
'/lib/modules/3.10.0-1160.92.1.el7.x86_64/kernel/drivers/ata/libata.ko.xz' -> '/tmp/rear.hvWqMGkcXVEGC9y/rootfs/lib/modules/3.10.0-1160.92.1.el7.x86_64/kernel/drivers/ata/libata.ko.xz'
'/lib/modules/3.10.0-1160.92.1.el7.x86_64/kernel/drivers/ata/pata_oldpiix.ko.xz' -> '/tmp/rear.hvWqMGkcXVEGC9y/rootfs/lib/modules/3.10.0-1160.92.1.el7.x86_64/kernel/drivers/ata/pata_oldpiix.ko.xz'
'/lib/modules/3.10.0-1160.92.1.el7.x86_64/kernel/drivers/ata/libata.ko.xz' -> '/tmp/rear.hvWqMGkcXVEGC9y/rootfs/lib/modules/3.10.0-1160.92.1.el7.x86_64/kernel/drivers/ata/libata.ko.xz'
'/lib/modules/3.10.0-1160.92.1.el7.x86_64/kernel/drivers/ata/pata_pdc2027x.ko.xz' -> '/tmp/rear.hvWqMGkcXVEGC9y/rootfs/lib/modules/3.10.0-1160.92.1.el7.x86_64/kernel/drivers/ata/pata_pdc2027x.ko.xz'
'/lib/modules/3.10.0-1160.92.1.el7.x86_64/kernel/drivers/ata/libata.ko.xz' -> '/tmp/rear.hvWqMGkcXVEGC9y/rootfs/lib/modules/3.10.0-1160.92.1.el7.x86_64/kernel/drivers/ata/libata.ko.xz'
'/lib/modules/3.10.0-1160.92.1.el7.x86_64/kernel/drivers/ata/pata_pdc202xx_old.ko.xz' -> '/tmp/rear.hvWqMGkcXVEGC9y/rootfs/lib/modules/3.10.0-1160.92.1.el7.x86_64/kernel/drivers/ata/pata_pdc202xx_old.ko.xz'
'/lib/modules/3.10.0-1160.92.1.el7.x86_64/kernel/drivers/ata/libata.ko.xz' -> '/tmp/rear.hvWqMGkcXVEGC9y/rootfs/lib/modules/3.10.0-1160.92.1.el7.x86_64/kernel/drivers/ata/libata.ko.xz'
'/lib/modules/3.10.0-1160.92.1.el7.x86_64/kernel/drivers/ata/pata_piccolo.ko.xz' -> '/tmp/rear.hvWqMGkcXVEGC9y/rootfs/lib/modules/3.10.0-1160.92.1.el7.x86_64/kernel/drivers/ata/pata_piccolo.ko.xz'
'/lib/modules/3.10.0-1160.92.1.el7.x86_64/kernel/drivers/ata/libata.ko.xz' -> '/tmp/rear.hvWqMGkcXVEGC9y/rootfs/lib/modules/3.10.0-1160.92.1.el7.x86_64/kernel/drivers/ata/libata.ko.xz'
'/lib/modules/3.10.0-1160.92.1.el7.x86_64/kernel/drivers/ata/pata_rdc.ko.xz' -> '/tmp/rear.hvWqMGkcXVEGC9y/rootfs/lib/modules/3.10.0-1160.92.1.el7.x86_64/kernel/drivers/ata/pata_rdc.ko.xz'
'/lib/modules/3.10.0-1160.92.1.el7.x86_64/kernel/drivers/ata/libata.ko.xz' -> '/tmp/rear.hvWqMGkcXVEGC9y/rootfs/lib/modules/3.10.0-1160.92.1.el7.x86_64/kernel/drivers/ata/libata.ko.xz'
'/lib/modules/3.10.0-1160.92.1.el7.x86_64/kernel/drivers/ata/pata_sch.ko.xz' -> '/tmp/rear.hvWqMGkcXVEGC9y/rootfs/lib/modules/3.10.0-1160.92.1.el7.x86_64/kernel/drivers/ata/pata_sch.ko.xz'
'/lib/modules/3.10.0-1160.92.1.el7.x86_64/kernel/drivers/ata/libata.ko.xz' -> '/tmp/rear.hvWqMGkcXVEGC9y/rootfs/lib/modules/3.10.0-1160.92.1.el7.x86_64/kernel/drivers/ata/libata.ko.xz'
'/lib/modules/3.10.0-1160.92.1.el7.x86_64/kernel/drivers/ata/pata_serverworks.ko.xz' -> '/tmp/rear.hvWqMGkcXVEGC9y/rootfs/lib/modules/3.10.0-1160.92.1.el7.x86_64/kernel/drivers/ata/pata_serverworks.ko.xz'
'/lib/modules/3.10.0-1160.92.1.el7.x86_64/kernel/drivers/ata/libata.ko.xz' -> '/tmp/rear.hvWqMGkcXVEGC9y/rootfs/lib/modules/3.10.0-1160.92.1.el7.x86_64/kernel/drivers/ata/libata.ko.xz'
'/lib/modules/3.10.0-1160.92.1.el7.x86_64/kernel/drivers/ata/pata_sil680.ko.xz' -> '/tmp/rear.hvWqMGkcXVEGC9y/rootfs/lib/modules/3.10.0-1160.92.1.el7.x86_64/kernel/drivers/ata/pata_sil680.ko.xz'
'/lib/modules/3.10.0-1160.92.1.el7.x86_64/kernel/drivers/ata/libata.ko.xz' -> '/tmp/rear.hvWqMGkcXVEGC9y/rootfs/lib/modules/3.10.0-1160.92.1.el7.x86_64/kernel/drivers/ata/libata.ko.xz'
'/lib/modules/3.10.0-1160.92.1.el7.x86_64/kernel/drivers/ata/pata_sis.ko.xz' -> '/tmp/rear.hvWqMGkcXVEGC9y/rootfs/lib/modules/3.10.0-1160.92.1.el7.x86_64/kernel/drivers/ata/pata_sis.ko.xz'
'/lib/modules/3.10.0-1160.92.1.el7.x86_64/kernel/drivers/ata/libata.ko.xz' -> '/tmp/rear.hvWqMGkcXVEGC9y/rootfs/lib/modules/3.10.0-1160.92.1.el7.x86_64/kernel/drivers/ata/libata.ko.xz'
'/lib/modules/3.10.0-1160.92.1.el7.x86_64/kernel/drivers/ata/pata_via.ko.xz' -> '/tmp/rear.hvWqMGkcXVEGC9y/rootfs/lib/modules/3.10.0-1160.92.1.el7.x86_64/kernel/drivers/ata/pata_via.ko.xz'
'/lib/modules/3.10.0-1160.92.1.el7.x86_64/kernel/drivers/ata/libata.ko.xz' -> '/tmp/rear.hvWqMGkcXVEGC9y/rootfs/lib/modules/3.10.0-1160.92.1.el7.x86_64/kernel/drivers/ata/libata.ko.xz'
'/lib/modules/3.10.0-1160.92.1.el7.x86_64/kernel/drivers/ata/pdc_adma.ko.xz' -> '/tmp/rear.hvWqMGkcXVEGC9y/rootfs/lib/modules/3.10.0-1160.92.1.el7.x86_64/kernel/drivers/ata/pdc_adma.ko.xz'
'/lib/modules/3.10.0-1160.92.1.el7.x86_64/kernel/drivers/ata/libata.ko.xz' -> '/tmp/rear.hvWqMGkcXVEGC9y/rootfs/lib/modules/3.10.0-1160.92.1.el7.x86_64/kernel/drivers/ata/libata.ko.xz'
'/lib/modules/3.10.0-1160.92.1.el7.x86_64/kernel/drivers/ata/sata_mv.ko.xz' -> '/tmp/rear.hvWqMGkcXVEGC9y/rootfs/lib/modules/3.10.0-1160.92.1.el7.x86_64/kernel/drivers/ata/sata_mv.ko.xz'
'/lib/modules/3.10.0-1160.92.1.el7.x86_64/kernel/drivers/ata/libata.ko.xz' -> '/tmp/rear.hvWqMGkcXVEGC9y/rootfs/lib/modules/3.10.0-1160.92.1.el7.x86_64/kernel/drivers/ata/libata.ko.xz'
'/lib/modules/3.10.0-1160.92.1.el7.x86_64/kernel/drivers/ata/sata_nv.ko.xz' -> '/tmp/rear.hvWqMGkcXVEGC9y/rootfs/lib/modules/3.10.0-1160.92.1.el7.x86_64/kernel/drivers/ata/sata_nv.ko.xz'
'/lib/modules/3.10.0-1160.92.1.el7.x86_64/kernel/drivers/ata/libata.ko.xz' -> '/tmp/rear.hvWqMGkcXVEGC9y/rootfs/lib/modules/3.10.0-1160.92.1.el7.x86_64/kernel/drivers/ata/libata.ko.xz'
'/lib/modules/3.10.0-1160.92.1.el7.x86_64/kernel/drivers/ata/sata_promise.ko.xz' -> '/tmp/rear.hvWqMGkcXVEGC9y/rootfs/lib/modules/3.10.0-1160.92.1.el7.x86_64/kernel/drivers/ata/sata_promise.ko.xz'
'/lib/modules/3.10.0-1160.92.1.el7.x86_64/kernel/drivers/ata/libata.ko.xz' -> '/tmp/rear.hvWqMGkcXVEGC9y/rootfs/lib/modules/3.10.0-1160.92.1.el7.x86_64/kernel/drivers/ata/libata.ko.xz'
'/lib/modules/3.10.0-1160.92.1.el7.x86_64/kernel/drivers/ata/sata_qstor.ko.xz' -> '/tmp/rear.hvWqMGkcXVEGC9y/rootfs/lib/modules/3.10.0-1160.92.1.el7.x86_64/kernel/drivers/ata/sata_qstor.ko.xz'
'/lib/modules/3.10.0-1160.92.1.el7.x86_64/kernel/drivers/ata/libata.ko.xz' -> '/tmp/rear.hvWqMGkcXVEGC9y/rootfs/lib/modules/3.10.0-1160.92.1.el7.x86_64/kernel/drivers/ata/libata.ko.xz'
'/lib/modules/3.10.0-1160.92.1.el7.x86_64/kernel/drivers/ata/sata_sil.ko.xz' -> '/tmp/rear.hvWqMGkcXVEGC9y/rootfs/lib/modules/3.10.0-1160.92.1.el7.x86_64/kernel/drivers/ata/sata_sil.ko.xz'
'/lib/modules/3.10.0-1160.92.1.el7.x86_64/kernel/drivers/ata/libata.ko.xz' -> '/tmp/rear.hvWqMGkcXVEGC9y/rootfs/lib/modules/3.10.0-1160.92.1.el7.x86_64/kernel/drivers/ata/libata.ko.xz'
'/lib/modules/3.10.0-1160.92.1.el7.x86_64/kernel/drivers/ata/sata_sil24.ko.xz' -> '/tmp/rear.hvWqMGkcXVEGC9y/rootfs/lib/modules/3.10.0-1160.92.1.el7.x86_64/kernel/drivers/ata/sata_sil24.ko.xz'
'/lib/modules/3.10.0-1160.92.1.el7.x86_64/kernel/drivers/ata/libata.ko.xz' -> '/tmp/rear.hvWqMGkcXVEGC9y/rootfs/lib/modules/3.10.0-1160.92.1.el7.x86_64/kernel/drivers/ata/libata.ko.xz'
'/lib/modules/3.10.0-1160.92.1.el7.x86_64/kernel/drivers/ata/pata_sis.ko.xz' -> '/tmp/rear.hvWqMGkcXVEGC9y/rootfs/lib/modules/3.10.0-1160.92.1.el7.x86_64/kernel/drivers/ata/pata_sis.ko.xz'
'/lib/modules/3.10.0-1160.92.1.el7.x86_64/kernel/drivers/ata/sata_sis.ko.xz' -> '/tmp/rear.hvWqMGkcXVEGC9y/rootfs/lib/modules/3.10.0-1160.92.1.el7.x86_64/kernel/drivers/ata/sata_sis.ko.xz'
'/lib/modules/3.10.0-1160.92.1.el7.x86_64/kernel/drivers/ata/libata.ko.xz' -> '/tmp/rear.hvWqMGkcXVEGC9y/rootfs/lib/modules/3.10.0-1160.92.1.el7.x86_64/kernel/drivers/ata/libata.ko.xz'
'/lib/modules/3.10.0-1160.92.1.el7.x86_64/kernel/drivers/ata/sata_svw.ko.xz' -> '/tmp/rear.hvWqMGkcXVEGC9y/rootfs/lib/modules/3.10.0-1160.92.1.el7.x86_64/kernel/drivers/ata/sata_svw.ko.xz'
'/lib/modules/3.10.0-1160.92.1.el7.x86_64/kernel/drivers/ata/libata.ko.xz' -> '/tmp/rear.hvWqMGkcXVEGC9y/rootfs/lib/modules/3.10.0-1160.92.1.el7.x86_64/kernel/drivers/ata/libata.ko.xz'
'/lib/modules/3.10.0-1160.92.1.el7.x86_64/kernel/drivers/ata/sata_sx4.ko.xz' -> '/tmp/rear.hvWqMGkcXVEGC9y/rootfs/lib/modules/3.10.0-1160.92.1.el7.x86_64/kernel/drivers/ata/sata_sx4.ko.xz'
'/lib/modules/3.10.0-1160.92.1.el7.x86_64/kernel/drivers/ata/libata.ko.xz' -> '/tmp/rear.hvWqMGkcXVEGC9y/rootfs/lib/modules/3.10.0-1160.92.1.el7.x86_64/kernel/drivers/ata/libata.ko.xz'
'/lib/modules/3.10.0-1160.92.1.el7.x86_64/kernel/drivers/ata/sata_uli.ko.xz' -> '/tmp/rear.hvWqMGkcXVEGC9y/rootfs/lib/modules/3.10.0-1160.92.1.el7.x86_64/kernel/drivers/ata/sata_uli.ko.xz'
'/lib/modules/3.10.0-1160.92.1.el7.x86_64/kernel/drivers/ata/libata.ko.xz' -> '/tmp/rear.hvWqMGkcXVEGC9y/rootfs/lib/modules/3.10.0-1160.92.1.el7.x86_64/kernel/drivers/ata/libata.ko.xz'
'/lib/modules/3.10.0-1160.92.1.el7.x86_64/kernel/drivers/ata/sata_via.ko.xz' -> '/tmp/rear.hvWqMGkcXVEGC9y/rootfs/lib/modules/3.10.0-1160.92.1.el7.x86_64/kernel/drivers/ata/sata_via.ko.xz'
'/lib/modules/3.10.0-1160.92.1.el7.x86_64/kernel/drivers/ata/libata.ko.xz' -> '/tmp/rear.hvWqMGkcXVEGC9y/rootfs/lib/modules/3.10.0-1160.92.1.el7.x86_64/kernel/drivers/ata/libata.ko.xz'
'/lib/modules/3.10.0-1160.92.1.el7.x86_64/kernel/drivers/ata/sata_vsc.ko.xz' -> '/tmp/rear.hvWqMGkcXVEGC9y/rootfs/lib/modules/3.10.0-1160.92.1.el7.x86_64/kernel/drivers/ata/sata_vsc.ko.xz'
/lib/modules/3.10.0-1160.92.1.el7.x86_64/kernel/drivers/md -> /tmp/rear.hvWqMGkcXVEGC9y/rootfs/lib/modules/3.10.0-1160.92.1.el7.x86_64/kernel/drivers/md
'/lib/modules/3.10.0-1160.92.1.el7.x86_64/kernel/drivers/md/dm-bio-prison.ko.xz' -> '/tmp/rear.hvWqMGkcXVEGC9y/rootfs/lib/modules/3.10.0-1160.92.1.el7.x86_64/kernel/drivers/md/dm-bio-prison.ko.xz'
'/lib/modules/3.10.0-1160.92.1.el7.x86_64/kernel/drivers/md/dm-bufio.ko.xz' -> '/tmp/rear.hvWqMGkcXVEGC9y/rootfs/lib/modules/3.10.0-1160.92.1.el7.x86_64/kernel/drivers/md/dm-bufio.ko.xz'
'/lib/modules/3.10.0-1160.92.1.el7.x86_64/kernel/drivers/md/dm-mod.ko.xz' -> '/tmp/rear.hvWqMGkcXVEGC9y/rootfs/lib/modules/3.10.0-1160.92.1.el7.x86_64/kernel/drivers/md/dm-mod.ko.xz'
'/lib/modules/3.10.0-1160.92.1.el7.x86_64/kernel/drivers/md/dm-bio-prison.ko.xz' -> '/tmp/rear.hvWqMGkcXVEGC9y/rootfs/lib/modules/3.10.0-1160.92.1.el7.x86_64/kernel/drivers/md/dm-bio-prison.ko.xz'
'/lib/modules/3.10.0-1160.92.1.el7.x86_64/kernel/drivers/md/dm-bufio.ko.xz' -> '/tmp/rear.hvWqMGkcXVEGC9y/rootfs/lib/modules/3.10.0-1160.92.1.el7.x86_64/kernel/drivers/md/dm-bufio.ko.xz'
'/lib/modules/3.10.0-1160.92.1.el7.x86_64/kernel/drivers/md/dm-cache-smq.ko.xz' -> '/tmp/rear.hvWqMGkcXVEGC9y/rootfs/lib/modules/3.10.0-1160.92.1.el7.x86_64/kernel/drivers/md/dm-cache-smq.ko.xz'
'/lib/modules/3.10.0-1160.92.1.el7.x86_64/kernel/drivers/md/dm-cache.ko.xz' -> '/tmp/rear.hvWqMGkcXVEGC9y/rootfs/lib/modules/3.10.0-1160.92.1.el7.x86_64/kernel/drivers/md/dm-cache.ko.xz'
'/lib/modules/3.10.0-1160.92.1.el7.x86_64/kernel/drivers/md/dm-mod.ko.xz' -> '/tmp/rear.hvWqMGkcXVEGC9y/rootfs/lib/modules/3.10.0-1160.92.1.el7.x86_64/kernel/drivers/md/dm-mod.ko.xz'
/lib/modules/3.10.0-1160.92.1.el7.x86_64/kernel/drivers/md/persistent-data -> /tmp/rear.hvWqMGkcXVEGC9y/rootfs/lib/modules/3.10.0-1160.92.1.el7.x86_64/kernel/drivers/md/persistent-data
'/lib/modules/3.10.0-1160.92.1.el7.x86_64/kernel/drivers/md/persistent-data/dm-persistent-data.ko.xz' -> '/tmp/rear.hvWqMGkcXVEGC9y/rootfs/lib/modules/3.10.0-1160.92.1.el7.x86_64/kernel/drivers/md/persistent-data/dm-persistent-data.ko.xz'
'/lib/modules/3.10.0-1160.92.1.el7.x86_64/kernel/lib/libcrc32c.ko.xz' -> '/tmp/rear.hvWqMGkcXVEGC9y/rootfs/lib/modules/3.10.0-1160.92.1.el7.x86_64/kernel/lib/libcrc32c.ko.xz'
'/lib/modules/3.10.0-1160.92.1.el7.x86_64/kernel/drivers/md/dm-bio-prison.ko.xz' -> '/tmp/rear.hvWqMGkcXVEGC9y/rootfs/lib/modules/3.10.0-1160.92.1.el7.x86_64/kernel/drivers/md/dm-bio-prison.ko.xz'
'/lib/modules/3.10.0-1160.92.1.el7.x86_64/kernel/drivers/md/dm-bufio.ko.xz' -> '/tmp/rear.hvWqMGkcXVEGC9y/rootfs/lib/modules/3.10.0-1160.92.1.el7.x86_64/kernel/drivers/md/dm-bufio.ko.xz'
'/lib/modules/3.10.0-1160.92.1.el7.x86_64/kernel/drivers/md/dm-cache.ko.xz' -> '/tmp/rear.hvWqMGkcXVEGC9y/rootfs/lib/modules/3.10.0-1160.92.1.el7.x86_64/kernel/drivers/md/dm-cache.ko.xz'
'/lib/modules/3.10.0-1160.92.1.el7.x86_64/kernel/drivers/md/dm-mod.ko.xz' -> '/tmp/rear.hvWqMGkcXVEGC9y/rootfs/lib/modules/3.10.0-1160.92.1.el7.x86_64/kernel/drivers/md/dm-mod.ko.xz'
'/lib/modules/3.10.0-1160.92.1.el7.x86_64/kernel/drivers/md/persistent-data/dm-persistent-data.ko.xz' -> '/tmp/rear.hvWqMGkcXVEGC9y/rootfs/lib/modules/3.10.0-1160.92.1.el7.x86_64/kernel/drivers/md/persistent-data/dm-persistent-data.ko.xz'
'/lib/modules/3.10.0-1160.92.1.el7.x86_64/kernel/lib/libcrc32c.ko.xz' -> '/tmp/rear.hvWqMGkcXVEGC9y/rootfs/lib/modules/3.10.0-1160.92.1.el7.x86_64/kernel/lib/libcrc32c.ko.xz'
'/lib/modules/3.10.0-1160.92.1.el7.x86_64/kernel/drivers/md/dm-crypt.ko.xz' -> '/tmp/rear.hvWqMGkcXVEGC9y/rootfs/lib/modules/3.10.0-1160.92.1.el7.x86_64/kernel/drivers/md/dm-crypt.ko.xz'
'/lib/modules/3.10.0-1160.92.1.el7.x86_64/kernel/drivers/md/dm-mod.ko.xz' -> '/tmp/rear.hvWqMGkcXVEGC9y/rootfs/lib/modules/3.10.0-1160.92.1.el7.x86_64/kernel/drivers/md/dm-mod.ko.xz'
'/lib/modules/3.10.0-1160.92.1.el7.x86_64/kernel/drivers/md/dm-delay.ko.xz' -> '/tmp/rear.hvWqMGkcXVEGC9y/rootfs/lib/modules/3.10.0-1160.92.1.el7.x86_64/kernel/drivers/md/dm-delay.ko.xz'
'/lib/modules/3.10.0-1160.92.1.el7.x86_64/kernel/drivers/md/dm-mod.ko.xz' -> '/tmp/rear.hvWqMGkcXVEGC9y/rootfs/lib/modules/3.10.0-1160.92.1.el7.x86_64/kernel/drivers/md/dm-mod.ko.xz'
'/lib/modules/3.10.0-1160.92.1.el7.x86_64/kernel/drivers/md/dm-bufio.ko.xz' -> '/tmp/rear.hvWqMGkcXVEGC9y/rootfs/lib/modules/3.10.0-1160.92.1.el7.x86_64/kernel/drivers/md/dm-bufio.ko.xz'
'/lib/modules/3.10.0-1160.92.1.el7.x86_64/kernel/drivers/md/dm-era.ko.xz' -> '/tmp/rear.hvWqMGkcXVEGC9y/rootfs/lib/modules/3.10.0-1160.92.1.el7.x86_64/kernel/drivers/md/dm-era.ko.xz'
'/lib/modules/3.10.0-1160.92.1.el7.x86_64/kernel/drivers/md/dm-mod.ko.xz' -> '/tmp/rear.hvWqMGkcXVEGC9y/rootfs/lib/modules/3.10.0-1160.92.1.el7.x86_64/kernel/drivers/md/dm-mod.ko.xz'
'/lib/modules/3.10.0-1160.92.1.el7.x86_64/kernel/drivers/md/persistent-data/dm-persistent-data.ko.xz' -> '/tmp/rear.hvWqMGkcXVEGC9y/rootfs/lib/modules/3.10.0-1160.92.1.el7.x86_64/kernel/drivers/md/persistent-data/dm-persistent-data.ko.xz'
'/lib/modules/3.10.0-1160.92.1.el7.x86_64/kernel/lib/libcrc32c.ko.xz' -> '/tmp/rear.hvWqMGkcXVEGC9y/rootfs/lib/modules/3.10.0-1160.92.1.el7.x86_64/kernel/lib/libcrc32c.ko.xz'
'/lib/modules/3.10.0-1160.92.1.el7.x86_64/kernel/drivers/md/dm-flakey.ko.xz' -> '/tmp/rear.hvWqMGkcXVEGC9y/rootfs/lib/modules/3.10.0-1160.92.1.el7.x86_64/kernel/drivers/md/dm-flakey.ko.xz'
'/lib/modules/3.10.0-1160.92.1.el7.x86_64/kernel/drivers/md/dm-mod.ko.xz' -> '/tmp/rear.hvWqMGkcXVEGC9y/rootfs/lib/modules/3.10.0-1160.92.1.el7.x86_64/kernel/drivers/md/dm-mod.ko.xz'
'/lib/modules/3.10.0-1160.92.1.el7.x86_64/kernel/drivers/md/dm-log-userspace.ko.xz' -> '/tmp/rear.hvWqMGkcXVEGC9y/rootfs/lib/modules/3.10.0-1160.92.1.el7.x86_64/kernel/drivers/md/dm-log-userspace.ko.xz'
'/lib/modules/3.10.0-1160.92.1.el7.x86_64/kernel/drivers/md/dm-log.ko.xz' -> '/tmp/rear.hvWqMGkcXVEGC9y/rootfs/lib/modules/3.10.0-1160.92.1.el7.x86_64/kernel/drivers/md/dm-log.ko.xz'
'/lib/modules/3.10.0-1160.92.1.el7.x86_64/kernel/drivers/md/dm-mod.ko.xz' -> '/tmp/rear.hvWqMGkcXVEGC9y/rootfs/lib/modules/3.10.0-1160.92.1.el7.x86_64/kernel/drivers/md/dm-mod.ko.xz'
'/lib/modules/3.10.0-1160.92.1.el7.x86_64/kernel/drivers/md/dm-log-writes.ko.xz' -> '/tmp/rear.hvWqMGkcXVEGC9y/rootfs/lib/modules/3.10.0-1160.92.1.el7.x86_64/kernel/drivers/md/dm-log-writes.ko.xz'
'/lib/modules/3.10.0-1160.92.1.el7.x86_64/kernel/drivers/md/dm-mod.ko.xz' -> '/tmp/rear.hvWqMGkcXVEGC9y/rootfs/lib/modules/3.10.0-1160.92.1.el7.x86_64/kernel/drivers/md/dm-mod.ko.xz'
'/lib/modules/3.10.0-1160.92.1.el7.x86_64/kernel/drivers/md/dm-log.ko.xz' -> '/tmp/rear.hvWqMGkcXVEGC9y/rootfs/lib/modules/3.10.0-1160.92.1.el7.x86_64/kernel/drivers/md/dm-log.ko.xz'
'/lib/modules/3.10.0-1160.92.1.el7.x86_64/kernel/drivers/md/dm-mod.ko.xz' -> '/tmp/rear.hvWqMGkcXVEGC9y/rootfs/lib/modules/3.10.0-1160.92.1.el7.x86_64/kernel/drivers/md/dm-mod.ko.xz'
'/lib/modules/3.10.0-1160.92.1.el7.x86_64/kernel/drivers/md/dm-log.ko.xz' -> '/tmp/rear.hvWqMGkcXVEGC9y/rootfs/lib/modules/3.10.0-1160.92.1.el7.x86_64/kernel/drivers/md/dm-log.ko.xz'
'/lib/modules/3.10.0-1160.92.1.el7.x86_64/kernel/drivers/md/dm-mirror.ko.xz' -> '/tmp/rear.hvWqMGkcXVEGC9y/rootfs/lib/modules/3.10.0-1160.92.1.el7.x86_64/kernel/drivers/md/dm-mirror.ko.xz'
'/lib/modules/3.10.0-1160.92.1.el7.x86_64/kernel/drivers/md/dm-mod.ko.xz' -> '/tmp/rear.hvWqMGkcXVEGC9y/rootfs/lib/modules/3.10.0-1160.92.1.el7.x86_64/kernel/drivers/md/dm-mod.ko.xz'
'/lib/modules/3.10.0-1160.92.1.el7.x86_64/kernel/drivers/md/dm-region-hash.ko.xz' -> '/tmp/rear.hvWqMGkcXVEGC9y/rootfs/lib/modules/3.10.0-1160.92.1.el7.x86_64/kernel/drivers/md/dm-region-hash.ko.xz'
'/lib/modules/3.10.0-1160.92.1.el7.x86_64/kernel/drivers/md/dm-mod.ko.xz' -> '/tmp/rear.hvWqMGkcXVEGC9y/rootfs/lib/modules/3.10.0-1160.92.1.el7.x86_64/kernel/drivers/md/dm-mod.ko.xz'
'/lib/modules/3.10.0-1160.92.1.el7.x86_64/kernel/drivers/md/dm-mod.ko.xz' -> '/tmp/rear.hvWqMGkcXVEGC9y/rootfs/lib/modules/3.10.0-1160.92.1.el7.x86_64/kernel/drivers/md/dm-mod.ko.xz'
'/lib/modules/3.10.0-1160.92.1.el7.x86_64/kernel/drivers/md/dm-multipath.ko.xz' -> '/tmp/rear.hvWqMGkcXVEGC9y/rootfs/lib/modules/3.10.0-1160.92.1.el7.x86_64/kernel/drivers/md/dm-multipath.ko.xz'
'/lib/modules/3.10.0-1160.92.1.el7.x86_64/kernel/drivers/md/dm-mod.ko.xz' -> '/tmp/rear.hvWqMGkcXVEGC9y/rootfs/lib/modules/3.10.0-1160.92.1.el7.x86_64/kernel/drivers/md/dm-mod.ko.xz'
'/lib/modules/3.10.0-1160.92.1.el7.x86_64/kernel/drivers/md/dm-multipath.ko.xz' -> '/tmp/rear.hvWqMGkcXVEGC9y/rootfs/lib/modules/3.10.0-1160.92.1.el7.x86_64/kernel/drivers/md/dm-multipath.ko.xz'
'/lib/modules/3.10.0-1160.92.1.el7.x86_64/kernel/drivers/md/dm-queue-length.ko.xz' -> '/tmp/rear.hvWqMGkcXVEGC9y/rootfs/lib/modules/3.10.0-1160.92.1.el7.x86_64/kernel/drivers/md/dm-queue-length.ko.xz'
/lib/modules/3.10.0-1160.92.1.el7.x86_64/kernel/crypto/async_tx -> /tmp/rear.hvWqMGkcXVEGC9y/rootfs/lib/modules/3.10.0-1160.92.1.el7.x86_64/kernel/crypto/async_tx
'/lib/modules/3.10.0-1160.92.1.el7.x86_64/kernel/crypto/async_tx/async_memcpy.ko.xz' -> '/tmp/rear.hvWqMGkcXVEGC9y/rootfs/lib/modules/3.10.0-1160.92.1.el7.x86_64/kernel/crypto/async_tx/async_memcpy.ko.xz'
'/lib/modules/3.10.0-1160.92.1.el7.x86_64/kernel/crypto/async_tx/async_pq.ko.xz' -> '/tmp/rear.hvWqMGkcXVEGC9y/rootfs/lib/modules/3.10.0-1160.92.1.el7.x86_64/kernel/crypto/async_tx/async_pq.ko.xz'
'/lib/modules/3.10.0-1160.92.1.el7.x86_64/kernel/crypto/async_tx/async_raid6_recov.ko.xz' -> '/tmp/rear.hvWqMGkcXVEGC9y/rootfs/lib/modules/3.10.0-1160.92.1.el7.x86_64/kernel/crypto/async_tx/async_raid6_recov.ko.xz'
'/lib/modules/3.10.0-1160.92.1.el7.x86_64/kernel/crypto/async_tx/async_tx.ko.xz' -> '/tmp/rear.hvWqMGkcXVEGC9y/rootfs/lib/modules/3.10.0-1160.92.1.el7.x86_64/kernel/crypto/async_tx/async_tx.ko.xz'
'/lib/modules/3.10.0-1160.92.1.el7.x86_64/kernel/crypto/async_tx/async_xor.ko.xz' -> '/tmp/rear.hvWqMGkcXVEGC9y/rootfs/lib/modules/3.10.0-1160.92.1.el7.x86_64/kernel/crypto/async_tx/async_xor.ko.xz'
'/lib/modules/3.10.0-1160.92.1.el7.x86_64/kernel/crypto/xor.ko.xz' -> '/tmp/rear.hvWqMGkcXVEGC9y/rootfs/lib/modules/3.10.0-1160.92.1.el7.x86_64/kernel/crypto/xor.ko.xz'
'/lib/modules/3.10.0-1160.92.1.el7.x86_64/kernel/drivers/md/dm-mod.ko.xz' -> '/tmp/rear.hvWqMGkcXVEGC9y/rootfs/lib/modules/3.10.0-1160.92.1.el7.x86_64/kernel/drivers/md/dm-mod.ko.xz'
'/lib/modules/3.10.0-1160.92.1.el7.x86_64/kernel/drivers/md/dm-raid.ko.xz' -> '/tmp/rear.hvWqMGkcXVEGC9y/rootfs/lib/modules/3.10.0-1160.92.1.el7.x86_64/kernel/drivers/md/dm-raid.ko.xz'
'/lib/modules/3.10.0-1160.92.1.el7.x86_64/kernel/drivers/md/raid456.ko.xz' -> '/tmp/rear.hvWqMGkcXVEGC9y/rootfs/lib/modules/3.10.0-1160.92.1.el7.x86_64/kernel/drivers/md/raid456.ko.xz'
'/lib/modules/3.10.0-1160.92.1.el7.x86_64/kernel/lib/libcrc32c.ko.xz' -> '/tmp/rear.hvWqMGkcXVEGC9y/rootfs/lib/modules/3.10.0-1160.92.1.el7.x86_64/kernel/lib/libcrc32c.ko.xz'
/lib/modules/3.10.0-1160.92.1.el7.x86_64/kernel/lib/raid6 -> /tmp/rear.hvWqMGkcXVEGC9y/rootfs/lib/modules/3.10.0-1160.92.1.el7.x86_64/kernel/lib/raid6
'/lib/modules/3.10.0-1160.92.1.el7.x86_64/kernel/lib/raid6/raid6_pq.ko.xz' -> '/tmp/rear.hvWqMGkcXVEGC9y/rootfs/lib/modules/3.10.0-1160.92.1.el7.x86_64/kernel/lib/raid6/raid6_pq.ko.xz'
'/lib/modules/3.10.0-1160.92.1.el7.x86_64/kernel/drivers/md/dm-log.ko.xz' -> '/tmp/rear.hvWqMGkcXVEGC9y/rootfs/lib/modules/3.10.0-1160.92.1.el7.x86_64/kernel/drivers/md/dm-log.ko.xz'
'/lib/modules/3.10.0-1160.92.1.el7.x86_64/kernel/drivers/md/dm-mod.ko.xz' -> '/tmp/rear.hvWqMGkcXVEGC9y/rootfs/lib/modules/3.10.0-1160.92.1.el7.x86_64/kernel/drivers/md/dm-mod.ko.xz'
'/lib/modules/3.10.0-1160.92.1.el7.x86_64/kernel/drivers/md/dm-region-hash.ko.xz' -> '/tmp/rear.hvWqMGkcXVEGC9y/rootfs/lib/modules/3.10.0-1160.92.1.el7.x86_64/kernel/drivers/md/dm-region-hash.ko.xz'
'/lib/modules/3.10.0-1160.92.1.el7.x86_64/kernel/drivers/md/dm-mod.ko.xz' -> '/tmp/rear.hvWqMGkcXVEGC9y/rootfs/lib/modules/3.10.0-1160.92.1.el7.x86_64/kernel/drivers/md/dm-mod.ko.xz'
'/lib/modules/3.10.0-1160.92.1.el7.x86_64/kernel/drivers/md/dm-multipath.ko.xz' -> '/tmp/rear.hvWqMGkcXVEGC9y/rootfs/lib/modules/3.10.0-1160.92.1.el7.x86_64/kernel/drivers/md/dm-multipath.ko.xz'
'/lib/modules/3.10.0-1160.92.1.el7.x86_64/kernel/drivers/md/dm-round-robin.ko.xz' -> '/tmp/rear.hvWqMGkcXVEGC9y/rootfs/lib/modules/3.10.0-1160.92.1.el7.x86_64/kernel/drivers/md/dm-round-robin.ko.xz'
'/lib/modules/3.10.0-1160.92.1.el7.x86_64/kernel/drivers/md/dm-mod.ko.xz' -> '/tmp/rear.hvWqMGkcXVEGC9y/rootfs/lib/modules/3.10.0-1160.92.1.el7.x86_64/kernel/drivers/md/dm-mod.ko.xz'
'/lib/modules/3.10.0-1160.92.1.el7.x86_64/kernel/drivers/md/dm-multipath.ko.xz' -> '/tmp/rear.hvWqMGkcXVEGC9y/rootfs/lib/modules/3.10.0-1160.92.1.el7.x86_64/kernel/drivers/md/dm-multipath.ko.xz'
'/lib/modules/3.10.0-1160.92.1.el7.x86_64/kernel/drivers/md/dm-service-time.ko.xz' -> '/tmp/rear.hvWqMGkcXVEGC9y/rootfs/lib/modules/3.10.0-1160.92.1.el7.x86_64/kernel/drivers/md/dm-service-time.ko.xz'
'/lib/modules/3.10.0-1160.92.1.el7.x86_64/kernel/drivers/md/dm-bufio.ko.xz' -> '/tmp/rear.hvWqMGkcXVEGC9y/rootfs/lib/modules/3.10.0-1160.92.1.el7.x86_64/kernel/drivers/md/dm-bufio.ko.xz'
'/lib/modules/3.10.0-1160.92.1.el7.x86_64/kernel/drivers/md/dm-mod.ko.xz' -> '/tmp/rear.hvWqMGkcXVEGC9y/rootfs/lib/modules/3.10.0-1160.92.1.el7.x86_64/kernel/drivers/md/dm-mod.ko.xz'
'/lib/modules/3.10.0-1160.92.1.el7.x86_64/kernel/drivers/md/dm-snapshot.ko.xz' -> '/tmp/rear.hvWqMGkcXVEGC9y/rootfs/lib/modules/3.10.0-1160.92.1.el7.x86_64/kernel/drivers/md/dm-snapshot.ko.xz'
'/lib/modules/3.10.0-1160.92.1.el7.x86_64/kernel/drivers/md/dm-mod.ko.xz' -> '/tmp/rear.hvWqMGkcXVEGC9y/rootfs/lib/modules/3.10.0-1160.92.1.el7.x86_64/kernel/drivers/md/dm-mod.ko.xz'
'/lib/modules/3.10.0-1160.92.1.el7.x86_64/kernel/drivers/md/dm-switch.ko.xz' -> '/tmp/rear.hvWqMGkcXVEGC9y/rootfs/lib/modules/3.10.0-1160.92.1.el7.x86_64/kernel/drivers/md/dm-switch.ko.xz'
'/lib/modules/3.10.0-1160.92.1.el7.x86_64/kernel/drivers/md/dm-bio-prison.ko.xz' -> '/tmp/rear.hvWqMGkcXVEGC9y/rootfs/lib/modules/3.10.0-1160.92.1.el7.x86_64/kernel/drivers/md/dm-bio-prison.ko.xz'
'/lib/modules/3.10.0-1160.92.1.el7.x86_64/kernel/drivers/md/dm-bufio.ko.xz' -> '/tmp/rear.hvWqMGkcXVEGC9y/rootfs/lib/modules/3.10.0-1160.92.1.el7.x86_64/kernel/drivers/md/dm-bufio.ko.xz'
'/lib/modules/3.10.0-1160.92.1.el7.x86_64/kernel/drivers/md/dm-mod.ko.xz' -> '/tmp/rear.hvWqMGkcXVEGC9y/rootfs/lib/modules/3.10.0-1160.92.1.el7.x86_64/kernel/drivers/md/dm-mod.ko.xz'
'/lib/modules/3.10.0-1160.92.1.el7.x86_64/kernel/drivers/md/dm-thin-pool.ko.xz' -> '/tmp/rear.hvWqMGkcXVEGC9y/rootfs/lib/modules/3.10.0-1160.92.1.el7.x86_64/kernel/drivers/md/dm-thin-pool.ko.xz'
'/lib/modules/3.10.0-1160.92.1.el7.x86_64/kernel/drivers/md/persistent-data/dm-persistent-data.ko.xz' -> '/tmp/rear.hvWqMGkcXVEGC9y/rootfs/lib/modules/3.10.0-1160.92.1.el7.x86_64/kernel/drivers/md/persistent-data/dm-persistent-data.ko.xz'
'/lib/modules/3.10.0-1160.92.1.el7.x86_64/kernel/lib/libcrc32c.ko.xz' -> '/tmp/rear.hvWqMGkcXVEGC9y/rootfs/lib/modules/3.10.0-1160.92.1.el7.x86_64/kernel/lib/libcrc32c.ko.xz'
'/lib/modules/3.10.0-1160.92.1.el7.x86_64/kernel/drivers/md/dm-bufio.ko.xz' -> '/tmp/rear.hvWqMGkcXVEGC9y/rootfs/lib/modules/3.10.0-1160.92.1.el7.x86_64/kernel/drivers/md/dm-bufio.ko.xz'
'/lib/modules/3.10.0-1160.92.1.el7.x86_64/kernel/drivers/md/dm-mod.ko.xz' -> '/tmp/rear.hvWqMGkcXVEGC9y/rootfs/lib/modules/3.10.0-1160.92.1.el7.x86_64/kernel/drivers/md/dm-mod.ko.xz'
'/lib/modules/3.10.0-1160.92.1.el7.x86_64/kernel/drivers/md/dm-verity.ko.xz' -> '/tmp/rear.hvWqMGkcXVEGC9y/rootfs/lib/modules/3.10.0-1160.92.1.el7.x86_64/kernel/drivers/md/dm-verity.ko.xz'
'/lib/modules/3.10.0-1160.92.1.el7.x86_64/kernel/drivers/md/dm-mod.ko.xz' -> '/tmp/rear.hvWqMGkcXVEGC9y/rootfs/lib/modules/3.10.0-1160.92.1.el7.x86_64/kernel/drivers/md/dm-mod.ko.xz'
'/lib/modules/3.10.0-1160.92.1.el7.x86_64/kernel/drivers/md/dm-zero.ko.xz' -> '/tmp/rear.hvWqMGkcXVEGC9y/rootfs/lib/modules/3.10.0-1160.92.1.el7.x86_64/kernel/drivers/md/dm-zero.ko.xz'
'/lib/modules/3.10.0-1160.92.1.el7.x86_64/kernel/drivers/md/faulty.ko.xz' -> '/tmp/rear.hvWqMGkcXVEGC9y/rootfs/lib/modules/3.10.0-1160.92.1.el7.x86_64/kernel/drivers/md/faulty.ko.xz'
'/lib/modules/3.10.0-1160.92.1.el7.x86_64/kernel/drivers/md/linear.ko.xz' -> '/tmp/rear.hvWqMGkcXVEGC9y/rootfs/lib/modules/3.10.0-1160.92.1.el7.x86_64/kernel/drivers/md/linear.ko.xz'
'/lib/modules/3.10.0-1160.92.1.el7.x86_64/kernel/drivers/md/dm-bufio.ko.xz' -> '/tmp/rear.hvWqMGkcXVEGC9y/rootfs/lib/modules/3.10.0-1160.92.1.el7.x86_64/kernel/drivers/md/dm-bufio.ko.xz'
'/lib/modules/3.10.0-1160.92.1.el7.x86_64/kernel/drivers/md/dm-mod.ko.xz' -> '/tmp/rear.hvWqMGkcXVEGC9y/rootfs/lib/modules/3.10.0-1160.92.1.el7.x86_64/kernel/drivers/md/dm-mod.ko.xz'
'/lib/modules/3.10.0-1160.92.1.el7.x86_64/kernel/drivers/md/persistent-data/dm-persistent-data.ko.xz' -> '/tmp/rear.hvWqMGkcXVEGC9y/rootfs/lib/modules/3.10.0-1160.92.1.el7.x86_64/kernel/drivers/md/persistent-data/dm-persistent-data.ko.xz'
'/lib/modules/3.10.0-1160.92.1.el7.x86_64/kernel/lib/libcrc32c.ko.xz' -> '/tmp/rear.hvWqMGkcXVEGC9y/rootfs/lib/modules/3.10.0-1160.92.1.el7.x86_64/kernel/lib/libcrc32c.ko.xz'
'/lib/modules/3.10.0-1160.92.1.el7.x86_64/kernel/drivers/md/raid0.ko.xz' -> '/tmp/rear.hvWqMGkcXVEGC9y/rootfs/lib/modules/3.10.0-1160.92.1.el7.x86_64/kernel/drivers/md/raid0.ko.xz'
'/lib/modules/3.10.0-1160.92.1.el7.x86_64/kernel/drivers/md/raid1.ko.xz' -> '/tmp/rear.hvWqMGkcXVEGC9y/rootfs/lib/modules/3.10.0-1160.92.1.el7.x86_64/kernel/drivers/md/raid1.ko.xz'
'/lib/modules/3.10.0-1160.92.1.el7.x86_64/kernel/drivers/md/raid10.ko.xz' -> '/tmp/rear.hvWqMGkcXVEGC9y/rootfs/lib/modules/3.10.0-1160.92.1.el7.x86_64/kernel/drivers/md/raid10.ko.xz'
'/lib/modules/3.10.0-1160.92.1.el7.x86_64/kernel/crypto/async_tx/async_memcpy.ko.xz' -> '/tmp/rear.hvWqMGkcXVEGC9y/rootfs/lib/modules/3.10.0-1160.92.1.el7.x86_64/kernel/crypto/async_tx/async_memcpy.ko.xz'
'/lib/modules/3.10.0-1160.92.1.el7.x86_64/kernel/crypto/async_tx/async_pq.ko.xz' -> '/tmp/rear.hvWqMGkcXVEGC9y/rootfs/lib/modules/3.10.0-1160.92.1.el7.x86_64/kernel/crypto/async_tx/async_pq.ko.xz'
'/lib/modules/3.10.0-1160.92.1.el7.x86_64/kernel/crypto/async_tx/async_raid6_recov.ko.xz' -> '/tmp/rear.hvWqMGkcXVEGC9y/rootfs/lib/modules/3.10.0-1160.92.1.el7.x86_64/kernel/crypto/async_tx/async_raid6_recov.ko.xz'
'/lib/modules/3.10.0-1160.92.1.el7.x86_64/kernel/crypto/async_tx/async_tx.ko.xz' -> '/tmp/rear.hvWqMGkcXVEGC9y/rootfs/lib/modules/3.10.0-1160.92.1.el7.x86_64/kernel/crypto/async_tx/async_tx.ko.xz'
'/lib/modules/3.10.0-1160.92.1.el7.x86_64/kernel/crypto/async_tx/async_xor.ko.xz' -> '/tmp/rear.hvWqMGkcXVEGC9y/rootfs/lib/modules/3.10.0-1160.92.1.el7.x86_64/kernel/crypto/async_tx/async_xor.ko.xz'
'/lib/modules/3.10.0-1160.92.1.el7.x86_64/kernel/crypto/xor.ko.xz' -> '/tmp/rear.hvWqMGkcXVEGC9y/rootfs/lib/modules/3.10.0-1160.92.1.el7.x86_64/kernel/crypto/xor.ko.xz'
'/lib/modules/3.10.0-1160.92.1.el7.x86_64/kernel/drivers/md/raid456.ko.xz' -> '/tmp/rear.hvWqMGkcXVEGC9y/rootfs/lib/modules/3.10.0-1160.92.1.el7.x86_64/kernel/drivers/md/raid456.ko.xz'
'/lib/modules/3.10.0-1160.92.1.el7.x86_64/kernel/lib/libcrc32c.ko.xz' -> '/tmp/rear.hvWqMGkcXVEGC9y/rootfs/lib/modules/3.10.0-1160.92.1.el7.x86_64/kernel/lib/libcrc32c.ko.xz'
'/lib/modules/3.10.0-1160.92.1.el7.x86_64/kernel/lib/raid6/raid6_pq.ko.xz' -> '/tmp/rear.hvWqMGkcXVEGC9y/rootfs/lib/modules/3.10.0-1160.92.1.el7.x86_64/kernel/lib/raid6/raid6_pq.ko.xz'
/lib/modules/3.10.0-1160.92.1.el7.x86_64/kernel/drivers/message -> /tmp/rear.hvWqMGkcXVEGC9y/rootfs/lib/modules/3.10.0-1160.92.1.el7.x86_64/kernel/drivers/message
/lib/modules/3.10.0-1160.92.1.el7.x86_64/kernel/drivers/message/fusion -> /tmp/rear.hvWqMGkcXVEGC9y/rootfs/lib/modules/3.10.0-1160.92.1.el7.x86_64/kernel/drivers/message/fusion
'/lib/modules/3.10.0-1160.92.1.el7.x86_64/kernel/drivers/message/fusion/mptbase.ko.xz' -> '/tmp/rear.hvWqMGkcXVEGC9y/rootfs/lib/modules/3.10.0-1160.92.1.el7.x86_64/kernel/drivers/message/fusion/mptbase.ko.xz'
'/lib/modules/3.10.0-1160.92.1.el7.x86_64/kernel/drivers/message/fusion/mptbase.ko.xz' -> '/tmp/rear.hvWqMGkcXVEGC9y/rootfs/lib/modules/3.10.0-1160.92.1.el7.x86_64/kernel/drivers/message/fusion/mptbase.ko.xz'
'/lib/modules/3.10.0-1160.92.1.el7.x86_64/kernel/drivers/message/fusion/mptctl.ko.xz' -> '/tmp/rear.hvWqMGkcXVEGC9y/rootfs/lib/modules/3.10.0-1160.92.1.el7.x86_64/kernel/drivers/message/fusion/mptctl.ko.xz'
'/lib/modules/3.10.0-1160.92.1.el7.x86_64/kernel/drivers/message/fusion/mptbase.ko.xz' -> '/tmp/rear.hvWqMGkcXVEGC9y/rootfs/lib/modules/3.10.0-1160.92.1.el7.x86_64/kernel/drivers/message/fusion/mptbase.ko.xz'
'/lib/modules/3.10.0-1160.92.1.el7.x86_64/kernel/drivers/message/fusion/mptsas.ko.xz' -> '/tmp/rear.hvWqMGkcXVEGC9y/rootfs/lib/modules/3.10.0-1160.92.1.el7.x86_64/kernel/drivers/message/fusion/mptsas.ko.xz'
'/lib/modules/3.10.0-1160.92.1.el7.x86_64/kernel/drivers/message/fusion/mptscsih.ko.xz' -> '/tmp/rear.hvWqMGkcXVEGC9y/rootfs/lib/modules/3.10.0-1160.92.1.el7.x86_64/kernel/drivers/message/fusion/mptscsih.ko.xz'
'/lib/modules/3.10.0-1160.92.1.el7.x86_64/kernel/drivers/scsi/scsi_transport_sas.ko.xz' -> '/tmp/rear.hvWqMGkcXVEGC9y/rootfs/lib/modules/3.10.0-1160.92.1.el7.x86_64/kernel/drivers/scsi/scsi_transport_sas.ko.xz'
'/lib/modules/3.10.0-1160.92.1.el7.x86_64/kernel/drivers/message/fusion/mptbase.ko.xz' -> '/tmp/rear.hvWqMGkcXVEGC9y/rootfs/lib/modules/3.10.0-1160.92.1.el7.x86_64/kernel/drivers/message/fusion/mptbase.ko.xz'
'/lib/modules/3.10.0-1160.92.1.el7.x86_64/kernel/drivers/message/fusion/mptscsih.ko.xz' -> '/tmp/rear.hvWqMGkcXVEGC9y/rootfs/lib/modules/3.10.0-1160.92.1.el7.x86_64/kernel/drivers/message/fusion/mptscsih.ko.xz'
'/lib/modules/3.10.0-1160.92.1.el7.x86_64/kernel/drivers/message/fusion/mptbase.ko.xz' -> '/tmp/rear.hvWqMGkcXVEGC9y/rootfs/lib/modules/3.10.0-1160.92.1.el7.x86_64/kernel/drivers/message/fusion/mptbase.ko.xz'
'/lib/modules/3.10.0-1160.92.1.el7.x86_64/kernel/drivers/message/fusion/mptscsih.ko.xz' -> '/tmp/rear.hvWqMGkcXVEGC9y/rootfs/lib/modules/3.10.0-1160.92.1.el7.x86_64/kernel/drivers/message/fusion/mptscsih.ko.xz'
'/lib/modules/3.10.0-1160.92.1.el7.x86_64/kernel/drivers/message/fusion/mptspi.ko.xz' -> '/tmp/rear.hvWqMGkcXVEGC9y/rootfs/lib/modules/3.10.0-1160.92.1.el7.x86_64/kernel/drivers/message/fusion/mptspi.ko.xz'
'/lib/modules/3.10.0-1160.92.1.el7.x86_64/kernel/drivers/scsi/scsi_transport_spi.ko.xz' -> '/tmp/rear.hvWqMGkcXVEGC9y/rootfs/lib/modules/3.10.0-1160.92.1.el7.x86_64/kernel/drivers/scsi/scsi_transport_spi.ko.xz'
'/lib/modules/3.10.0-1160.92.1.el7.x86_64/kernel/drivers/scsi/3w-9xxx.ko.xz' -> '/tmp/rear.hvWqMGkcXVEGC9y/rootfs/lib/modules/3.10.0-1160.92.1.el7.x86_64/kernel/drivers/scsi/3w-9xxx.ko.xz'
'/lib/modules/3.10.0-1160.92.1.el7.x86_64/kernel/drivers/scsi/3w-sas.ko.xz' -> '/tmp/rear.hvWqMGkcXVEGC9y/rootfs/lib/modules/3.10.0-1160.92.1.el7.x86_64/kernel/drivers/scsi/3w-sas.ko.xz'
/lib/modules/3.10.0-1160.92.1.el7.x86_64/kernel/drivers/scsi/aacraid -> /tmp/rear.hvWqMGkcXVEGC9y/rootfs/lib/modules/3.10.0-1160.92.1.el7.x86_64/kernel/drivers/scsi/aacraid
'/lib/modules/3.10.0-1160.92.1.el7.x86_64/kernel/drivers/scsi/aacraid/aacraid.ko.xz' -> '/tmp/rear.hvWqMGkcXVEGC9y/rootfs/lib/modules/3.10.0-1160.92.1.el7.x86_64/kernel/drivers/scsi/aacraid/aacraid.ko.xz'
/lib/modules/3.10.0-1160.92.1.el7.x86_64/kernel/drivers/scsi/aic7xxx -> /tmp/rear.hvWqMGkcXVEGC9y/rootfs/lib/modules/3.10.0-1160.92.1.el7.x86_64/kernel/drivers/scsi/aic7xxx
'/lib/modules/3.10.0-1160.92.1.el7.x86_64/kernel/drivers/scsi/aic7xxx/aic79xx.ko.xz' -> '/tmp/rear.hvWqMGkcXVEGC9y/rootfs/lib/modules/3.10.0-1160.92.1.el7.x86_64/kernel/drivers/scsi/aic7xxx/aic79xx.ko.xz'
'/lib/modules/3.10.0-1160.92.1.el7.x86_64/kernel/drivers/scsi/scsi_transport_spi.ko.xz' -> '/tmp/rear.hvWqMGkcXVEGC9y/rootfs/lib/modules/3.10.0-1160.92.1.el7.x86_64/kernel/drivers/scsi/scsi_transport_spi.ko.xz'
/lib/modules/3.10.0-1160.92.1.el7.x86_64/kernel/drivers/scsi/arcmsr -> /tmp/rear.hvWqMGkcXVEGC9y/rootfs/lib/modules/3.10.0-1160.92.1.el7.x86_64/kernel/drivers/scsi/arcmsr
'/lib/modules/3.10.0-1160.92.1.el7.x86_64/kernel/drivers/scsi/arcmsr/arcmsr.ko.xz' -> '/tmp/rear.hvWqMGkcXVEGC9y/rootfs/lib/modules/3.10.0-1160.92.1.el7.x86_64/kernel/drivers/scsi/arcmsr/arcmsr.ko.xz'
/lib/modules/3.10.0-1160.92.1.el7.x86_64/kernel/drivers/scsi/be2iscsi -> /tmp/rear.hvWqMGkcXVEGC9y/rootfs/lib/modules/3.10.0-1160.92.1.el7.x86_64/kernel/drivers/scsi/be2iscsi
'/lib/modules/3.10.0-1160.92.1.el7.x86_64/kernel/drivers/scsi/be2iscsi/be2iscsi.ko.xz' -> '/tmp/rear.hvWqMGkcXVEGC9y/rootfs/lib/modules/3.10.0-1160.92.1.el7.x86_64/kernel/drivers/scsi/be2iscsi/be2iscsi.ko.xz'
'/lib/modules/3.10.0-1160.92.1.el7.x86_64/kernel/drivers/scsi/iscsi_boot_sysfs.ko.xz' -> '/tmp/rear.hvWqMGkcXVEGC9y/rootfs/lib/modules/3.10.0-1160.92.1.el7.x86_64/kernel/drivers/scsi/iscsi_boot_sysfs.ko.xz'
'/lib/modules/3.10.0-1160.92.1.el7.x86_64/kernel/drivers/scsi/libiscsi.ko.xz' -> '/tmp/rear.hvWqMGkcXVEGC9y/rootfs/lib/modules/3.10.0-1160.92.1.el7.x86_64/kernel/drivers/scsi/libiscsi.ko.xz'
'/lib/modules/3.10.0-1160.92.1.el7.x86_64/kernel/drivers/scsi/scsi_transport_iscsi.ko.xz' -> '/tmp/rear.hvWqMGkcXVEGC9y/rootfs/lib/modules/3.10.0-1160.92.1.el7.x86_64/kernel/drivers/scsi/scsi_transport_iscsi.ko.xz'
/lib/modules/3.10.0-1160.92.1.el7.x86_64/kernel/drivers/scsi/bfa -> /tmp/rear.hvWqMGkcXVEGC9y/rootfs/lib/modules/3.10.0-1160.92.1.el7.x86_64/kernel/drivers/scsi/bfa
'/lib/modules/3.10.0-1160.92.1.el7.x86_64/kernel/drivers/scsi/bfa/bfa.ko.xz' -> '/tmp/rear.hvWqMGkcXVEGC9y/rootfs/lib/modules/3.10.0-1160.92.1.el7.x86_64/kernel/drivers/scsi/bfa/bfa.ko.xz'
'/lib/modules/3.10.0-1160.92.1.el7.x86_64/kernel/drivers/scsi/scsi_tgt.ko.xz' -> '/tmp/rear.hvWqMGkcXVEGC9y/rootfs/lib/modules/3.10.0-1160.92.1.el7.x86_64/kernel/drivers/scsi/scsi_tgt.ko.xz'
'/lib/modules/3.10.0-1160.92.1.el7.x86_64/kernel/drivers/scsi/scsi_transport_fc.ko.xz' -> '/tmp/rear.hvWqMGkcXVEGC9y/rootfs/lib/modules/3.10.0-1160.92.1.el7.x86_64/kernel/drivers/scsi/scsi_transport_fc.ko.xz'
/lib/modules/3.10.0-1160.92.1.el7.x86_64/kernel/drivers/net -> /tmp/rear.hvWqMGkcXVEGC9y/rootfs/lib/modules/3.10.0-1160.92.1.el7.x86_64/kernel/drivers/net
/lib/modules/3.10.0-1160.92.1.el7.x86_64/kernel/drivers/net/ethernet -> /tmp/rear.hvWqMGkcXVEGC9y/rootfs/lib/modules/3.10.0-1160.92.1.el7.x86_64/kernel/drivers/net/ethernet
/lib/modules/3.10.0-1160.92.1.el7.x86_64/kernel/drivers/net/ethernet/broadcom -> /tmp/rear.hvWqMGkcXVEGC9y/rootfs/lib/modules/3.10.0-1160.92.1.el7.x86_64/kernel/drivers/net/ethernet/broadcom
'/lib/modules/3.10.0-1160.92.1.el7.x86_64/kernel/drivers/net/ethernet/broadcom/cnic.ko.xz' -> '/tmp/rear.hvWqMGkcXVEGC9y/rootfs/lib/modules/3.10.0-1160.92.1.el7.x86_64/kernel/drivers/net/ethernet/broadcom/cnic.ko.xz'
/lib/modules/3.10.0-1160.92.1.el7.x86_64/kernel/drivers/scsi/bnx2fc -> /tmp/rear.hvWqMGkcXVEGC9y/rootfs/lib/modules/3.10.0-1160.92.1.el7.x86_64/kernel/drivers/scsi/bnx2fc
'/lib/modules/3.10.0-1160.92.1.el7.x86_64/kernel/drivers/scsi/bnx2fc/bnx2fc.ko.xz' -> '/tmp/rear.hvWqMGkcXVEGC9y/rootfs/lib/modules/3.10.0-1160.92.1.el7.x86_64/kernel/drivers/scsi/bnx2fc/bnx2fc.ko.xz'
/lib/modules/3.10.0-1160.92.1.el7.x86_64/kernel/drivers/scsi/fcoe -> /tmp/rear.hvWqMGkcXVEGC9y/rootfs/lib/modules/3.10.0-1160.92.1.el7.x86_64/kernel/drivers/scsi/fcoe
'/lib/modules/3.10.0-1160.92.1.el7.x86_64/kernel/drivers/scsi/fcoe/libfcoe.ko.xz' -> '/tmp/rear.hvWqMGkcXVEGC9y/rootfs/lib/modules/3.10.0-1160.92.1.el7.x86_64/kernel/drivers/scsi/fcoe/libfcoe.ko.xz'
/lib/modules/3.10.0-1160.92.1.el7.x86_64/kernel/drivers/scsi/libfc -> /tmp/rear.hvWqMGkcXVEGC9y/rootfs/lib/modules/3.10.0-1160.92.1.el7.x86_64/kernel/drivers/scsi/libfc
'/lib/modules/3.10.0-1160.92.1.el7.x86_64/kernel/drivers/scsi/libfc/libfc.ko.xz' -> '/tmp/rear.hvWqMGkcXVEGC9y/rootfs/lib/modules/3.10.0-1160.92.1.el7.x86_64/kernel/drivers/scsi/libfc/libfc.ko.xz'
'/lib/modules/3.10.0-1160.92.1.el7.x86_64/kernel/drivers/scsi/scsi_tgt.ko.xz' -> '/tmp/rear.hvWqMGkcXVEGC9y/rootfs/lib/modules/3.10.0-1160.92.1.el7.x86_64/kernel/drivers/scsi/scsi_tgt.ko.xz'
'/lib/modules/3.10.0-1160.92.1.el7.x86_64/kernel/drivers/scsi/scsi_transport_fc.ko.xz' -> '/tmp/rear.hvWqMGkcXVEGC9y/rootfs/lib/modules/3.10.0-1160.92.1.el7.x86_64/kernel/drivers/scsi/scsi_transport_fc.ko.xz'
/lib/modules/3.10.0-1160.92.1.el7.x86_64/kernel/drivers/uio -> /tmp/rear.hvWqMGkcXVEGC9y/rootfs/lib/modules/3.10.0-1160.92.1.el7.x86_64/kernel/drivers/uio
'/lib/modules/3.10.0-1160.92.1.el7.x86_64/kernel/drivers/uio/uio.ko.xz' -> '/tmp/rear.hvWqMGkcXVEGC9y/rootfs/lib/modules/3.10.0-1160.92.1.el7.x86_64/kernel/drivers/uio/uio.ko.xz'
'/lib/modules/3.10.0-1160.92.1.el7.x86_64/kernel/drivers/net/ethernet/broadcom/cnic.ko.xz' -> '/tmp/rear.hvWqMGkcXVEGC9y/rootfs/lib/modules/3.10.0-1160.92.1.el7.x86_64/kernel/drivers/net/ethernet/broadcom/cnic.ko.xz'
/lib/modules/3.10.0-1160.92.1.el7.x86_64/kernel/drivers/scsi/bnx2i -> /tmp/rear.hvWqMGkcXVEGC9y/rootfs/lib/modules/3.10.0-1160.92.1.el7.x86_64/kernel/drivers/scsi/bnx2i
'/lib/modules/3.10.0-1160.92.1.el7.x86_64/kernel/drivers/scsi/bnx2i/bnx2i.ko.xz' -> '/tmp/rear.hvWqMGkcXVEGC9y/rootfs/lib/modules/3.10.0-1160.92.1.el7.x86_64/kernel/drivers/scsi/bnx2i/bnx2i.ko.xz'
'/lib/modules/3.10.0-1160.92.1.el7.x86_64/kernel/drivers/scsi/libiscsi.ko.xz' -> '/tmp/rear.hvWqMGkcXVEGC9y/rootfs/lib/modules/3.10.0-1160.92.1.el7.x86_64/kernel/drivers/scsi/libiscsi.ko.xz'
'/lib/modules/3.10.0-1160.92.1.el7.x86_64/kernel/drivers/scsi/scsi_transport_iscsi.ko.xz' -> '/tmp/rear.hvWqMGkcXVEGC9y/rootfs/lib/modules/3.10.0-1160.92.1.el7.x86_64/kernel/drivers/scsi/scsi_transport_iscsi.ko.xz'
'/lib/modules/3.10.0-1160.92.1.el7.x86_64/kernel/drivers/uio/uio.ko.xz' -> '/tmp/rear.hvWqMGkcXVEGC9y/rootfs/lib/modules/3.10.0-1160.92.1.el7.x86_64/kernel/drivers/uio/uio.ko.xz'
'/lib/modules/3.10.0-1160.92.1.el7.x86_64/kernel/drivers/scsi/ch.ko.xz' -> '/tmp/rear.hvWqMGkcXVEGC9y/rootfs/lib/modules/3.10.0-1160.92.1.el7.x86_64/kernel/drivers/scsi/ch.ko.xz'
/lib/modules/3.10.0-1160.92.1.el7.x86_64/kernel/drivers/scsi/csiostor -> /tmp/rear.hvWqMGkcXVEGC9y/rootfs/lib/modules/3.10.0-1160.92.1.el7.x86_64/kernel/drivers/scsi/csiostor
'/lib/modules/3.10.0-1160.92.1.el7.x86_64/kernel/drivers/scsi/csiostor/csiostor.ko.xz' -> '/tmp/rear.hvWqMGkcXVEGC9y/rootfs/lib/modules/3.10.0-1160.92.1.el7.x86_64/kernel/drivers/scsi/csiostor/csiostor.ko.xz'
'/lib/modules/3.10.0-1160.92.1.el7.x86_64/kernel/drivers/scsi/scsi_tgt.ko.xz' -> '/tmp/rear.hvWqMGkcXVEGC9y/rootfs/lib/modules/3.10.0-1160.92.1.el7.x86_64/kernel/drivers/scsi/scsi_tgt.ko.xz'
'/lib/modules/3.10.0-1160.92.1.el7.x86_64/kernel/drivers/scsi/scsi_transport_fc.ko.xz' -> '/tmp/rear.hvWqMGkcXVEGC9y/rootfs/lib/modules/3.10.0-1160.92.1.el7.x86_64/kernel/drivers/scsi/scsi_transport_fc.ko.xz'
/lib/modules/3.10.0-1160.92.1.el7.x86_64/kernel/drivers/net/ethernet/chelsio -> /tmp/rear.hvWqMGkcXVEGC9y/rootfs/lib/modules/3.10.0-1160.92.1.el7.x86_64/kernel/drivers/net/ethernet/chelsio
/lib/modules/3.10.0-1160.92.1.el7.x86_64/kernel/drivers/net/ethernet/chelsio/cxgb3 -> /tmp/rear.hvWqMGkcXVEGC9y/rootfs/lib/modules/3.10.0-1160.92.1.el7.x86_64/kernel/drivers/net/ethernet/chelsio/cxgb3
'/lib/modules/3.10.0-1160.92.1.el7.x86_64/kernel/drivers/net/ethernet/chelsio/cxgb3/cxgb3.ko.xz' -> '/tmp/rear.hvWqMGkcXVEGC9y/rootfs/lib/modules/3.10.0-1160.92.1.el7.x86_64/kernel/drivers/net/ethernet/chelsio/cxgb3/cxgb3.ko.xz'
/lib/modules/3.10.0-1160.92.1.el7.x86_64/kernel/drivers/net/ethernet/chelsio/libcxgb -> /tmp/rear.hvWqMGkcXVEGC9y/rootfs/lib/modules/3.10.0-1160.92.1.el7.x86_64/kernel/drivers/net/ethernet/chelsio/libcxgb
'/lib/modules/3.10.0-1160.92.1.el7.x86_64/kernel/drivers/net/ethernet/chelsio/libcxgb/libcxgb.ko.xz' -> '/tmp/rear.hvWqMGkcXVEGC9y/rootfs/lib/modules/3.10.0-1160.92.1.el7.x86_64/kernel/drivers/net/ethernet/chelsio/libcxgb/libcxgb.ko.xz'
'/lib/modules/3.10.0-1160.92.1.el7.x86_64/kernel/drivers/net/mdio.ko.xz' -> '/tmp/rear.hvWqMGkcXVEGC9y/rootfs/lib/modules/3.10.0-1160.92.1.el7.x86_64/kernel/drivers/net/mdio.ko.xz'
/lib/modules/3.10.0-1160.92.1.el7.x86_64/kernel/drivers/scsi/cxgbi -> /tmp/rear.hvWqMGkcXVEGC9y/rootfs/lib/modules/3.10.0-1160.92.1.el7.x86_64/kernel/drivers/scsi/cxgbi
/lib/modules/3.10.0-1160.92.1.el7.x86_64/kernel/drivers/scsi/cxgbi/cxgb3i -> /tmp/rear.hvWqMGkcXVEGC9y/rootfs/lib/modules/3.10.0-1160.92.1.el7.x86_64/kernel/drivers/scsi/cxgbi/cxgb3i
'/lib/modules/3.10.0-1160.92.1.el7.x86_64/kernel/drivers/scsi/cxgbi/cxgb3i/cxgb3i.ko.xz' -> '/tmp/rear.hvWqMGkcXVEGC9y/rootfs/lib/modules/3.10.0-1160.92.1.el7.x86_64/kernel/drivers/scsi/cxgbi/cxgb3i/cxgb3i.ko.xz'
'/lib/modules/3.10.0-1160.92.1.el7.x86_64/kernel/drivers/scsi/cxgbi/libcxgbi.ko.xz' -> '/tmp/rear.hvWqMGkcXVEGC9y/rootfs/lib/modules/3.10.0-1160.92.1.el7.x86_64/kernel/drivers/scsi/cxgbi/libcxgbi.ko.xz'
'/lib/modules/3.10.0-1160.92.1.el7.x86_64/kernel/drivers/scsi/libiscsi.ko.xz' -> '/tmp/rear.hvWqMGkcXVEGC9y/rootfs/lib/modules/3.10.0-1160.92.1.el7.x86_64/kernel/drivers/scsi/libiscsi.ko.xz'
'/lib/modules/3.10.0-1160.92.1.el7.x86_64/kernel/drivers/scsi/libiscsi_tcp.ko.xz' -> '/tmp/rear.hvWqMGkcXVEGC9y/rootfs/lib/modules/3.10.0-1160.92.1.el7.x86_64/kernel/drivers/scsi/libiscsi_tcp.ko.xz'
'/lib/modules/3.10.0-1160.92.1.el7.x86_64/kernel/drivers/scsi/scsi_transport_iscsi.ko.xz' -> '/tmp/rear.hvWqMGkcXVEGC9y/rootfs/lib/modules/3.10.0-1160.92.1.el7.x86_64/kernel/drivers/scsi/scsi_transport_iscsi.ko.xz'
/lib/modules/3.10.0-1160.92.1.el7.x86_64/kernel/drivers/net/ethernet/chelsio/cxgb4 -> /tmp/rear.hvWqMGkcXVEGC9y/rootfs/lib/modules/3.10.0-1160.92.1.el7.x86_64/kernel/drivers/net/ethernet/chelsio/cxgb4
'/lib/modules/3.10.0-1160.92.1.el7.x86_64/kernel/drivers/net/ethernet/chelsio/cxgb4/cxgb4.ko.xz' -> '/tmp/rear.hvWqMGkcXVEGC9y/rootfs/lib/modules/3.10.0-1160.92.1.el7.x86_64/kernel/drivers/net/ethernet/chelsio/cxgb4/cxgb4.ko.xz'
'/lib/modules/3.10.0-1160.92.1.el7.x86_64/kernel/drivers/net/ethernet/chelsio/libcxgb/libcxgb.ko.xz' -> '/tmp/rear.hvWqMGkcXVEGC9y/rootfs/lib/modules/3.10.0-1160.92.1.el7.x86_64/kernel/drivers/net/ethernet/chelsio/libcxgb/libcxgb.ko.xz'
/lib/modules/3.10.0-1160.92.1.el7.x86_64/kernel/drivers/pps -> /tmp/rear.hvWqMGkcXVEGC9y/rootfs/lib/modules/3.10.0-1160.92.1.el7.x86_64/kernel/drivers/pps
'/lib/modules/3.10.0-1160.92.1.el7.x86_64/kernel/drivers/pps/pps_core.ko.xz' -> '/tmp/rear.hvWqMGkcXVEGC9y/rootfs/lib/modules/3.10.0-1160.92.1.el7.x86_64/kernel/drivers/pps/pps_core.ko.xz'
/lib/modules/3.10.0-1160.92.1.el7.x86_64/kernel/drivers/ptp -> /tmp/rear.hvWqMGkcXVEGC9y/rootfs/lib/modules/3.10.0-1160.92.1.el7.x86_64/kernel/drivers/ptp
'/lib/modules/3.10.0-1160.92.1.el7.x86_64/kernel/drivers/ptp/ptp.ko.xz' -> '/tmp/rear.hvWqMGkcXVEGC9y/rootfs/lib/modules/3.10.0-1160.92.1.el7.x86_64/kernel/drivers/ptp/ptp.ko.xz'
/lib/modules/3.10.0-1160.92.1.el7.x86_64/kernel/drivers/scsi/cxgbi/cxgb4i -> /tmp/rear.hvWqMGkcXVEGC9y/rootfs/lib/modules/3.10.0-1160.92.1.el7.x86_64/kernel/drivers/scsi/cxgbi/cxgb4i
'/lib/modules/3.10.0-1160.92.1.el7.x86_64/kernel/drivers/scsi/cxgbi/cxgb4i/cxgb4i.ko.xz' -> '/tmp/rear.hvWqMGkcXVEGC9y/rootfs/lib/modules/3.10.0-1160.92.1.el7.x86_64/kernel/drivers/scsi/cxgbi/cxgb4i/cxgb4i.ko.xz'
'/lib/modules/3.10.0-1160.92.1.el7.x86_64/kernel/drivers/scsi/cxgbi/libcxgbi.ko.xz' -> '/tmp/rear.hvWqMGkcXVEGC9y/rootfs/lib/modules/3.10.0-1160.92.1.el7.x86_64/kernel/drivers/scsi/cxgbi/libcxgbi.ko.xz'
'/lib/modules/3.10.0-1160.92.1.el7.x86_64/kernel/drivers/scsi/libiscsi.ko.xz' -> '/tmp/rear.hvWqMGkcXVEGC9y/rootfs/lib/modules/3.10.0-1160.92.1.el7.x86_64/kernel/drivers/scsi/libiscsi.ko.xz'
'/lib/modules/3.10.0-1160.92.1.el7.x86_64/kernel/drivers/scsi/libiscsi_tcp.ko.xz' -> '/tmp/rear.hvWqMGkcXVEGC9y/rootfs/lib/modules/3.10.0-1160.92.1.el7.x86_64/kernel/drivers/scsi/libiscsi_tcp.ko.xz'
'/lib/modules/3.10.0-1160.92.1.el7.x86_64/kernel/drivers/scsi/scsi_transport_iscsi.ko.xz' -> '/tmp/rear.hvWqMGkcXVEGC9y/rootfs/lib/modules/3.10.0-1160.92.1.el7.x86_64/kernel/drivers/scsi/scsi_transport_iscsi.ko.xz'
'/lib/modules/3.10.0-1160.92.1.el7.x86_64/kernel/drivers/net/ethernet/chelsio/libcxgb/libcxgb.ko.xz' -> '/tmp/rear.hvWqMGkcXVEGC9y/rootfs/lib/modules/3.10.0-1160.92.1.el7.x86_64/kernel/drivers/net/ethernet/chelsio/libcxgb/libcxgb.ko.xz'
'/lib/modules/3.10.0-1160.92.1.el7.x86_64/kernel/drivers/scsi/cxgbi/libcxgbi.ko.xz' -> '/tmp/rear.hvWqMGkcXVEGC9y/rootfs/lib/modules/3.10.0-1160.92.1.el7.x86_64/kernel/drivers/scsi/cxgbi/libcxgbi.ko.xz'
'/lib/modules/3.10.0-1160.92.1.el7.x86_64/kernel/drivers/scsi/libiscsi.ko.xz' -> '/tmp/rear.hvWqMGkcXVEGC9y/rootfs/lib/modules/3.10.0-1160.92.1.el7.x86_64/kernel/drivers/scsi/libiscsi.ko.xz'
'/lib/modules/3.10.0-1160.92.1.el7.x86_64/kernel/drivers/scsi/libiscsi_tcp.ko.xz' -> '/tmp/rear.hvWqMGkcXVEGC9y/rootfs/lib/modules/3.10.0-1160.92.1.el7.x86_64/kernel/drivers/scsi/libiscsi_tcp.ko.xz'
'/lib/modules/3.10.0-1160.92.1.el7.x86_64/kernel/drivers/scsi/scsi_transport_iscsi.ko.xz' -> '/tmp/rear.hvWqMGkcXVEGC9y/rootfs/lib/modules/3.10.0-1160.92.1.el7.x86_64/kernel/drivers/scsi/scsi_transport_iscsi.ko.xz'
'/lib/modules/3.10.0-1160.92.1.el7.x86_64/kernel/drivers/scsi/fcoe/fcoe.ko.xz' -> '/tmp/rear.hvWqMGkcXVEGC9y/rootfs/lib/modules/3.10.0-1160.92.1.el7.x86_64/kernel/drivers/scsi/fcoe/fcoe.ko.xz'
'/lib/modules/3.10.0-1160.92.1.el7.x86_64/kernel/drivers/scsi/fcoe/libfcoe.ko.xz' -> '/tmp/rear.hvWqMGkcXVEGC9y/rootfs/lib/modules/3.10.0-1160.92.1.el7.x86_64/kernel/drivers/scsi/fcoe/libfcoe.ko.xz'
'/lib/modules/3.10.0-1160.92.1.el7.x86_64/kernel/drivers/scsi/libfc/libfc.ko.xz' -> '/tmp/rear.hvWqMGkcXVEGC9y/rootfs/lib/modules/3.10.0-1160.92.1.el7.x86_64/kernel/drivers/scsi/libfc/libfc.ko.xz'
'/lib/modules/3.10.0-1160.92.1.el7.x86_64/kernel/drivers/scsi/scsi_tgt.ko.xz' -> '/tmp/rear.hvWqMGkcXVEGC9y/rootfs/lib/modules/3.10.0-1160.92.1.el7.x86_64/kernel/drivers/scsi/scsi_tgt.ko.xz'
'/lib/modules/3.10.0-1160.92.1.el7.x86_64/kernel/drivers/scsi/scsi_transport_fc.ko.xz' -> '/tmp/rear.hvWqMGkcXVEGC9y/rootfs/lib/modules/3.10.0-1160.92.1.el7.x86_64/kernel/drivers/scsi/scsi_transport_fc.ko.xz'
'/lib/modules/3.10.0-1160.92.1.el7.x86_64/kernel/drivers/scsi/fcoe/libfcoe.ko.xz' -> '/tmp/rear.hvWqMGkcXVEGC9y/rootfs/lib/modules/3.10.0-1160.92.1.el7.x86_64/kernel/drivers/scsi/fcoe/libfcoe.ko.xz'
'/lib/modules/3.10.0-1160.92.1.el7.x86_64/kernel/drivers/scsi/libfc/libfc.ko.xz' -> '/tmp/rear.hvWqMGkcXVEGC9y/rootfs/lib/modules/3.10.0-1160.92.1.el7.x86_64/kernel/drivers/scsi/libfc/libfc.ko.xz'
'/lib/modules/3.10.0-1160.92.1.el7.x86_64/kernel/drivers/scsi/scsi_tgt.ko.xz' -> '/tmp/rear.hvWqMGkcXVEGC9y/rootfs/lib/modules/3.10.0-1160.92.1.el7.x86_64/kernel/drivers/scsi/scsi_tgt.ko.xz'
'/lib/modules/3.10.0-1160.92.1.el7.x86_64/kernel/drivers/scsi/scsi_transport_fc.ko.xz' -> '/tmp/rear.hvWqMGkcXVEGC9y/rootfs/lib/modules/3.10.0-1160.92.1.el7.x86_64/kernel/drivers/scsi/scsi_transport_fc.ko.xz'
'/lib/modules/3.10.0-1160.92.1.el7.x86_64/kernel/drivers/scsi/fcoe/libfcoe.ko.xz' -> '/tmp/rear.hvWqMGkcXVEGC9y/rootfs/lib/modules/3.10.0-1160.92.1.el7.x86_64/kernel/drivers/scsi/fcoe/libfcoe.ko.xz'
/lib/modules/3.10.0-1160.92.1.el7.x86_64/kernel/drivers/scsi/fnic -> /tmp/rear.hvWqMGkcXVEGC9y/rootfs/lib/modules/3.10.0-1160.92.1.el7.x86_64/kernel/drivers/scsi/fnic
'/lib/modules/3.10.0-1160.92.1.el7.x86_64/kernel/drivers/scsi/fnic/fnic.ko.xz' -> '/tmp/rear.hvWqMGkcXVEGC9y/rootfs/lib/modules/3.10.0-1160.92.1.el7.x86_64/kernel/drivers/scsi/fnic/fnic.ko.xz'
'/lib/modules/3.10.0-1160.92.1.el7.x86_64/kernel/drivers/scsi/libfc/libfc.ko.xz' -> '/tmp/rear.hvWqMGkcXVEGC9y/rootfs/lib/modules/3.10.0-1160.92.1.el7.x86_64/kernel/drivers/scsi/libfc/libfc.ko.xz'
'/lib/modules/3.10.0-1160.92.1.el7.x86_64/kernel/drivers/scsi/scsi_tgt.ko.xz' -> '/tmp/rear.hvWqMGkcXVEGC9y/rootfs/lib/modules/3.10.0-1160.92.1.el7.x86_64/kernel/drivers/scsi/scsi_tgt.ko.xz'
'/lib/modules/3.10.0-1160.92.1.el7.x86_64/kernel/drivers/scsi/scsi_transport_fc.ko.xz' -> '/tmp/rear.hvWqMGkcXVEGC9y/rootfs/lib/modules/3.10.0-1160.92.1.el7.x86_64/kernel/drivers/scsi/scsi_transport_fc.ko.xz'
'/lib/modules/3.10.0-1160.92.1.el7.x86_64/kernel/drivers/scsi/hpsa.ko.xz' -> '/tmp/rear.hvWqMGkcXVEGC9y/rootfs/lib/modules/3.10.0-1160.92.1.el7.x86_64/kernel/drivers/scsi/hpsa.ko.xz'
'/lib/modules/3.10.0-1160.92.1.el7.x86_64/kernel/drivers/scsi/scsi_transport_sas.ko.xz' -> '/tmp/rear.hvWqMGkcXVEGC9y/rootfs/lib/modules/3.10.0-1160.92.1.el7.x86_64/kernel/drivers/scsi/scsi_transport_sas.ko.xz'
'/lib/modules/3.10.0-1160.92.1.el7.x86_64/kernel/drivers/scsi/hptiop.ko.xz' -> '/tmp/rear.hvWqMGkcXVEGC9y/rootfs/lib/modules/3.10.0-1160.92.1.el7.x86_64/kernel/drivers/scsi/hptiop.ko.xz'
/lib/modules/3.10.0-1160.92.1.el7.x86_64/kernel/drivers/hv -> /tmp/rear.hvWqMGkcXVEGC9y/rootfs/lib/modules/3.10.0-1160.92.1.el7.x86_64/kernel/drivers/hv
'/lib/modules/3.10.0-1160.92.1.el7.x86_64/kernel/drivers/hv/hv_vmbus.ko.xz' -> '/tmp/rear.hvWqMGkcXVEGC9y/rootfs/lib/modules/3.10.0-1160.92.1.el7.x86_64/kernel/drivers/hv/hv_vmbus.ko.xz'
'/lib/modules/3.10.0-1160.92.1.el7.x86_64/kernel/drivers/scsi/hv_storvsc.ko.xz' -> '/tmp/rear.hvWqMGkcXVEGC9y/rootfs/lib/modules/3.10.0-1160.92.1.el7.x86_64/kernel/drivers/scsi/hv_storvsc.ko.xz'
'/lib/modules/3.10.0-1160.92.1.el7.x86_64/kernel/drivers/scsi/scsi_tgt.ko.xz' -> '/tmp/rear.hvWqMGkcXVEGC9y/rootfs/lib/modules/3.10.0-1160.92.1.el7.x86_64/kernel/drivers/scsi/scsi_tgt.ko.xz'
'/lib/modules/3.10.0-1160.92.1.el7.x86_64/kernel/drivers/scsi/scsi_transport_fc.ko.xz' -> '/tmp/rear.hvWqMGkcXVEGC9y/rootfs/lib/modules/3.10.0-1160.92.1.el7.x86_64/kernel/drivers/scsi/scsi_transport_fc.ko.xz'
'/lib/modules/3.10.0-1160.92.1.el7.x86_64/kernel/drivers/scsi/initio.ko.xz' -> '/tmp/rear.hvWqMGkcXVEGC9y/rootfs/lib/modules/3.10.0-1160.92.1.el7.x86_64/kernel/drivers/scsi/initio.ko.xz'
'/lib/modules/3.10.0-1160.92.1.el7.x86_64/kernel/drivers/ata/libata.ko.xz' -> '/tmp/rear.hvWqMGkcXVEGC9y/rootfs/lib/modules/3.10.0-1160.92.1.el7.x86_64/kernel/drivers/ata/libata.ko.xz'
/lib/modules/3.10.0-1160.92.1.el7.x86_64/kernel/drivers/scsi/isci -> /tmp/rear.hvWqMGkcXVEGC9y/rootfs/lib/modules/3.10.0-1160.92.1.el7.x86_64/kernel/drivers/scsi/isci
'/lib/modules/3.10.0-1160.92.1.el7.x86_64/kernel/drivers/scsi/isci/isci.ko.xz' -> '/tmp/rear.hvWqMGkcXVEGC9y/rootfs/lib/modules/3.10.0-1160.92.1.el7.x86_64/kernel/drivers/scsi/isci/isci.ko.xz'
/lib/modules/3.10.0-1160.92.1.el7.x86_64/kernel/drivers/scsi/libsas -> /tmp/rear.hvWqMGkcXVEGC9y/rootfs/lib/modules/3.10.0-1160.92.1.el7.x86_64/kernel/drivers/scsi/libsas
'/lib/modules/3.10.0-1160.92.1.el7.x86_64/kernel/drivers/scsi/libsas/libsas.ko.xz' -> '/tmp/rear.hvWqMGkcXVEGC9y/rootfs/lib/modules/3.10.0-1160.92.1.el7.x86_64/kernel/drivers/scsi/libsas/libsas.ko.xz'
'/lib/modules/3.10.0-1160.92.1.el7.x86_64/kernel/drivers/scsi/scsi_transport_sas.ko.xz' -> '/tmp/rear.hvWqMGkcXVEGC9y/rootfs/lib/modules/3.10.0-1160.92.1.el7.x86_64/kernel/drivers/scsi/scsi_transport_sas.ko.xz'
'/lib/modules/3.10.0-1160.92.1.el7.x86_64/kernel/drivers/scsi/iscsi_boot_sysfs.ko.xz' -> '/tmp/rear.hvWqMGkcXVEGC9y/rootfs/lib/modules/3.10.0-1160.92.1.el7.x86_64/kernel/drivers/scsi/iscsi_boot_sysfs.ko.xz'
'/lib/modules/3.10.0-1160.92.1.el7.x86_64/kernel/drivers/scsi/iscsi_tcp.ko.xz' -> '/tmp/rear.hvWqMGkcXVEGC9y/rootfs/lib/modules/3.10.0-1160.92.1.el7.x86_64/kernel/drivers/scsi/iscsi_tcp.ko.xz'
'/lib/modules/3.10.0-1160.92.1.el7.x86_64/kernel/drivers/scsi/libiscsi.ko.xz' -> '/tmp/rear.hvWqMGkcXVEGC9y/rootfs/lib/modules/3.10.0-1160.92.1.el7.x86_64/kernel/drivers/scsi/libiscsi.ko.xz'
'/lib/modules/3.10.0-1160.92.1.el7.x86_64/kernel/drivers/scsi/libiscsi_tcp.ko.xz' -> '/tmp/rear.hvWqMGkcXVEGC9y/rootfs/lib/modules/3.10.0-1160.92.1.el7.x86_64/kernel/drivers/scsi/libiscsi_tcp.ko.xz'
'/lib/modules/3.10.0-1160.92.1.el7.x86_64/kernel/drivers/scsi/scsi_transport_iscsi.ko.xz' -> '/tmp/rear.hvWqMGkcXVEGC9y/rootfs/lib/modules/3.10.0-1160.92.1.el7.x86_64/kernel/drivers/scsi/scsi_transport_iscsi.ko.xz'
'/lib/modules/3.10.0-1160.92.1.el7.x86_64/kernel/drivers/scsi/libfc/libfc.ko.xz' -> '/tmp/rear.hvWqMGkcXVEGC9y/rootfs/lib/modules/3.10.0-1160.92.1.el7.x86_64/kernel/drivers/scsi/libfc/libfc.ko.xz'
'/lib/modules/3.10.0-1160.92.1.el7.x86_64/kernel/drivers/scsi/scsi_tgt.ko.xz' -> '/tmp/rear.hvWqMGkcXVEGC9y/rootfs/lib/modules/3.10.0-1160.92.1.el7.x86_64/kernel/drivers/scsi/scsi_tgt.ko.xz'
'/lib/modules/3.10.0-1160.92.1.el7.x86_64/kernel/drivers/scsi/scsi_transport_fc.ko.xz' -> '/tmp/rear.hvWqMGkcXVEGC9y/rootfs/lib/modules/3.10.0-1160.92.1.el7.x86_64/kernel/drivers/scsi/scsi_transport_fc.ko.xz'
'/lib/modules/3.10.0-1160.92.1.el7.x86_64/kernel/drivers/scsi/libiscsi.ko.xz' -> '/tmp/rear.hvWqMGkcXVEGC9y/rootfs/lib/modules/3.10.0-1160.92.1.el7.x86_64/kernel/drivers/scsi/libiscsi.ko.xz'
'/lib/modules/3.10.0-1160.92.1.el7.x86_64/kernel/drivers/scsi/scsi_transport_iscsi.ko.xz' -> '/tmp/rear.hvWqMGkcXVEGC9y/rootfs/lib/modules/3.10.0-1160.92.1.el7.x86_64/kernel/drivers/scsi/scsi_transport_iscsi.ko.xz'
'/lib/modules/3.10.0-1160.92.1.el7.x86_64/kernel/drivers/scsi/libiscsi.ko.xz' -> '/tmp/rear.hvWqMGkcXVEGC9y/rootfs/lib/modules/3.10.0-1160.92.1.el7.x86_64/kernel/drivers/scsi/libiscsi.ko.xz'
'/lib/modules/3.10.0-1160.92.1.el7.x86_64/kernel/drivers/scsi/libiscsi_tcp.ko.xz' -> '/tmp/rear.hvWqMGkcXVEGC9y/rootfs/lib/modules/3.10.0-1160.92.1.el7.x86_64/kernel/drivers/scsi/libiscsi_tcp.ko.xz'
'/lib/modules/3.10.0-1160.92.1.el7.x86_64/kernel/drivers/scsi/scsi_transport_iscsi.ko.xz' -> '/tmp/rear.hvWqMGkcXVEGC9y/rootfs/lib/modules/3.10.0-1160.92.1.el7.x86_64/kernel/drivers/scsi/scsi_transport_iscsi.ko.xz'
'/lib/modules/3.10.0-1160.92.1.el7.x86_64/kernel/drivers/ata/libata.ko.xz' -> '/tmp/rear.hvWqMGkcXVEGC9y/rootfs/lib/modules/3.10.0-1160.92.1.el7.x86_64/kernel/drivers/ata/libata.ko.xz'
'/lib/modules/3.10.0-1160.92.1.el7.x86_64/kernel/drivers/scsi/libsas/libsas.ko.xz' -> '/tmp/rear.hvWqMGkcXVEGC9y/rootfs/lib/modules/3.10.0-1160.92.1.el7.x86_64/kernel/drivers/scsi/libsas/libsas.ko.xz'
'/lib/modules/3.10.0-1160.92.1.el7.x86_64/kernel/drivers/scsi/scsi_transport_sas.ko.xz' -> '/tmp/rear.hvWqMGkcXVEGC9y/rootfs/lib/modules/3.10.0-1160.92.1.el7.x86_64/kernel/drivers/scsi/scsi_transport_sas.ko.xz'
'/lib/modules/3.10.0-1160.92.1.el7.x86_64/kernel/drivers/scsi/libsrp.ko.xz' -> '/tmp/rear.hvWqMGkcXVEGC9y/rootfs/lib/modules/3.10.0-1160.92.1.el7.x86_64/kernel/drivers/scsi/libsrp.ko.xz'
'/lib/modules/3.10.0-1160.92.1.el7.x86_64/kernel/drivers/scsi/scsi_tgt.ko.xz' -> '/tmp/rear.hvWqMGkcXVEGC9y/rootfs/lib/modules/3.10.0-1160.92.1.el7.x86_64/kernel/drivers/scsi/scsi_tgt.ko.xz'
'/lib/modules/3.10.0-1160.92.1.el7.x86_64/kernel/arch/x86/crypto/crct10dif-pclmul.ko.xz' -> '/tmp/rear.hvWqMGkcXVEGC9y/rootfs/lib/modules/3.10.0-1160.92.1.el7.x86_64/kernel/arch/x86/crypto/crct10dif-pclmul.ko.xz'
'/lib/modules/3.10.0-1160.92.1.el7.x86_64/kernel/crypto/crct10dif_common.ko.xz' -> '/tmp/rear.hvWqMGkcXVEGC9y/rootfs/lib/modules/3.10.0-1160.92.1.el7.x86_64/kernel/crypto/crct10dif_common.ko.xz'
'/lib/modules/3.10.0-1160.92.1.el7.x86_64/kernel/crypto/crct10dif_generic.ko.xz' -> '/tmp/rear.hvWqMGkcXVEGC9y/rootfs/lib/modules/3.10.0-1160.92.1.el7.x86_64/kernel/crypto/crct10dif_generic.ko.xz'
/lib/modules/3.10.0-1160.92.1.el7.x86_64/kernel/drivers/nvme -> /tmp/rear.hvWqMGkcXVEGC9y/rootfs/lib/modules/3.10.0-1160.92.1.el7.x86_64/kernel/drivers/nvme
/lib/modules/3.10.0-1160.92.1.el7.x86_64/kernel/drivers/nvme/host -> /tmp/rear.hvWqMGkcXVEGC9y/rootfs/lib/modules/3.10.0-1160.92.1.el7.x86_64/kernel/drivers/nvme/host
'/lib/modules/3.10.0-1160.92.1.el7.x86_64/kernel/drivers/nvme/host/nvme-core.ko.xz' -> '/tmp/rear.hvWqMGkcXVEGC9y/rootfs/lib/modules/3.10.0-1160.92.1.el7.x86_64/kernel/drivers/nvme/host/nvme-core.ko.xz'
'/lib/modules/3.10.0-1160.92.1.el7.x86_64/kernel/drivers/nvme/host/nvme-fabrics.ko.xz' -> '/tmp/rear.hvWqMGkcXVEGC9y/rootfs/lib/modules/3.10.0-1160.92.1.el7.x86_64/kernel/drivers/nvme/host/nvme-fabrics.ko.xz'
'/lib/modules/3.10.0-1160.92.1.el7.x86_64/kernel/drivers/nvme/host/nvme-fc.ko.xz' -> '/tmp/rear.hvWqMGkcXVEGC9y/rootfs/lib/modules/3.10.0-1160.92.1.el7.x86_64/kernel/drivers/nvme/host/nvme-fc.ko.xz'
/lib/modules/3.10.0-1160.92.1.el7.x86_64/kernel/drivers/nvme/target -> /tmp/rear.hvWqMGkcXVEGC9y/rootfs/lib/modules/3.10.0-1160.92.1.el7.x86_64/kernel/drivers/nvme/target
'/lib/modules/3.10.0-1160.92.1.el7.x86_64/kernel/drivers/nvme/target/nvmet-fc.ko.xz' -> '/tmp/rear.hvWqMGkcXVEGC9y/rootfs/lib/modules/3.10.0-1160.92.1.el7.x86_64/kernel/drivers/nvme/target/nvmet-fc.ko.xz'
'/lib/modules/3.10.0-1160.92.1.el7.x86_64/kernel/drivers/nvme/target/nvmet.ko.xz' -> '/tmp/rear.hvWqMGkcXVEGC9y/rootfs/lib/modules/3.10.0-1160.92.1.el7.x86_64/kernel/drivers/nvme/target/nvmet.ko.xz'
/lib/modules/3.10.0-1160.92.1.el7.x86_64/kernel/drivers/scsi/lpfc -> /tmp/rear.hvWqMGkcXVEGC9y/rootfs/lib/modules/3.10.0-1160.92.1.el7.x86_64/kernel/drivers/scsi/lpfc
'/lib/modules/3.10.0-1160.92.1.el7.x86_64/kernel/drivers/scsi/lpfc/lpfc.ko.xz' -> '/tmp/rear.hvWqMGkcXVEGC9y/rootfs/lib/modules/3.10.0-1160.92.1.el7.x86_64/kernel/drivers/scsi/lpfc/lpfc.ko.xz'
'/lib/modules/3.10.0-1160.92.1.el7.x86_64/kernel/drivers/scsi/scsi_tgt.ko.xz' -> '/tmp/rear.hvWqMGkcXVEGC9y/rootfs/lib/modules/3.10.0-1160.92.1.el7.x86_64/kernel/drivers/scsi/scsi_tgt.ko.xz'
'/lib/modules/3.10.0-1160.92.1.el7.x86_64/kernel/drivers/scsi/scsi_transport_fc.ko.xz' -> '/tmp/rear.hvWqMGkcXVEGC9y/rootfs/lib/modules/3.10.0-1160.92.1.el7.x86_64/kernel/drivers/scsi/scsi_transport_fc.ko.xz'
'/lib/modules/3.10.0-1160.92.1.el7.x86_64/kernel/lib/crc-t10dif.ko.xz' -> '/tmp/rear.hvWqMGkcXVEGC9y/rootfs/lib/modules/3.10.0-1160.92.1.el7.x86_64/kernel/lib/crc-t10dif.ko.xz'
/lib/modules/3.10.0-1160.92.1.el7.x86_64/kernel/drivers/scsi/megaraid -> /tmp/rear.hvWqMGkcXVEGC9y/rootfs/lib/modules/3.10.0-1160.92.1.el7.x86_64/kernel/drivers/scsi/megaraid
'/lib/modules/3.10.0-1160.92.1.el7.x86_64/kernel/drivers/scsi/megaraid/megaraid_sas.ko.xz' -> '/tmp/rear.hvWqMGkcXVEGC9y/rootfs/lib/modules/3.10.0-1160.92.1.el7.x86_64/kernel/drivers/scsi/megaraid/megaraid_sas.ko.xz'
/lib/modules/3.10.0-1160.92.1.el7.x86_64/kernel/drivers/scsi/mpt3sas -> /tmp/rear.hvWqMGkcXVEGC9y/rootfs/lib/modules/3.10.0-1160.92.1.el7.x86_64/kernel/drivers/scsi/mpt3sas
'/lib/modules/3.10.0-1160.92.1.el7.x86_64/kernel/drivers/scsi/mpt3sas/mpt2sas.ko.xz' -> '/tmp/rear.hvWqMGkcXVEGC9y/rootfs/lib/modules/3.10.0-1160.92.1.el7.x86_64/kernel/drivers/scsi/mpt3sas/mpt2sas.ko.xz'
'/lib/modules/3.10.0-1160.92.1.el7.x86_64/kernel/drivers/scsi/raid_class.ko.xz' -> '/tmp/rear.hvWqMGkcXVEGC9y/rootfs/lib/modules/3.10.0-1160.92.1.el7.x86_64/kernel/drivers/scsi/raid_class.ko.xz'
'/lib/modules/3.10.0-1160.92.1.el7.x86_64/kernel/drivers/scsi/scsi_transport_sas.ko.xz' -> '/tmp/rear.hvWqMGkcXVEGC9y/rootfs/lib/modules/3.10.0-1160.92.1.el7.x86_64/kernel/drivers/scsi/scsi_transport_sas.ko.xz'
'/lib/modules/3.10.0-1160.92.1.el7.x86_64/kernel/drivers/scsi/mpt3sas/mpt3sas.ko.xz' -> '/tmp/rear.hvWqMGkcXVEGC9y/rootfs/lib/modules/3.10.0-1160.92.1.el7.x86_64/kernel/drivers/scsi/mpt3sas/mpt3sas.ko.xz'
'/lib/modules/3.10.0-1160.92.1.el7.x86_64/kernel/drivers/scsi/raid_class.ko.xz' -> '/tmp/rear.hvWqMGkcXVEGC9y/rootfs/lib/modules/3.10.0-1160.92.1.el7.x86_64/kernel/drivers/scsi/raid_class.ko.xz'
'/lib/modules/3.10.0-1160.92.1.el7.x86_64/kernel/drivers/scsi/scsi_transport_sas.ko.xz' -> '/tmp/rear.hvWqMGkcXVEGC9y/rootfs/lib/modules/3.10.0-1160.92.1.el7.x86_64/kernel/drivers/scsi/scsi_transport_sas.ko.xz'
'/lib/modules/3.10.0-1160.92.1.el7.x86_64/kernel/drivers/ata/libata.ko.xz' -> '/tmp/rear.hvWqMGkcXVEGC9y/rootfs/lib/modules/3.10.0-1160.92.1.el7.x86_64/kernel/drivers/ata/libata.ko.xz'
'/lib/modules/3.10.0-1160.92.1.el7.x86_64/kernel/drivers/scsi/libsas/libsas.ko.xz' -> '/tmp/rear.hvWqMGkcXVEGC9y/rootfs/lib/modules/3.10.0-1160.92.1.el7.x86_64/kernel/drivers/scsi/libsas/libsas.ko.xz'
/lib/modules/3.10.0-1160.92.1.el7.x86_64/kernel/drivers/scsi/mvsas -> /tmp/rear.hvWqMGkcXVEGC9y/rootfs/lib/modules/3.10.0-1160.92.1.el7.x86_64/kernel/drivers/scsi/mvsas
'/lib/modules/3.10.0-1160.92.1.el7.x86_64/kernel/drivers/scsi/mvsas/mvsas.ko.xz' -> '/tmp/rear.hvWqMGkcXVEGC9y/rootfs/lib/modules/3.10.0-1160.92.1.el7.x86_64/kernel/drivers/scsi/mvsas/mvsas.ko.xz'
'/lib/modules/3.10.0-1160.92.1.el7.x86_64/kernel/drivers/scsi/scsi_transport_sas.ko.xz' -> '/tmp/rear.hvWqMGkcXVEGC9y/rootfs/lib/modules/3.10.0-1160.92.1.el7.x86_64/kernel/drivers/scsi/scsi_transport_sas.ko.xz'
'/lib/modules/3.10.0-1160.92.1.el7.x86_64/kernel/drivers/scsi/mvumi.ko.xz' -> '/tmp/rear.hvWqMGkcXVEGC9y/rootfs/lib/modules/3.10.0-1160.92.1.el7.x86_64/kernel/drivers/scsi/mvumi.ko.xz'
'/lib/modules/3.10.0-1160.92.1.el7.x86_64/kernel/drivers/scsi/osd/libosd.ko.xz' -> '/tmp/rear.hvWqMGkcXVEGC9y/rootfs/lib/modules/3.10.0-1160.92.1.el7.x86_64/kernel/drivers/scsi/osd/libosd.ko.xz'
'/lib/modules/3.10.0-1160.92.1.el7.x86_64/kernel/drivers/scsi/osd/libosd.ko.xz' -> '/tmp/rear.hvWqMGkcXVEGC9y/rootfs/lib/modules/3.10.0-1160.92.1.el7.x86_64/kernel/drivers/scsi/osd/libosd.ko.xz'
'/lib/modules/3.10.0-1160.92.1.el7.x86_64/kernel/drivers/scsi/osd/osd.ko.xz' -> '/tmp/rear.hvWqMGkcXVEGC9y/rootfs/lib/modules/3.10.0-1160.92.1.el7.x86_64/kernel/drivers/scsi/osd/osd.ko.xz'
'/lib/modules/3.10.0-1160.92.1.el7.x86_64/kernel/drivers/scsi/osst.ko.xz' -> '/tmp/rear.hvWqMGkcXVEGC9y/rootfs/lib/modules/3.10.0-1160.92.1.el7.x86_64/kernel/drivers/scsi/osst.ko.xz'
'/lib/modules/3.10.0-1160.92.1.el7.x86_64/kernel/drivers/ata/libata.ko.xz' -> '/tmp/rear.hvWqMGkcXVEGC9y/rootfs/lib/modules/3.10.0-1160.92.1.el7.x86_64/kernel/drivers/ata/libata.ko.xz'
'/lib/modules/3.10.0-1160.92.1.el7.x86_64/kernel/drivers/scsi/libsas/libsas.ko.xz' -> '/tmp/rear.hvWqMGkcXVEGC9y/rootfs/lib/modules/3.10.0-1160.92.1.el7.x86_64/kernel/drivers/scsi/libsas/libsas.ko.xz'
/lib/modules/3.10.0-1160.92.1.el7.x86_64/kernel/drivers/scsi/pm8001 -> /tmp/rear.hvWqMGkcXVEGC9y/rootfs/lib/modules/3.10.0-1160.92.1.el7.x86_64/kernel/drivers/scsi/pm8001
'/lib/modules/3.10.0-1160.92.1.el7.x86_64/kernel/drivers/scsi/pm8001/pm80xx.ko.xz' -> '/tmp/rear.hvWqMGkcXVEGC9y/rootfs/lib/modules/3.10.0-1160.92.1.el7.x86_64/kernel/drivers/scsi/pm8001/pm80xx.ko.xz'
'/lib/modules/3.10.0-1160.92.1.el7.x86_64/kernel/drivers/scsi/scsi_transport_sas.ko.xz' -> '/tmp/rear.hvWqMGkcXVEGC9y/rootfs/lib/modules/3.10.0-1160.92.1.el7.x86_64/kernel/drivers/scsi/scsi_transport_sas.ko.xz'
'/lib/modules/3.10.0-1160.92.1.el7.x86_64/kernel/drivers/scsi/pmcraid.ko.xz' -> '/tmp/rear.hvWqMGkcXVEGC9y/rootfs/lib/modules/3.10.0-1160.92.1.el7.x86_64/kernel/drivers/scsi/pmcraid.ko.xz'
/lib/modules/3.10.0-1160.92.1.el7.x86_64/kernel/drivers/net/ethernet/qlogic -> /tmp/rear.hvWqMGkcXVEGC9y/rootfs/lib/modules/3.10.0-1160.92.1.el7.x86_64/kernel/drivers/net/ethernet/qlogic
/lib/modules/3.10.0-1160.92.1.el7.x86_64/kernel/drivers/net/ethernet/qlogic/qed -> /tmp/rear.hvWqMGkcXVEGC9y/rootfs/lib/modules/3.10.0-1160.92.1.el7.x86_64/kernel/drivers/net/ethernet/qlogic/qed
'/lib/modules/3.10.0-1160.92.1.el7.x86_64/kernel/drivers/net/ethernet/qlogic/qed/qed.ko.xz' -> '/tmp/rear.hvWqMGkcXVEGC9y/rootfs/lib/modules/3.10.0-1160.92.1.el7.x86_64/kernel/drivers/net/ethernet/qlogic/qed/qed.ko.xz'
'/lib/modules/3.10.0-1160.92.1.el7.x86_64/kernel/drivers/scsi/fcoe/libfcoe.ko.xz' -> '/tmp/rear.hvWqMGkcXVEGC9y/rootfs/lib/modules/3.10.0-1160.92.1.el7.x86_64/kernel/drivers/scsi/fcoe/libfcoe.ko.xz'
'/lib/modules/3.10.0-1160.92.1.el7.x86_64/kernel/drivers/scsi/libfc/libfc.ko.xz' -> '/tmp/rear.hvWqMGkcXVEGC9y/rootfs/lib/modules/3.10.0-1160.92.1.el7.x86_64/kernel/drivers/scsi/libfc/libfc.ko.xz'
/lib/modules/3.10.0-1160.92.1.el7.x86_64/kernel/drivers/scsi/qedf -> /tmp/rear.hvWqMGkcXVEGC9y/rootfs/lib/modules/3.10.0-1160.92.1.el7.x86_64/kernel/drivers/scsi/qedf
'/lib/modules/3.10.0-1160.92.1.el7.x86_64/kernel/drivers/scsi/qedf/qedf.ko.xz' -> '/tmp/rear.hvWqMGkcXVEGC9y/rootfs/lib/modules/3.10.0-1160.92.1.el7.x86_64/kernel/drivers/scsi/qedf/qedf.ko.xz'
'/lib/modules/3.10.0-1160.92.1.el7.x86_64/kernel/drivers/scsi/scsi_tgt.ko.xz' -> '/tmp/rear.hvWqMGkcXVEGC9y/rootfs/lib/modules/3.10.0-1160.92.1.el7.x86_64/kernel/drivers/scsi/scsi_tgt.ko.xz'
'/lib/modules/3.10.0-1160.92.1.el7.x86_64/kernel/drivers/scsi/scsi_transport_fc.ko.xz' -> '/tmp/rear.hvWqMGkcXVEGC9y/rootfs/lib/modules/3.10.0-1160.92.1.el7.x86_64/kernel/drivers/scsi/scsi_transport_fc.ko.xz'
'/lib/modules/3.10.0-1160.92.1.el7.x86_64/kernel/lib/crc8.ko.xz' -> '/tmp/rear.hvWqMGkcXVEGC9y/rootfs/lib/modules/3.10.0-1160.92.1.el7.x86_64/kernel/lib/crc8.ko.xz'
'/lib/modules/3.10.0-1160.92.1.el7.x86_64/kernel/drivers/net/ethernet/qlogic/qed/qed.ko.xz' -> '/tmp/rear.hvWqMGkcXVEGC9y/rootfs/lib/modules/3.10.0-1160.92.1.el7.x86_64/kernel/drivers/net/ethernet/qlogic/qed/qed.ko.xz'
'/lib/modules/3.10.0-1160.92.1.el7.x86_64/kernel/drivers/scsi/iscsi_boot_sysfs.ko.xz' -> '/tmp/rear.hvWqMGkcXVEGC9y/rootfs/lib/modules/3.10.0-1160.92.1.el7.x86_64/kernel/drivers/scsi/iscsi_boot_sysfs.ko.xz'
'/lib/modules/3.10.0-1160.92.1.el7.x86_64/kernel/drivers/scsi/libiscsi.ko.xz' -> '/tmp/rear.hvWqMGkcXVEGC9y/rootfs/lib/modules/3.10.0-1160.92.1.el7.x86_64/kernel/drivers/scsi/libiscsi.ko.xz'
/lib/modules/3.10.0-1160.92.1.el7.x86_64/kernel/drivers/scsi/qedi -> /tmp/rear.hvWqMGkcXVEGC9y/rootfs/lib/modules/3.10.0-1160.92.1.el7.x86_64/kernel/drivers/scsi/qedi
'/lib/modules/3.10.0-1160.92.1.el7.x86_64/kernel/drivers/scsi/qedi/qedi.ko.xz' -> '/tmp/rear.hvWqMGkcXVEGC9y/rootfs/lib/modules/3.10.0-1160.92.1.el7.x86_64/kernel/drivers/scsi/qedi/qedi.ko.xz'
'/lib/modules/3.10.0-1160.92.1.el7.x86_64/kernel/drivers/scsi/scsi_transport_iscsi.ko.xz' -> '/tmp/rear.hvWqMGkcXVEGC9y/rootfs/lib/modules/3.10.0-1160.92.1.el7.x86_64/kernel/drivers/scsi/scsi_transport_iscsi.ko.xz'
'/lib/modules/3.10.0-1160.92.1.el7.x86_64/kernel/drivers/uio/uio.ko.xz' -> '/tmp/rear.hvWqMGkcXVEGC9y/rootfs/lib/modules/3.10.0-1160.92.1.el7.x86_64/kernel/drivers/uio/uio.ko.xz'
'/lib/modules/3.10.0-1160.92.1.el7.x86_64/kernel/lib/crc8.ko.xz' -> '/tmp/rear.hvWqMGkcXVEGC9y/rootfs/lib/modules/3.10.0-1160.92.1.el7.x86_64/kernel/lib/crc8.ko.xz'
'/lib/modules/3.10.0-1160.92.1.el7.x86_64/kernel/drivers/nvme/host/nvme-core.ko.xz' -> '/tmp/rear.hvWqMGkcXVEGC9y/rootfs/lib/modules/3.10.0-1160.92.1.el7.x86_64/kernel/drivers/nvme/host/nvme-core.ko.xz'
'/lib/modules/3.10.0-1160.92.1.el7.x86_64/kernel/drivers/nvme/host/nvme-fabrics.ko.xz' -> '/tmp/rear.hvWqMGkcXVEGC9y/rootfs/lib/modules/3.10.0-1160.92.1.el7.x86_64/kernel/drivers/nvme/host/nvme-fabrics.ko.xz'
'/lib/modules/3.10.0-1160.92.1.el7.x86_64/kernel/drivers/nvme/host/nvme-fc.ko.xz' -> '/tmp/rear.hvWqMGkcXVEGC9y/rootfs/lib/modules/3.10.0-1160.92.1.el7.x86_64/kernel/drivers/nvme/host/nvme-fc.ko.xz'
/lib/modules/3.10.0-1160.92.1.el7.x86_64/kernel/drivers/scsi/qla2xxx -> /tmp/rear.hvWqMGkcXVEGC9y/rootfs/lib/modules/3.10.0-1160.92.1.el7.x86_64/kernel/drivers/scsi/qla2xxx
'/lib/modules/3.10.0-1160.92.1.el7.x86_64/kernel/drivers/scsi/qla2xxx/qla2xxx.ko.xz' -> '/tmp/rear.hvWqMGkcXVEGC9y/rootfs/lib/modules/3.10.0-1160.92.1.el7.x86_64/kernel/drivers/scsi/qla2xxx/qla2xxx.ko.xz'
'/lib/modules/3.10.0-1160.92.1.el7.x86_64/kernel/drivers/scsi/scsi_tgt.ko.xz' -> '/tmp/rear.hvWqMGkcXVEGC9y/rootfs/lib/modules/3.10.0-1160.92.1.el7.x86_64/kernel/drivers/scsi/scsi_tgt.ko.xz'
'/lib/modules/3.10.0-1160.92.1.el7.x86_64/kernel/drivers/scsi/scsi_transport_fc.ko.xz' -> '/tmp/rear.hvWqMGkcXVEGC9y/rootfs/lib/modules/3.10.0-1160.92.1.el7.x86_64/kernel/drivers/scsi/scsi_transport_fc.ko.xz'
'/lib/modules/3.10.0-1160.92.1.el7.x86_64/kernel/arch/x86/crypto/crct10dif-pclmul.ko.xz' -> '/tmp/rear.hvWqMGkcXVEGC9y/rootfs/lib/modules/3.10.0-1160.92.1.el7.x86_64/kernel/arch/x86/crypto/crct10dif-pclmul.ko.xz'
'/lib/modules/3.10.0-1160.92.1.el7.x86_64/kernel/crypto/crct10dif_common.ko.xz' -> '/tmp/rear.hvWqMGkcXVEGC9y/rootfs/lib/modules/3.10.0-1160.92.1.el7.x86_64/kernel/crypto/crct10dif_common.ko.xz'
'/lib/modules/3.10.0-1160.92.1.el7.x86_64/kernel/crypto/crct10dif_generic.ko.xz' -> '/tmp/rear.hvWqMGkcXVEGC9y/rootfs/lib/modules/3.10.0-1160.92.1.el7.x86_64/kernel/crypto/crct10dif_generic.ko.xz'
'/lib/modules/3.10.0-1160.92.1.el7.x86_64/kernel/drivers/nvme/host/nvme-core.ko.xz' -> '/tmp/rear.hvWqMGkcXVEGC9y/rootfs/lib/modules/3.10.0-1160.92.1.el7.x86_64/kernel/drivers/nvme/host/nvme-core.ko.xz'
'/lib/modules/3.10.0-1160.92.1.el7.x86_64/kernel/drivers/nvme/host/nvme-fabrics.ko.xz' -> '/tmp/rear.hvWqMGkcXVEGC9y/rootfs/lib/modules/3.10.0-1160.92.1.el7.x86_64/kernel/drivers/nvme/host/nvme-fabrics.ko.xz'
'/lib/modules/3.10.0-1160.92.1.el7.x86_64/kernel/drivers/nvme/host/nvme-fc.ko.xz' -> '/tmp/rear.hvWqMGkcXVEGC9y/rootfs/lib/modules/3.10.0-1160.92.1.el7.x86_64/kernel/drivers/nvme/host/nvme-fc.ko.xz'
'/lib/modules/3.10.0-1160.92.1.el7.x86_64/kernel/drivers/scsi/qla2xxx/qla2xxx.ko.xz' -> '/tmp/rear.hvWqMGkcXVEGC9y/rootfs/lib/modules/3.10.0-1160.92.1.el7.x86_64/kernel/drivers/scsi/qla2xxx/qla2xxx.ko.xz'
'/lib/modules/3.10.0-1160.92.1.el7.x86_64/kernel/drivers/scsi/qla2xxx/tcm_qla2xxx.ko.xz' -> '/tmp/rear.hvWqMGkcXVEGC9y/rootfs/lib/modules/3.10.0-1160.92.1.el7.x86_64/kernel/drivers/scsi/qla2xxx/tcm_qla2xxx.ko.xz'
'/lib/modules/3.10.0-1160.92.1.el7.x86_64/kernel/drivers/scsi/scsi_tgt.ko.xz' -> '/tmp/rear.hvWqMGkcXVEGC9y/rootfs/lib/modules/3.10.0-1160.92.1.el7.x86_64/kernel/drivers/scsi/scsi_tgt.ko.xz'
'/lib/modules/3.10.0-1160.92.1.el7.x86_64/kernel/drivers/scsi/scsi_transport_fc.ko.xz' -> '/tmp/rear.hvWqMGkcXVEGC9y/rootfs/lib/modules/3.10.0-1160.92.1.el7.x86_64/kernel/drivers/scsi/scsi_transport_fc.ko.xz'
/lib/modules/3.10.0-1160.92.1.el7.x86_64/kernel/drivers/target -> /tmp/rear.hvWqMGkcXVEGC9y/rootfs/lib/modules/3.10.0-1160.92.1.el7.x86_64/kernel/drivers/target
'/lib/modules/3.10.0-1160.92.1.el7.x86_64/kernel/drivers/target/target_core_mod.ko.xz' -> '/tmp/rear.hvWqMGkcXVEGC9y/rootfs/lib/modules/3.10.0-1160.92.1.el7.x86_64/kernel/drivers/target/target_core_mod.ko.xz'
'/lib/modules/3.10.0-1160.92.1.el7.x86_64/kernel/lib/crc-t10dif.ko.xz' -> '/tmp/rear.hvWqMGkcXVEGC9y/rootfs/lib/modules/3.10.0-1160.92.1.el7.x86_64/kernel/lib/crc-t10dif.ko.xz'
'/lib/modules/3.10.0-1160.92.1.el7.x86_64/kernel/drivers/scsi/iscsi_boot_sysfs.ko.xz' -> '/tmp/rear.hvWqMGkcXVEGC9y/rootfs/lib/modules/3.10.0-1160.92.1.el7.x86_64/kernel/drivers/scsi/iscsi_boot_sysfs.ko.xz'
'/lib/modules/3.10.0-1160.92.1.el7.x86_64/kernel/drivers/scsi/libiscsi.ko.xz' -> '/tmp/rear.hvWqMGkcXVEGC9y/rootfs/lib/modules/3.10.0-1160.92.1.el7.x86_64/kernel/drivers/scsi/libiscsi.ko.xz'
/lib/modules/3.10.0-1160.92.1.el7.x86_64/kernel/drivers/scsi/qla4xxx -> /tmp/rear.hvWqMGkcXVEGC9y/rootfs/lib/modules/3.10.0-1160.92.1.el7.x86_64/kernel/drivers/scsi/qla4xxx
'/lib/modules/3.10.0-1160.92.1.el7.x86_64/kernel/drivers/scsi/qla4xxx/qla4xxx.ko.xz' -> '/tmp/rear.hvWqMGkcXVEGC9y/rootfs/lib/modules/3.10.0-1160.92.1.el7.x86_64/kernel/drivers/scsi/qla4xxx/qla4xxx.ko.xz'
'/lib/modules/3.10.0-1160.92.1.el7.x86_64/kernel/drivers/scsi/scsi_transport_iscsi.ko.xz' -> '/tmp/rear.hvWqMGkcXVEGC9y/rootfs/lib/modules/3.10.0-1160.92.1.el7.x86_64/kernel/drivers/scsi/scsi_transport_iscsi.ko.xz'
'/lib/modules/3.10.0-1160.92.1.el7.x86_64/kernel/drivers/scsi/raid_class.ko.xz' -> '/tmp/rear.hvWqMGkcXVEGC9y/rootfs/lib/modules/3.10.0-1160.92.1.el7.x86_64/kernel/drivers/scsi/raid_class.ko.xz'
'/lib/modules/3.10.0-1160.92.1.el7.x86_64/kernel/arch/x86/crypto/crct10dif-pclmul.ko.xz' -> '/tmp/rear.hvWqMGkcXVEGC9y/rootfs/lib/modules/3.10.0-1160.92.1.el7.x86_64/kernel/arch/x86/crypto/crct10dif-pclmul.ko.xz'
'/lib/modules/3.10.0-1160.92.1.el7.x86_64/kernel/crypto/crct10dif_common.ko.xz' -> '/tmp/rear.hvWqMGkcXVEGC9y/rootfs/lib/modules/3.10.0-1160.92.1.el7.x86_64/kernel/crypto/crct10dif_common.ko.xz'
'/lib/modules/3.10.0-1160.92.1.el7.x86_64/kernel/crypto/crct10dif_generic.ko.xz' -> '/tmp/rear.hvWqMGkcXVEGC9y/rootfs/lib/modules/3.10.0-1160.92.1.el7.x86_64/kernel/crypto/crct10dif_generic.ko.xz'
'/lib/modules/3.10.0-1160.92.1.el7.x86_64/kernel/drivers/scsi/scsi_debug.ko.xz' -> '/tmp/rear.hvWqMGkcXVEGC9y/rootfs/lib/modules/3.10.0-1160.92.1.el7.x86_64/kernel/drivers/scsi/scsi_debug.ko.xz'
'/lib/modules/3.10.0-1160.92.1.el7.x86_64/kernel/lib/crc-t10dif.ko.xz' -> '/tmp/rear.hvWqMGkcXVEGC9y/rootfs/lib/modules/3.10.0-1160.92.1.el7.x86_64/kernel/lib/crc-t10dif.ko.xz'
'/lib/modules/3.10.0-1160.92.1.el7.x86_64/kernel/drivers/scsi/scsi_tgt.ko.xz' -> '/tmp/rear.hvWqMGkcXVEGC9y/rootfs/lib/modules/3.10.0-1160.92.1.el7.x86_64/kernel/drivers/scsi/scsi_tgt.ko.xz'
'/lib/modules/3.10.0-1160.92.1.el7.x86_64/kernel/drivers/scsi/scsi_tgt.ko.xz' -> '/tmp/rear.hvWqMGkcXVEGC9y/rootfs/lib/modules/3.10.0-1160.92.1.el7.x86_64/kernel/drivers/scsi/scsi_tgt.ko.xz'
'/lib/modules/3.10.0-1160.92.1.el7.x86_64/kernel/drivers/scsi/scsi_transport_fc.ko.xz' -> '/tmp/rear.hvWqMGkcXVEGC9y/rootfs/lib/modules/3.10.0-1160.92.1.el7.x86_64/kernel/drivers/scsi/scsi_transport_fc.ko.xz'
'/lib/modules/3.10.0-1160.92.1.el7.x86_64/kernel/drivers/scsi/scsi_transport_iscsi.ko.xz' -> '/tmp/rear.hvWqMGkcXVEGC9y/rootfs/lib/modules/3.10.0-1160.92.1.el7.x86_64/kernel/drivers/scsi/scsi_transport_iscsi.ko.xz'
'/lib/modules/3.10.0-1160.92.1.el7.x86_64/kernel/drivers/scsi/scsi_transport_sas.ko.xz' -> '/tmp/rear.hvWqMGkcXVEGC9y/rootfs/lib/modules/3.10.0-1160.92.1.el7.x86_64/kernel/drivers/scsi/scsi_transport_sas.ko.xz'
'/lib/modules/3.10.0-1160.92.1.el7.x86_64/kernel/drivers/scsi/scsi_transport_spi.ko.xz' -> '/tmp/rear.hvWqMGkcXVEGC9y/rootfs/lib/modules/3.10.0-1160.92.1.el7.x86_64/kernel/drivers/scsi/scsi_transport_spi.ko.xz'
'/lib/modules/3.10.0-1160.92.1.el7.x86_64/kernel/drivers/scsi/scsi_tgt.ko.xz' -> '/tmp/rear.hvWqMGkcXVEGC9y/rootfs/lib/modules/3.10.0-1160.92.1.el7.x86_64/kernel/drivers/scsi/scsi_tgt.ko.xz'
'/lib/modules/3.10.0-1160.92.1.el7.x86_64/kernel/drivers/scsi/scsi_transport_srp.ko.xz' -> '/tmp/rear.hvWqMGkcXVEGC9y/rootfs/lib/modules/3.10.0-1160.92.1.el7.x86_64/kernel/drivers/scsi/scsi_transport_srp.ko.xz'
'/lib/modules/3.10.0-1160.92.1.el7.x86_64/kernel/arch/x86/crypto/crct10dif-pclmul.ko.xz' -> '/tmp/rear.hvWqMGkcXVEGC9y/rootfs/lib/modules/3.10.0-1160.92.1.el7.x86_64/kernel/arch/x86/crypto/crct10dif-pclmul.ko.xz'
'/lib/modules/3.10.0-1160.92.1.el7.x86_64/kernel/crypto/crct10dif_common.ko.xz' -> '/tmp/rear.hvWqMGkcXVEGC9y/rootfs/lib/modules/3.10.0-1160.92.1.el7.x86_64/kernel/crypto/crct10dif_common.ko.xz'
'/lib/modules/3.10.0-1160.92.1.el7.x86_64/kernel/crypto/crct10dif_generic.ko.xz' -> '/tmp/rear.hvWqMGkcXVEGC9y/rootfs/lib/modules/3.10.0-1160.92.1.el7.x86_64/kernel/crypto/crct10dif_generic.ko.xz'
'/lib/modules/3.10.0-1160.92.1.el7.x86_64/kernel/drivers/scsi/sd_mod.ko.xz' -> '/tmp/rear.hvWqMGkcXVEGC9y/rootfs/lib/modules/3.10.0-1160.92.1.el7.x86_64/kernel/drivers/scsi/sd_mod.ko.xz'
'/lib/modules/3.10.0-1160.92.1.el7.x86_64/kernel/lib/crc-t10dif.ko.xz' -> '/tmp/rear.hvWqMGkcXVEGC9y/rootfs/lib/modules/3.10.0-1160.92.1.el7.x86_64/kernel/lib/crc-t10dif.ko.xz'
/lib/modules/3.10.0-1160.92.1.el7.x86_64/kernel/drivers/misc -> /tmp/rear.hvWqMGkcXVEGC9y/rootfs/lib/modules/3.10.0-1160.92.1.el7.x86_64/kernel/drivers/misc
'/lib/modules/3.10.0-1160.92.1.el7.x86_64/kernel/drivers/misc/enclosure.ko.xz' -> '/tmp/rear.hvWqMGkcXVEGC9y/rootfs/lib/modules/3.10.0-1160.92.1.el7.x86_64/kernel/drivers/misc/enclosure.ko.xz'
'/lib/modules/3.10.0-1160.92.1.el7.x86_64/kernel/drivers/scsi/scsi_transport_sas.ko.xz' -> '/tmp/rear.hvWqMGkcXVEGC9y/rootfs/lib/modules/3.10.0-1160.92.1.el7.x86_64/kernel/drivers/scsi/scsi_transport_sas.ko.xz'
'/lib/modules/3.10.0-1160.92.1.el7.x86_64/kernel/drivers/scsi/ses.ko.xz' -> '/tmp/rear.hvWqMGkcXVEGC9y/rootfs/lib/modules/3.10.0-1160.92.1.el7.x86_64/kernel/drivers/scsi/ses.ko.xz'
'/lib/modules/3.10.0-1160.92.1.el7.x86_64/kernel/drivers/scsi/sg.ko.xz' -> '/tmp/rear.hvWqMGkcXVEGC9y/rootfs/lib/modules/3.10.0-1160.92.1.el7.x86_64/kernel/drivers/scsi/sg.ko.xz'
'/lib/modules/3.10.0-1160.92.1.el7.x86_64/kernel/drivers/scsi/scsi_transport_sas.ko.xz' -> '/tmp/rear.hvWqMGkcXVEGC9y/rootfs/lib/modules/3.10.0-1160.92.1.el7.x86_64/kernel/drivers/scsi/scsi_transport_sas.ko.xz'
/lib/modules/3.10.0-1160.92.1.el7.x86_64/kernel/drivers/scsi/smartpqi -> /tmp/rear.hvWqMGkcXVEGC9y/rootfs/lib/modules/3.10.0-1160.92.1.el7.x86_64/kernel/drivers/scsi/smartpqi
'/lib/modules/3.10.0-1160.92.1.el7.x86_64/kernel/drivers/scsi/smartpqi/smartpqi.ko.xz' -> '/tmp/rear.hvWqMGkcXVEGC9y/rootfs/lib/modules/3.10.0-1160.92.1.el7.x86_64/kernel/drivers/scsi/smartpqi/smartpqi.ko.xz'
'/lib/modules/3.10.0-1160.92.1.el7.x86_64/kernel/drivers/cdrom/cdrom.ko.xz' -> '/tmp/rear.hvWqMGkcXVEGC9y/rootfs/lib/modules/3.10.0-1160.92.1.el7.x86_64/kernel/drivers/cdrom/cdrom.ko.xz'
'/lib/modules/3.10.0-1160.92.1.el7.x86_64/kernel/drivers/scsi/sr_mod.ko.xz' -> '/tmp/rear.hvWqMGkcXVEGC9y/rootfs/lib/modules/3.10.0-1160.92.1.el7.x86_64/kernel/drivers/scsi/sr_mod.ko.xz'
'/lib/modules/3.10.0-1160.92.1.el7.x86_64/kernel/drivers/scsi/st.ko.xz' -> '/tmp/rear.hvWqMGkcXVEGC9y/rootfs/lib/modules/3.10.0-1160.92.1.el7.x86_64/kernel/drivers/scsi/st.ko.xz'
'/lib/modules/3.10.0-1160.92.1.el7.x86_64/kernel/drivers/scsi/stex.ko.xz' -> '/tmp/rear.hvWqMGkcXVEGC9y/rootfs/lib/modules/3.10.0-1160.92.1.el7.x86_64/kernel/drivers/scsi/stex.ko.xz'
/lib/modules/3.10.0-1160.92.1.el7.x86_64/kernel/drivers/scsi/ufs -> /tmp/rear.hvWqMGkcXVEGC9y/rootfs/lib/modules/3.10.0-1160.92.1.el7.x86_64/kernel/drivers/scsi/ufs
'/lib/modules/3.10.0-1160.92.1.el7.x86_64/kernel/drivers/scsi/ufs/ufshcd-pci.ko.xz' -> '/tmp/rear.hvWqMGkcXVEGC9y/rootfs/lib/modules/3.10.0-1160.92.1.el7.x86_64/kernel/drivers/scsi/ufs/ufshcd-pci.ko.xz'
'/lib/modules/3.10.0-1160.92.1.el7.x86_64/kernel/drivers/scsi/ufs/ufshcd.ko.xz' -> '/tmp/rear.hvWqMGkcXVEGC9y/rootfs/lib/modules/3.10.0-1160.92.1.el7.x86_64/kernel/drivers/scsi/ufs/ufshcd.ko.xz'
'/lib/modules/3.10.0-1160.92.1.el7.x86_64/kernel/drivers/scsi/ufs/ufshcd.ko.xz' -> '/tmp/rear.hvWqMGkcXVEGC9y/rootfs/lib/modules/3.10.0-1160.92.1.el7.x86_64/kernel/drivers/scsi/ufs/ufshcd.ko.xz'
'/lib/modules/3.10.0-1160.92.1.el7.x86_64/kernel/drivers/scsi/virtio_scsi.ko.xz' -> '/tmp/rear.hvWqMGkcXVEGC9y/rootfs/lib/modules/3.10.0-1160.92.1.el7.x86_64/kernel/drivers/scsi/virtio_scsi.ko.xz'
'/lib/modules/3.10.0-1160.92.1.el7.x86_64/kernel/drivers/virtio/virtio.ko.xz' -> '/tmp/rear.hvWqMGkcXVEGC9y/rootfs/lib/modules/3.10.0-1160.92.1.el7.x86_64/kernel/drivers/virtio/virtio.ko.xz'
'/lib/modules/3.10.0-1160.92.1.el7.x86_64/kernel/drivers/virtio/virtio_ring.ko.xz' -> '/tmp/rear.hvWqMGkcXVEGC9y/rootfs/lib/modules/3.10.0-1160.92.1.el7.x86_64/kernel/drivers/virtio/virtio_ring.ko.xz'
'/lib/modules/3.10.0-1160.92.1.el7.x86_64/kernel/drivers/scsi/vmw_pvscsi.ko.xz' -> '/tmp/rear.hvWqMGkcXVEGC9y/rootfs/lib/modules/3.10.0-1160.92.1.el7.x86_64/kernel/drivers/scsi/vmw_pvscsi.ko.xz'
'/lib/modules/3.10.0-1160.92.1.el7.x86_64/kernel/drivers/usb/storage/uas.ko.xz' -> '/tmp/rear.hvWqMGkcXVEGC9y/rootfs/lib/modules/3.10.0-1160.92.1.el7.x86_64/kernel/drivers/usb/storage/uas.ko.xz'
'/lib/modules/3.10.0-1160.92.1.el7.x86_64/kernel/drivers/usb/storage/usb-storage.ko.xz' -> '/tmp/rear.hvWqMGkcXVEGC9y/rootfs/lib/modules/3.10.0-1160.92.1.el7.x86_64/kernel/drivers/usb/storage/usb-storage.ko.xz'
'/lib/modules/3.10.0-1160.92.1.el7.x86_64/kernel/drivers/usb/storage/ums-alauda.ko.xz' -> '/tmp/rear.hvWqMGkcXVEGC9y/rootfs/lib/modules/3.10.0-1160.92.1.el7.x86_64/kernel/drivers/usb/storage/ums-alauda.ko.xz'
'/lib/modules/3.10.0-1160.92.1.el7.x86_64/kernel/drivers/usb/storage/usb-storage.ko.xz' -> '/tmp/rear.hvWqMGkcXVEGC9y/rootfs/lib/modules/3.10.0-1160.92.1.el7.x86_64/kernel/drivers/usb/storage/usb-storage.ko.xz'
'/lib/modules/3.10.0-1160.92.1.el7.x86_64/kernel/drivers/usb/storage/ums-cypress.ko.xz' -> '/tmp/rear.hvWqMGkcXVEGC9y/rootfs/lib/modules/3.10.0-1160.92.1.el7.x86_64/kernel/drivers/usb/storage/ums-cypress.ko.xz'
'/lib/modules/3.10.0-1160.92.1.el7.x86_64/kernel/drivers/usb/storage/usb-storage.ko.xz' -> '/tmp/rear.hvWqMGkcXVEGC9y/rootfs/lib/modules/3.10.0-1160.92.1.el7.x86_64/kernel/drivers/usb/storage/usb-storage.ko.xz'
'/lib/modules/3.10.0-1160.92.1.el7.x86_64/kernel/drivers/usb/storage/ums-datafab.ko.xz' -> '/tmp/rear.hvWqMGkcXVEGC9y/rootfs/lib/modules/3.10.0-1160.92.1.el7.x86_64/kernel/drivers/usb/storage/ums-datafab.ko.xz'
'/lib/modules/3.10.0-1160.92.1.el7.x86_64/kernel/drivers/usb/storage/usb-storage.ko.xz' -> '/tmp/rear.hvWqMGkcXVEGC9y/rootfs/lib/modules/3.10.0-1160.92.1.el7.x86_64/kernel/drivers/usb/storage/usb-storage.ko.xz'
'/lib/modules/3.10.0-1160.92.1.el7.x86_64/kernel/drivers/usb/storage/ums-eneub6250.ko.xz' -> '/tmp/rear.hvWqMGkcXVEGC9y/rootfs/lib/modules/3.10.0-1160.92.1.el7.x86_64/kernel/drivers/usb/storage/ums-eneub6250.ko.xz'
'/lib/modules/3.10.0-1160.92.1.el7.x86_64/kernel/drivers/usb/storage/usb-storage.ko.xz' -> '/tmp/rear.hvWqMGkcXVEGC9y/rootfs/lib/modules/3.10.0-1160.92.1.el7.x86_64/kernel/drivers/usb/storage/usb-storage.ko.xz'
'/lib/modules/3.10.0-1160.92.1.el7.x86_64/kernel/drivers/usb/storage/ums-freecom.ko.xz' -> '/tmp/rear.hvWqMGkcXVEGC9y/rootfs/lib/modules/3.10.0-1160.92.1.el7.x86_64/kernel/drivers/usb/storage/ums-freecom.ko.xz'
'/lib/modules/3.10.0-1160.92.1.el7.x86_64/kernel/drivers/usb/storage/usb-storage.ko.xz' -> '/tmp/rear.hvWqMGkcXVEGC9y/rootfs/lib/modules/3.10.0-1160.92.1.el7.x86_64/kernel/drivers/usb/storage/usb-storage.ko.xz'
'/lib/modules/3.10.0-1160.92.1.el7.x86_64/kernel/drivers/usb/storage/ums-isd200.ko.xz' -> '/tmp/rear.hvWqMGkcXVEGC9y/rootfs/lib/modules/3.10.0-1160.92.1.el7.x86_64/kernel/drivers/usb/storage/ums-isd200.ko.xz'
'/lib/modules/3.10.0-1160.92.1.el7.x86_64/kernel/drivers/usb/storage/usb-storage.ko.xz' -> '/tmp/rear.hvWqMGkcXVEGC9y/rootfs/lib/modules/3.10.0-1160.92.1.el7.x86_64/kernel/drivers/usb/storage/usb-storage.ko.xz'
'/lib/modules/3.10.0-1160.92.1.el7.x86_64/kernel/drivers/usb/storage/ums-jumpshot.ko.xz' -> '/tmp/rear.hvWqMGkcXVEGC9y/rootfs/lib/modules/3.10.0-1160.92.1.el7.x86_64/kernel/drivers/usb/storage/ums-jumpshot.ko.xz'
'/lib/modules/3.10.0-1160.92.1.el7.x86_64/kernel/drivers/usb/storage/usb-storage.ko.xz' -> '/tmp/rear.hvWqMGkcXVEGC9y/rootfs/lib/modules/3.10.0-1160.92.1.el7.x86_64/kernel/drivers/usb/storage/usb-storage.ko.xz'
'/lib/modules/3.10.0-1160.92.1.el7.x86_64/kernel/drivers/usb/storage/ums-karma.ko.xz' -> '/tmp/rear.hvWqMGkcXVEGC9y/rootfs/lib/modules/3.10.0-1160.92.1.el7.x86_64/kernel/drivers/usb/storage/ums-karma.ko.xz'
'/lib/modules/3.10.0-1160.92.1.el7.x86_64/kernel/drivers/usb/storage/usb-storage.ko.xz' -> '/tmp/rear.hvWqMGkcXVEGC9y/rootfs/lib/modules/3.10.0-1160.92.1.el7.x86_64/kernel/drivers/usb/storage/usb-storage.ko.xz'
'/lib/modules/3.10.0-1160.92.1.el7.x86_64/kernel/drivers/usb/storage/ums-onetouch.ko.xz' -> '/tmp/rear.hvWqMGkcXVEGC9y/rootfs/lib/modules/3.10.0-1160.92.1.el7.x86_64/kernel/drivers/usb/storage/ums-onetouch.ko.xz'
'/lib/modules/3.10.0-1160.92.1.el7.x86_64/kernel/drivers/usb/storage/usb-storage.ko.xz' -> '/tmp/rear.hvWqMGkcXVEGC9y/rootfs/lib/modules/3.10.0-1160.92.1.el7.x86_64/kernel/drivers/usb/storage/usb-storage.ko.xz'
'/lib/modules/3.10.0-1160.92.1.el7.x86_64/kernel/drivers/usb/storage/ums-realtek.ko.xz' -> '/tmp/rear.hvWqMGkcXVEGC9y/rootfs/lib/modules/3.10.0-1160.92.1.el7.x86_64/kernel/drivers/usb/storage/ums-realtek.ko.xz'
'/lib/modules/3.10.0-1160.92.1.el7.x86_64/kernel/drivers/usb/storage/usb-storage.ko.xz' -> '/tmp/rear.hvWqMGkcXVEGC9y/rootfs/lib/modules/3.10.0-1160.92.1.el7.x86_64/kernel/drivers/usb/storage/usb-storage.ko.xz'
'/lib/modules/3.10.0-1160.92.1.el7.x86_64/kernel/drivers/usb/storage/ums-sddr09.ko.xz' -> '/tmp/rear.hvWqMGkcXVEGC9y/rootfs/lib/modules/3.10.0-1160.92.1.el7.x86_64/kernel/drivers/usb/storage/ums-sddr09.ko.xz'
'/lib/modules/3.10.0-1160.92.1.el7.x86_64/kernel/drivers/usb/storage/usb-storage.ko.xz' -> '/tmp/rear.hvWqMGkcXVEGC9y/rootfs/lib/modules/3.10.0-1160.92.1.el7.x86_64/kernel/drivers/usb/storage/usb-storage.ko.xz'
'/lib/modules/3.10.0-1160.92.1.el7.x86_64/kernel/drivers/usb/storage/ums-sddr55.ko.xz' -> '/tmp/rear.hvWqMGkcXVEGC9y/rootfs/lib/modules/3.10.0-1160.92.1.el7.x86_64/kernel/drivers/usb/storage/ums-sddr55.ko.xz'
'/lib/modules/3.10.0-1160.92.1.el7.x86_64/kernel/drivers/usb/storage/usb-storage.ko.xz' -> '/tmp/rear.hvWqMGkcXVEGC9y/rootfs/lib/modules/3.10.0-1160.92.1.el7.x86_64/kernel/drivers/usb/storage/usb-storage.ko.xz'
'/lib/modules/3.10.0-1160.92.1.el7.x86_64/kernel/drivers/usb/storage/ums-usbat.ko.xz' -> '/tmp/rear.hvWqMGkcXVEGC9y/rootfs/lib/modules/3.10.0-1160.92.1.el7.x86_64/kernel/drivers/usb/storage/ums-usbat.ko.xz'
'/lib/modules/3.10.0-1160.92.1.el7.x86_64/kernel/drivers/usb/storage/usb-storage.ko.xz' -> '/tmp/rear.hvWqMGkcXVEGC9y/rootfs/lib/modules/3.10.0-1160.92.1.el7.x86_64/kernel/drivers/usb/storage/usb-storage.ko.xz'
'/lib/modules/3.10.0-1160.92.1.el7.x86_64/kernel/drivers/usb/storage/usb-storage.ko.xz' -> '/tmp/rear.hvWqMGkcXVEGC9y/rootfs/lib/modules/3.10.0-1160.92.1.el7.x86_64/kernel/drivers/usb/storage/usb-storage.ko.xz'
/lib/modules/3.10.0-1160.92.1.el7.x86_64/kernel/drivers/net/bonding -> /tmp/rear.hvWqMGkcXVEGC9y/rootfs/lib/modules/3.10.0-1160.92.1.el7.x86_64/kernel/drivers/net/bonding
'/lib/modules/3.10.0-1160.92.1.el7.x86_64/kernel/drivers/net/bonding/bonding.ko.xz' -> '/tmp/rear.hvWqMGkcXVEGC9y/rootfs/lib/modules/3.10.0-1160.92.1.el7.x86_64/kernel/drivers/net/bonding/bonding.ko.xz'
/lib/modules/3.10.0-1160.92.1.el7.x86_64/kernel/drivers/net/can -> /tmp/rear.hvWqMGkcXVEGC9y/rootfs/lib/modules/3.10.0-1160.92.1.el7.x86_64/kernel/drivers/net/can
/lib/modules/3.10.0-1160.92.1.el7.x86_64/kernel/drivers/net/can/c_can -> /tmp/rear.hvWqMGkcXVEGC9y/rootfs/lib/modules/3.10.0-1160.92.1.el7.x86_64/kernel/drivers/net/can/c_can
'/lib/modules/3.10.0-1160.92.1.el7.x86_64/kernel/drivers/net/can/c_can/c_can.ko.xz' -> '/tmp/rear.hvWqMGkcXVEGC9y/rootfs/lib/modules/3.10.0-1160.92.1.el7.x86_64/kernel/drivers/net/can/c_can/c_can.ko.xz'
'/lib/modules/3.10.0-1160.92.1.el7.x86_64/kernel/drivers/net/can/can-dev.ko.xz' -> '/tmp/rear.hvWqMGkcXVEGC9y/rootfs/lib/modules/3.10.0-1160.92.1.el7.x86_64/kernel/drivers/net/can/can-dev.ko.xz'
'/lib/modules/3.10.0-1160.92.1.el7.x86_64/kernel/drivers/net/can/c_can/c_can.ko.xz' -> '/tmp/rear.hvWqMGkcXVEGC9y/rootfs/lib/modules/3.10.0-1160.92.1.el7.x86_64/kernel/drivers/net/can/c_can/c_can.ko.xz'
'/lib/modules/3.10.0-1160.92.1.el7.x86_64/kernel/drivers/net/can/c_can/c_can_pci.ko.xz' -> '/tmp/rear.hvWqMGkcXVEGC9y/rootfs/lib/modules/3.10.0-1160.92.1.el7.x86_64/kernel/drivers/net/can/c_can/c_can_pci.ko.xz'
'/lib/modules/3.10.0-1160.92.1.el7.x86_64/kernel/drivers/net/can/can-dev.ko.xz' -> '/tmp/rear.hvWqMGkcXVEGC9y/rootfs/lib/modules/3.10.0-1160.92.1.el7.x86_64/kernel/drivers/net/can/can-dev.ko.xz'
'/lib/modules/3.10.0-1160.92.1.el7.x86_64/kernel/drivers/net/can/c_can/c_can.ko.xz' -> '/tmp/rear.hvWqMGkcXVEGC9y/rootfs/lib/modules/3.10.0-1160.92.1.el7.x86_64/kernel/drivers/net/can/c_can/c_can.ko.xz'
'/lib/modules/3.10.0-1160.92.1.el7.x86_64/kernel/drivers/net/can/c_can/c_can_platform.ko.xz' -> '/tmp/rear.hvWqMGkcXVEGC9y/rootfs/lib/modules/3.10.0-1160.92.1.el7.x86_64/kernel/drivers/net/can/c_can/c_can_platform.ko.xz'
'/lib/modules/3.10.0-1160.92.1.el7.x86_64/kernel/drivers/net/can/can-dev.ko.xz' -> '/tmp/rear.hvWqMGkcXVEGC9y/rootfs/lib/modules/3.10.0-1160.92.1.el7.x86_64/kernel/drivers/net/can/can-dev.ko.xz'
'/lib/modules/3.10.0-1160.92.1.el7.x86_64/kernel/drivers/net/can/can-dev.ko.xz' -> '/tmp/rear.hvWqMGkcXVEGC9y/rootfs/lib/modules/3.10.0-1160.92.1.el7.x86_64/kernel/drivers/net/can/can-dev.ko.xz'
'/lib/modules/3.10.0-1160.92.1.el7.x86_64/kernel/drivers/net/can/can-dev.ko.xz' -> '/tmp/rear.hvWqMGkcXVEGC9y/rootfs/lib/modules/3.10.0-1160.92.1.el7.x86_64/kernel/drivers/net/can/can-dev.ko.xz'
/lib/modules/3.10.0-1160.92.1.el7.x86_64/kernel/drivers/net/can/cc770 -> /tmp/rear.hvWqMGkcXVEGC9y/rootfs/lib/modules/3.10.0-1160.92.1.el7.x86_64/kernel/drivers/net/can/cc770
'/lib/modules/3.10.0-1160.92.1.el7.x86_64/kernel/drivers/net/can/cc770/cc770.ko.xz' -> '/tmp/rear.hvWqMGkcXVEGC9y/rootfs/lib/modules/3.10.0-1160.92.1.el7.x86_64/kernel/drivers/net/can/cc770/cc770.ko.xz'
'/lib/modules/3.10.0-1160.92.1.el7.x86_64/kernel/drivers/net/can/can-dev.ko.xz' -> '/tmp/rear.hvWqMGkcXVEGC9y/rootfs/lib/modules/3.10.0-1160.92.1.el7.x86_64/kernel/drivers/net/can/can-dev.ko.xz'
'/lib/modules/3.10.0-1160.92.1.el7.x86_64/kernel/drivers/net/can/cc770/cc770.ko.xz' -> '/tmp/rear.hvWqMGkcXVEGC9y/rootfs/lib/modules/3.10.0-1160.92.1.el7.x86_64/kernel/drivers/net/can/cc770/cc770.ko.xz'
'/lib/modules/3.10.0-1160.92.1.el7.x86_64/kernel/drivers/net/can/cc770/cc770_platform.ko.xz' -> '/tmp/rear.hvWqMGkcXVEGC9y/rootfs/lib/modules/3.10.0-1160.92.1.el7.x86_64/kernel/drivers/net/can/cc770/cc770_platform.ko.xz'
'/lib/modules/3.10.0-1160.92.1.el7.x86_64/kernel/drivers/net/can/can-dev.ko.xz' -> '/tmp/rear.hvWqMGkcXVEGC9y/rootfs/lib/modules/3.10.0-1160.92.1.el7.x86_64/kernel/drivers/net/can/can-dev.ko.xz'
/lib/modules/3.10.0-1160.92.1.el7.x86_64/kernel/drivers/net/can/sja1000 -> /tmp/rear.hvWqMGkcXVEGC9y/rootfs/lib/modules/3.10.0-1160.92.1.el7.x86_64/kernel/drivers/net/can/sja1000
'/lib/modules/3.10.0-1160.92.1.el7.x86_64/kernel/drivers/net/can/sja1000/ems_pci.ko.xz' -> '/tmp/rear.hvWqMGkcXVEGC9y/rootfs/lib/modules/3.10.0-1160.92.1.el7.x86_64/kernel/drivers/net/can/sja1000/ems_pci.ko.xz'
'/lib/modules/3.10.0-1160.92.1.el7.x86_64/kernel/drivers/net/can/sja1000/sja1000.ko.xz' -> '/tmp/rear.hvWqMGkcXVEGC9y/rootfs/lib/modules/3.10.0-1160.92.1.el7.x86_64/kernel/drivers/net/can/sja1000/sja1000.ko.xz'
'/lib/modules/3.10.0-1160.92.1.el7.x86_64/kernel/drivers/net/can/can-dev.ko.xz' -> '/tmp/rear.hvWqMGkcXVEGC9y/rootfs/lib/modules/3.10.0-1160.92.1.el7.x86_64/kernel/drivers/net/can/can-dev.ko.xz'
'/lib/modules/3.10.0-1160.92.1.el7.x86_64/kernel/drivers/net/can/sja1000/kvaser_pci.ko.xz' -> '/tmp/rear.hvWqMGkcXVEGC9y/rootfs/lib/modules/3.10.0-1160.92.1.el7.x86_64/kernel/drivers/net/can/sja1000/kvaser_pci.ko.xz'
'/lib/modules/3.10.0-1160.92.1.el7.x86_64/kernel/drivers/net/can/sja1000/sja1000.ko.xz' -> '/tmp/rear.hvWqMGkcXVEGC9y/rootfs/lib/modules/3.10.0-1160.92.1.el7.x86_64/kernel/drivers/net/can/sja1000/sja1000.ko.xz'
/lib/modules/3.10.0-1160.92.1.el7.x86_64/kernel/drivers/i2c -> /tmp/rear.hvWqMGkcXVEGC9y/rootfs/lib/modules/3.10.0-1160.92.1.el7.x86_64/kernel/drivers/i2c
/lib/modules/3.10.0-1160.92.1.el7.x86_64/kernel/drivers/i2c/algos -> /tmp/rear.hvWqMGkcXVEGC9y/rootfs/lib/modules/3.10.0-1160.92.1.el7.x86_64/kernel/drivers/i2c/algos
'/lib/modules/3.10.0-1160.92.1.el7.x86_64/kernel/drivers/i2c/algos/i2c-algo-bit.ko.xz' -> '/tmp/rear.hvWqMGkcXVEGC9y/rootfs/lib/modules/3.10.0-1160.92.1.el7.x86_64/kernel/drivers/i2c/algos/i2c-algo-bit.ko.xz'
'/lib/modules/3.10.0-1160.92.1.el7.x86_64/kernel/drivers/net/can/can-dev.ko.xz' -> '/tmp/rear.hvWqMGkcXVEGC9y/rootfs/lib/modules/3.10.0-1160.92.1.el7.x86_64/kernel/drivers/net/can/can-dev.ko.xz'
'/lib/modules/3.10.0-1160.92.1.el7.x86_64/kernel/drivers/net/can/sja1000/peak_pci.ko.xz' -> '/tmp/rear.hvWqMGkcXVEGC9y/rootfs/lib/modules/3.10.0-1160.92.1.el7.x86_64/kernel/drivers/net/can/sja1000/peak_pci.ko.xz'
'/lib/modules/3.10.0-1160.92.1.el7.x86_64/kernel/drivers/net/can/sja1000/sja1000.ko.xz' -> '/tmp/rear.hvWqMGkcXVEGC9y/rootfs/lib/modules/3.10.0-1160.92.1.el7.x86_64/kernel/drivers/net/can/sja1000/sja1000.ko.xz'
'/lib/modules/3.10.0-1160.92.1.el7.x86_64/kernel/drivers/net/can/can-dev.ko.xz' -> '/tmp/rear.hvWqMGkcXVEGC9y/rootfs/lib/modules/3.10.0-1160.92.1.el7.x86_64/kernel/drivers/net/can/can-dev.ko.xz'
'/lib/modules/3.10.0-1160.92.1.el7.x86_64/kernel/drivers/net/can/sja1000/plx_pci.ko.xz' -> '/tmp/rear.hvWqMGkcXVEGC9y/rootfs/lib/modules/3.10.0-1160.92.1.el7.x86_64/kernel/drivers/net/can/sja1000/plx_pci.ko.xz'
'/lib/modules/3.10.0-1160.92.1.el7.x86_64/kernel/drivers/net/can/sja1000/sja1000.ko.xz' -> '/tmp/rear.hvWqMGkcXVEGC9y/rootfs/lib/modules/3.10.0-1160.92.1.el7.x86_64/kernel/drivers/net/can/sja1000/sja1000.ko.xz'
'/lib/modules/3.10.0-1160.92.1.el7.x86_64/kernel/drivers/net/can/can-dev.ko.xz' -> '/tmp/rear.hvWqMGkcXVEGC9y/rootfs/lib/modules/3.10.0-1160.92.1.el7.x86_64/kernel/drivers/net/can/can-dev.ko.xz'
'/lib/modules/3.10.0-1160.92.1.el7.x86_64/kernel/drivers/net/can/sja1000/sja1000.ko.xz' -> '/tmp/rear.hvWqMGkcXVEGC9y/rootfs/lib/modules/3.10.0-1160.92.1.el7.x86_64/kernel/drivers/net/can/sja1000/sja1000.ko.xz'
'/lib/modules/3.10.0-1160.92.1.el7.x86_64/kernel/drivers/net/can/can-dev.ko.xz' -> '/tmp/rear.hvWqMGkcXVEGC9y/rootfs/lib/modules/3.10.0-1160.92.1.el7.x86_64/kernel/drivers/net/can/can-dev.ko.xz'
'/lib/modules/3.10.0-1160.92.1.el7.x86_64/kernel/drivers/net/can/sja1000/sja1000.ko.xz' -> '/tmp/rear.hvWqMGkcXVEGC9y/rootfs/lib/modules/3.10.0-1160.92.1.el7.x86_64/kernel/drivers/net/can/sja1000/sja1000.ko.xz'
'/lib/modules/3.10.0-1160.92.1.el7.x86_64/kernel/drivers/net/can/sja1000/sja1000_platform.ko.xz' -> '/tmp/rear.hvWqMGkcXVEGC9y/rootfs/lib/modules/3.10.0-1160.92.1.el7.x86_64/kernel/drivers/net/can/sja1000/sja1000_platform.ko.xz'
'/lib/modules/3.10.0-1160.92.1.el7.x86_64/kernel/drivers/net/can/slcan.ko.xz' -> '/tmp/rear.hvWqMGkcXVEGC9y/rootfs/lib/modules/3.10.0-1160.92.1.el7.x86_64/kernel/drivers/net/can/slcan.ko.xz'
'/lib/modules/3.10.0-1160.92.1.el7.x86_64/kernel/drivers/net/can/can-dev.ko.xz' -> '/tmp/rear.hvWqMGkcXVEGC9y/rootfs/lib/modules/3.10.0-1160.92.1.el7.x86_64/kernel/drivers/net/can/can-dev.ko.xz'
/lib/modules/3.10.0-1160.92.1.el7.x86_64/kernel/drivers/net/can/softing -> /tmp/rear.hvWqMGkcXVEGC9y/rootfs/lib/modules/3.10.0-1160.92.1.el7.x86_64/kernel/drivers/net/can/softing
'/lib/modules/3.10.0-1160.92.1.el7.x86_64/kernel/drivers/net/can/softing/softing.ko.xz' -> '/tmp/rear.hvWqMGkcXVEGC9y/rootfs/lib/modules/3.10.0-1160.92.1.el7.x86_64/kernel/drivers/net/can/softing/softing.ko.xz'
'/lib/modules/3.10.0-1160.92.1.el7.x86_64/kernel/drivers/net/can/can-dev.ko.xz' -> '/tmp/rear.hvWqMGkcXVEGC9y/rootfs/lib/modules/3.10.0-1160.92.1.el7.x86_64/kernel/drivers/net/can/can-dev.ko.xz'
/lib/modules/3.10.0-1160.92.1.el7.x86_64/kernel/drivers/net/can/usb -> /tmp/rear.hvWqMGkcXVEGC9y/rootfs/lib/modules/3.10.0-1160.92.1.el7.x86_64/kernel/drivers/net/can/usb
'/lib/modules/3.10.0-1160.92.1.el7.x86_64/kernel/drivers/net/can/usb/ems_usb.ko.xz' -> '/tmp/rear.hvWqMGkcXVEGC9y/rootfs/lib/modules/3.10.0-1160.92.1.el7.x86_64/kernel/drivers/net/can/usb/ems_usb.ko.xz'
'/lib/modules/3.10.0-1160.92.1.el7.x86_64/kernel/drivers/net/can/can-dev.ko.xz' -> '/tmp/rear.hvWqMGkcXVEGC9y/rootfs/lib/modules/3.10.0-1160.92.1.el7.x86_64/kernel/drivers/net/can/can-dev.ko.xz'
'/lib/modules/3.10.0-1160.92.1.el7.x86_64/kernel/drivers/net/can/usb/esd_usb2.ko.xz' -> '/tmp/rear.hvWqMGkcXVEGC9y/rootfs/lib/modules/3.10.0-1160.92.1.el7.x86_64/kernel/drivers/net/can/usb/esd_usb2.ko.xz'
'/lib/modules/3.10.0-1160.92.1.el7.x86_64/kernel/drivers/net/can/can-dev.ko.xz' -> '/tmp/rear.hvWqMGkcXVEGC9y/rootfs/lib/modules/3.10.0-1160.92.1.el7.x86_64/kernel/drivers/net/can/can-dev.ko.xz'
'/lib/modules/3.10.0-1160.92.1.el7.x86_64/kernel/drivers/net/can/usb/kvaser_usb.ko.xz' -> '/tmp/rear.hvWqMGkcXVEGC9y/rootfs/lib/modules/3.10.0-1160.92.1.el7.x86_64/kernel/drivers/net/can/usb/kvaser_usb.ko.xz'
'/lib/modules/3.10.0-1160.92.1.el7.x86_64/kernel/drivers/net/can/can-dev.ko.xz' -> '/tmp/rear.hvWqMGkcXVEGC9y/rootfs/lib/modules/3.10.0-1160.92.1.el7.x86_64/kernel/drivers/net/can/can-dev.ko.xz'
/lib/modules/3.10.0-1160.92.1.el7.x86_64/kernel/drivers/net/can/usb/peak_usb -> /tmp/rear.hvWqMGkcXVEGC9y/rootfs/lib/modules/3.10.0-1160.92.1.el7.x86_64/kernel/drivers/net/can/usb/peak_usb
'/lib/modules/3.10.0-1160.92.1.el7.x86_64/kernel/drivers/net/can/usb/peak_usb/peak_usb.ko.xz' -> '/tmp/rear.hvWqMGkcXVEGC9y/rootfs/lib/modules/3.10.0-1160.92.1.el7.x86_64/kernel/drivers/net/can/usb/peak_usb/peak_usb.ko.xz'
'/lib/modules/3.10.0-1160.92.1.el7.x86_64/kernel/drivers/net/can/can-dev.ko.xz' -> '/tmp/rear.hvWqMGkcXVEGC9y/rootfs/lib/modules/3.10.0-1160.92.1.el7.x86_64/kernel/drivers/net/can/can-dev.ko.xz'
'/lib/modules/3.10.0-1160.92.1.el7.x86_64/kernel/drivers/net/can/usb/usb_8dev.ko.xz' -> '/tmp/rear.hvWqMGkcXVEGC9y/rootfs/lib/modules/3.10.0-1160.92.1.el7.x86_64/kernel/drivers/net/can/usb/usb_8dev.ko.xz'
'/lib/modules/3.10.0-1160.92.1.el7.x86_64/kernel/drivers/net/can/vcan.ko.xz' -> '/tmp/rear.hvWqMGkcXVEGC9y/rootfs/lib/modules/3.10.0-1160.92.1.el7.x86_64/kernel/drivers/net/can/vcan.ko.xz'
'/lib/modules/3.10.0-1160.92.1.el7.x86_64/kernel/drivers/net/dummy.ko.xz' -> '/tmp/rear.hvWqMGkcXVEGC9y/rootfs/lib/modules/3.10.0-1160.92.1.el7.x86_64/kernel/drivers/net/dummy.ko.xz'
/lib/modules/3.10.0-1160.92.1.el7.x86_64/kernel/drivers/net/ethernet/amazon -> /tmp/rear.hvWqMGkcXVEGC9y/rootfs/lib/modules/3.10.0-1160.92.1.el7.x86_64/kernel/drivers/net/ethernet/amazon
/lib/modules/3.10.0-1160.92.1.el7.x86_64/kernel/drivers/net/ethernet/amazon/ena -> /tmp/rear.hvWqMGkcXVEGC9y/rootfs/lib/modules/3.10.0-1160.92.1.el7.x86_64/kernel/drivers/net/ethernet/amazon/ena
'/lib/modules/3.10.0-1160.92.1.el7.x86_64/kernel/drivers/net/ethernet/amazon/ena/ena.ko.xz' -> '/tmp/rear.hvWqMGkcXVEGC9y/rootfs/lib/modules/3.10.0-1160.92.1.el7.x86_64/kernel/drivers/net/ethernet/amazon/ena/ena.ko.xz'
/lib/modules/3.10.0-1160.92.1.el7.x86_64/kernel/drivers/net/ethernet/amd -> /tmp/rear.hvWqMGkcXVEGC9y/rootfs/lib/modules/3.10.0-1160.92.1.el7.x86_64/kernel/drivers/net/ethernet/amd
'/lib/modules/3.10.0-1160.92.1.el7.x86_64/kernel/drivers/net/ethernet/amd/amd8111e.ko.xz' -> '/tmp/rear.hvWqMGkcXVEGC9y/rootfs/lib/modules/3.10.0-1160.92.1.el7.x86_64/kernel/drivers/net/ethernet/amd/amd8111e.ko.xz'
'/lib/modules/3.10.0-1160.92.1.el7.x86_64/kernel/drivers/net/mii.ko.xz' -> '/tmp/rear.hvWqMGkcXVEGC9y/rootfs/lib/modules/3.10.0-1160.92.1.el7.x86_64/kernel/drivers/net/mii.ko.xz'
'/lib/modules/3.10.0-1160.92.1.el7.x86_64/kernel/drivers/net/ethernet/amd/pcnet32.ko.xz' -> '/tmp/rear.hvWqMGkcXVEGC9y/rootfs/lib/modules/3.10.0-1160.92.1.el7.x86_64/kernel/drivers/net/ethernet/amd/pcnet32.ko.xz'
'/lib/modules/3.10.0-1160.92.1.el7.x86_64/kernel/drivers/net/mii.ko.xz' -> '/tmp/rear.hvWqMGkcXVEGC9y/rootfs/lib/modules/3.10.0-1160.92.1.el7.x86_64/kernel/drivers/net/mii.ko.xz'
/lib/modules/3.10.0-1160.92.1.el7.x86_64/kernel/drivers/net/ethernet/amd/xgbe -> /tmp/rear.hvWqMGkcXVEGC9y/rootfs/lib/modules/3.10.0-1160.92.1.el7.x86_64/kernel/drivers/net/ethernet/amd/xgbe
'/lib/modules/3.10.0-1160.92.1.el7.x86_64/kernel/drivers/net/ethernet/amd/xgbe/amd-xgbe.ko.xz' -> '/tmp/rear.hvWqMGkcXVEGC9y/rootfs/lib/modules/3.10.0-1160.92.1.el7.x86_64/kernel/drivers/net/ethernet/amd/xgbe/amd-xgbe.ko.xz'
'/lib/modules/3.10.0-1160.92.1.el7.x86_64/kernel/drivers/pps/pps_core.ko.xz' -> '/tmp/rear.hvWqMGkcXVEGC9y/rootfs/lib/modules/3.10.0-1160.92.1.el7.x86_64/kernel/drivers/pps/pps_core.ko.xz'
'/lib/modules/3.10.0-1160.92.1.el7.x86_64/kernel/drivers/ptp/ptp.ko.xz' -> '/tmp/rear.hvWqMGkcXVEGC9y/rootfs/lib/modules/3.10.0-1160.92.1.el7.x86_64/kernel/drivers/ptp/ptp.ko.xz'
/lib/modules/3.10.0-1160.92.1.el7.x86_64/kernel/drivers/net/ethernet/aquantia -> /tmp/rear.hvWqMGkcXVEGC9y/rootfs/lib/modules/3.10.0-1160.92.1.el7.x86_64/kernel/drivers/net/ethernet/aquantia
/lib/modules/3.10.0-1160.92.1.el7.x86_64/kernel/drivers/net/ethernet/aquantia/atlantic -> /tmp/rear.hvWqMGkcXVEGC9y/rootfs/lib/modules/3.10.0-1160.92.1.el7.x86_64/kernel/drivers/net/ethernet/aquantia/atlantic
'/lib/modules/3.10.0-1160.92.1.el7.x86_64/kernel/drivers/net/ethernet/aquantia/atlantic/atlantic.ko.xz' -> '/tmp/rear.hvWqMGkcXVEGC9y/rootfs/lib/modules/3.10.0-1160.92.1.el7.x86_64/kernel/drivers/net/ethernet/aquantia/atlantic/atlantic.ko.xz'
/lib/modules/3.10.0-1160.92.1.el7.x86_64/kernel/drivers/net/ethernet/atheros -> /tmp/rear.hvWqMGkcXVEGC9y/rootfs/lib/modules/3.10.0-1160.92.1.el7.x86_64/kernel/drivers/net/ethernet/atheros
/lib/modules/3.10.0-1160.92.1.el7.x86_64/kernel/drivers/net/ethernet/atheros/alx -> /tmp/rear.hvWqMGkcXVEGC9y/rootfs/lib/modules/3.10.0-1160.92.1.el7.x86_64/kernel/drivers/net/ethernet/atheros/alx
'/lib/modules/3.10.0-1160.92.1.el7.x86_64/kernel/drivers/net/ethernet/atheros/alx/alx.ko.xz' -> '/tmp/rear.hvWqMGkcXVEGC9y/rootfs/lib/modules/3.10.0-1160.92.1.el7.x86_64/kernel/drivers/net/ethernet/atheros/alx/alx.ko.xz'
'/lib/modules/3.10.0-1160.92.1.el7.x86_64/kernel/drivers/net/mdio.ko.xz' -> '/tmp/rear.hvWqMGkcXVEGC9y/rootfs/lib/modules/3.10.0-1160.92.1.el7.x86_64/kernel/drivers/net/mdio.ko.xz'
/lib/modules/3.10.0-1160.92.1.el7.x86_64/kernel/drivers/net/ethernet/atheros/atl1c -> /tmp/rear.hvWqMGkcXVEGC9y/rootfs/lib/modules/3.10.0-1160.92.1.el7.x86_64/kernel/drivers/net/ethernet/atheros/atl1c
'/lib/modules/3.10.0-1160.92.1.el7.x86_64/kernel/drivers/net/ethernet/atheros/atl1c/atl1c.ko.xz' -> '/tmp/rear.hvWqMGkcXVEGC9y/rootfs/lib/modules/3.10.0-1160.92.1.el7.x86_64/kernel/drivers/net/ethernet/atheros/atl1c/atl1c.ko.xz'
/lib/modules/3.10.0-1160.92.1.el7.x86_64/kernel/drivers/net/ethernet/atheros/atl1e -> /tmp/rear.hvWqMGkcXVEGC9y/rootfs/lib/modules/3.10.0-1160.92.1.el7.x86_64/kernel/drivers/net/ethernet/atheros/atl1e
'/lib/modules/3.10.0-1160.92.1.el7.x86_64/kernel/drivers/net/ethernet/atheros/atl1e/atl1e.ko.xz' -> '/tmp/rear.hvWqMGkcXVEGC9y/rootfs/lib/modules/3.10.0-1160.92.1.el7.x86_64/kernel/drivers/net/ethernet/atheros/atl1e/atl1e.ko.xz'
/lib/modules/3.10.0-1160.92.1.el7.x86_64/kernel/drivers/net/ethernet/atheros/atlx -> /tmp/rear.hvWqMGkcXVEGC9y/rootfs/lib/modules/3.10.0-1160.92.1.el7.x86_64/kernel/drivers/net/ethernet/atheros/atlx
'/lib/modules/3.10.0-1160.92.1.el7.x86_64/kernel/drivers/net/ethernet/atheros/atlx/atl1.ko.xz' -> '/tmp/rear.hvWqMGkcXVEGC9y/rootfs/lib/modules/3.10.0-1160.92.1.el7.x86_64/kernel/drivers/net/ethernet/atheros/atlx/atl1.ko.xz'
'/lib/modules/3.10.0-1160.92.1.el7.x86_64/kernel/drivers/net/mii.ko.xz' -> '/tmp/rear.hvWqMGkcXVEGC9y/rootfs/lib/modules/3.10.0-1160.92.1.el7.x86_64/kernel/drivers/net/mii.ko.xz'
'/lib/modules/3.10.0-1160.92.1.el7.x86_64/kernel/drivers/net/ethernet/atheros/atlx/atl2.ko.xz' -> '/tmp/rear.hvWqMGkcXVEGC9y/rootfs/lib/modules/3.10.0-1160.92.1.el7.x86_64/kernel/drivers/net/ethernet/atheros/atlx/atl2.ko.xz'
/lib/modules/3.10.0-1160.92.1.el7.x86_64/kernel/drivers/mmc -> /tmp/rear.hvWqMGkcXVEGC9y/rootfs/lib/modules/3.10.0-1160.92.1.el7.x86_64/kernel/drivers/mmc
/lib/modules/3.10.0-1160.92.1.el7.x86_64/kernel/drivers/mmc/core -> /tmp/rear.hvWqMGkcXVEGC9y/rootfs/lib/modules/3.10.0-1160.92.1.el7.x86_64/kernel/drivers/mmc/core
'/lib/modules/3.10.0-1160.92.1.el7.x86_64/kernel/drivers/mmc/core/mmc_core.ko.xz' -> '/tmp/rear.hvWqMGkcXVEGC9y/rootfs/lib/modules/3.10.0-1160.92.1.el7.x86_64/kernel/drivers/mmc/core/mmc_core.ko.xz'
'/lib/modules/3.10.0-1160.92.1.el7.x86_64/kernel/drivers/net/ethernet/broadcom/b44.ko.xz' -> '/tmp/rear.hvWqMGkcXVEGC9y/rootfs/lib/modules/3.10.0-1160.92.1.el7.x86_64/kernel/drivers/net/ethernet/broadcom/b44.ko.xz'
'/lib/modules/3.10.0-1160.92.1.el7.x86_64/kernel/drivers/net/mii.ko.xz' -> '/tmp/rear.hvWqMGkcXVEGC9y/rootfs/lib/modules/3.10.0-1160.92.1.el7.x86_64/kernel/drivers/net/mii.ko.xz'
/lib/modules/3.10.0-1160.92.1.el7.x86_64/kernel/drivers/ssb -> /tmp/rear.hvWqMGkcXVEGC9y/rootfs/lib/modules/3.10.0-1160.92.1.el7.x86_64/kernel/drivers/ssb
'/lib/modules/3.10.0-1160.92.1.el7.x86_64/kernel/drivers/ssb/ssb.ko.xz' -> '/tmp/rear.hvWqMGkcXVEGC9y/rootfs/lib/modules/3.10.0-1160.92.1.el7.x86_64/kernel/drivers/ssb/ssb.ko.xz'
'/lib/modules/3.10.0-1160.92.1.el7.x86_64/kernel/drivers/net/ethernet/broadcom/bnx2.ko.xz' -> '/tmp/rear.hvWqMGkcXVEGC9y/rootfs/lib/modules/3.10.0-1160.92.1.el7.x86_64/kernel/drivers/net/ethernet/broadcom/bnx2.ko.xz'
/lib/modules/3.10.0-1160.92.1.el7.x86_64/kernel/drivers/net/ethernet/broadcom/bnx2x -> /tmp/rear.hvWqMGkcXVEGC9y/rootfs/lib/modules/3.10.0-1160.92.1.el7.x86_64/kernel/drivers/net/ethernet/broadcom/bnx2x
'/lib/modules/3.10.0-1160.92.1.el7.x86_64/kernel/drivers/net/ethernet/broadcom/bnx2x/bnx2x.ko.xz' -> '/tmp/rear.hvWqMGkcXVEGC9y/rootfs/lib/modules/3.10.0-1160.92.1.el7.x86_64/kernel/drivers/net/ethernet/broadcom/bnx2x/bnx2x.ko.xz'
'/lib/modules/3.10.0-1160.92.1.el7.x86_64/kernel/drivers/net/mdio.ko.xz' -> '/tmp/rear.hvWqMGkcXVEGC9y/rootfs/lib/modules/3.10.0-1160.92.1.el7.x86_64/kernel/drivers/net/mdio.ko.xz'
'/lib/modules/3.10.0-1160.92.1.el7.x86_64/kernel/drivers/pps/pps_core.ko.xz' -> '/tmp/rear.hvWqMGkcXVEGC9y/rootfs/lib/modules/3.10.0-1160.92.1.el7.x86_64/kernel/drivers/pps/pps_core.ko.xz'
'/lib/modules/3.10.0-1160.92.1.el7.x86_64/kernel/drivers/ptp/ptp.ko.xz' -> '/tmp/rear.hvWqMGkcXVEGC9y/rootfs/lib/modules/3.10.0-1160.92.1.el7.x86_64/kernel/drivers/ptp/ptp.ko.xz'
'/lib/modules/3.10.0-1160.92.1.el7.x86_64/kernel/lib/libcrc32c.ko.xz' -> '/tmp/rear.hvWqMGkcXVEGC9y/rootfs/lib/modules/3.10.0-1160.92.1.el7.x86_64/kernel/lib/libcrc32c.ko.xz'
/lib/modules/3.10.0-1160.92.1.el7.x86_64/kernel/drivers/net/ethernet/broadcom/bnxt -> /tmp/rear.hvWqMGkcXVEGC9y/rootfs/lib/modules/3.10.0-1160.92.1.el7.x86_64/kernel/drivers/net/ethernet/broadcom/bnxt
'/lib/modules/3.10.0-1160.92.1.el7.x86_64/kernel/drivers/net/ethernet/broadcom/bnxt/bnxt_en.ko.xz' -> '/tmp/rear.hvWqMGkcXVEGC9y/rootfs/lib/modules/3.10.0-1160.92.1.el7.x86_64/kernel/drivers/net/ethernet/broadcom/bnxt/bnxt_en.ko.xz'
/lib/modules/3.10.0-1160.92.1.el7.x86_64/kernel/net/core -> /tmp/rear.hvWqMGkcXVEGC9y/rootfs/lib/modules/3.10.0-1160.92.1.el7.x86_64/kernel/net/core
'/lib/modules/3.10.0-1160.92.1.el7.x86_64/kernel/net/core/devlink.ko.xz' -> '/tmp/rear.hvWqMGkcXVEGC9y/rootfs/lib/modules/3.10.0-1160.92.1.el7.x86_64/kernel/net/core/devlink.ko.xz'
'/lib/modules/3.10.0-1160.92.1.el7.x86_64/kernel/drivers/net/ethernet/broadcom/cnic.ko.xz' -> '/tmp/rear.hvWqMGkcXVEGC9y/rootfs/lib/modules/3.10.0-1160.92.1.el7.x86_64/kernel/drivers/net/ethernet/broadcom/cnic.ko.xz'
'/lib/modules/3.10.0-1160.92.1.el7.x86_64/kernel/drivers/uio/uio.ko.xz' -> '/tmp/rear.hvWqMGkcXVEGC9y/rootfs/lib/modules/3.10.0-1160.92.1.el7.x86_64/kernel/drivers/uio/uio.ko.xz'
'/lib/modules/3.10.0-1160.92.1.el7.x86_64/kernel/drivers/net/ethernet/broadcom/tg3.ko.xz' -> '/tmp/rear.hvWqMGkcXVEGC9y/rootfs/lib/modules/3.10.0-1160.92.1.el7.x86_64/kernel/drivers/net/ethernet/broadcom/tg3.ko.xz'
'/lib/modules/3.10.0-1160.92.1.el7.x86_64/kernel/drivers/pps/pps_core.ko.xz' -> '/tmp/rear.hvWqMGkcXVEGC9y/rootfs/lib/modules/3.10.0-1160.92.1.el7.x86_64/kernel/drivers/pps/pps_core.ko.xz'
'/lib/modules/3.10.0-1160.92.1.el7.x86_64/kernel/drivers/ptp/ptp.ko.xz' -> '/tmp/rear.hvWqMGkcXVEGC9y/rootfs/lib/modules/3.10.0-1160.92.1.el7.x86_64/kernel/drivers/ptp/ptp.ko.xz'
/lib/modules/3.10.0-1160.92.1.el7.x86_64/kernel/drivers/net/ethernet/brocade -> /tmp/rear.hvWqMGkcXVEGC9y/rootfs/lib/modules/3.10.0-1160.92.1.el7.x86_64/kernel/drivers/net/ethernet/brocade
/lib/modules/3.10.0-1160.92.1.el7.x86_64/kernel/drivers/net/ethernet/brocade/bna -> /tmp/rear.hvWqMGkcXVEGC9y/rootfs/lib/modules/3.10.0-1160.92.1.el7.x86_64/kernel/drivers/net/ethernet/brocade/bna
'/lib/modules/3.10.0-1160.92.1.el7.x86_64/kernel/drivers/net/ethernet/brocade/bna/bna.ko.xz' -> '/tmp/rear.hvWqMGkcXVEGC9y/rootfs/lib/modules/3.10.0-1160.92.1.el7.x86_64/kernel/drivers/net/ethernet/brocade/bna/bna.ko.xz'
/lib/modules/3.10.0-1160.92.1.el7.x86_64/kernel/drivers/net/ethernet/cadence -> /tmp/rear.hvWqMGkcXVEGC9y/rootfs/lib/modules/3.10.0-1160.92.1.el7.x86_64/kernel/drivers/net/ethernet/cadence
'/lib/modules/3.10.0-1160.92.1.el7.x86_64/kernel/drivers/net/ethernet/cadence/at91_ether.ko.xz' -> '/tmp/rear.hvWqMGkcXVEGC9y/rootfs/lib/modules/3.10.0-1160.92.1.el7.x86_64/kernel/drivers/net/ethernet/cadence/at91_ether.ko.xz'
'/lib/modules/3.10.0-1160.92.1.el7.x86_64/kernel/drivers/net/ethernet/cadence/macb.ko.xz' -> '/tmp/rear.hvWqMGkcXVEGC9y/rootfs/lib/modules/3.10.0-1160.92.1.el7.x86_64/kernel/drivers/net/ethernet/cadence/macb.ko.xz'
'/lib/modules/3.10.0-1160.92.1.el7.x86_64/kernel/drivers/net/ethernet/cadence/macb.ko.xz' -> '/tmp/rear.hvWqMGkcXVEGC9y/rootfs/lib/modules/3.10.0-1160.92.1.el7.x86_64/kernel/drivers/net/ethernet/cadence/macb.ko.xz'
/lib/modules/3.10.0-1160.92.1.el7.x86_64/kernel/drivers/net/ethernet/calxeda -> /tmp/rear.hvWqMGkcXVEGC9y/rootfs/lib/modules/3.10.0-1160.92.1.el7.x86_64/kernel/drivers/net/ethernet/calxeda
'/lib/modules/3.10.0-1160.92.1.el7.x86_64/kernel/drivers/net/ethernet/calxeda/xgmac.ko.xz' -> '/tmp/rear.hvWqMGkcXVEGC9y/rootfs/lib/modules/3.10.0-1160.92.1.el7.x86_64/kernel/drivers/net/ethernet/calxeda/xgmac.ko.xz'
/lib/modules/3.10.0-1160.92.1.el7.x86_64/kernel/drivers/net/ethernet/cavium -> /tmp/rear.hvWqMGkcXVEGC9y/rootfs/lib/modules/3.10.0-1160.92.1.el7.x86_64/kernel/drivers/net/ethernet/cavium
/lib/modules/3.10.0-1160.92.1.el7.x86_64/kernel/drivers/net/ethernet/cavium/liquidio -> /tmp/rear.hvWqMGkcXVEGC9y/rootfs/lib/modules/3.10.0-1160.92.1.el7.x86_64/kernel/drivers/net/ethernet/cavium/liquidio
'/lib/modules/3.10.0-1160.92.1.el7.x86_64/kernel/drivers/net/ethernet/cavium/liquidio/liquidio.ko.xz' -> '/tmp/rear.hvWqMGkcXVEGC9y/rootfs/lib/modules/3.10.0-1160.92.1.el7.x86_64/kernel/drivers/net/ethernet/cavium/liquidio/liquidio.ko.xz'
'/lib/modules/3.10.0-1160.92.1.el7.x86_64/kernel/drivers/pps/pps_core.ko.xz' -> '/tmp/rear.hvWqMGkcXVEGC9y/rootfs/lib/modules/3.10.0-1160.92.1.el7.x86_64/kernel/drivers/pps/pps_core.ko.xz'
'/lib/modules/3.10.0-1160.92.1.el7.x86_64/kernel/drivers/ptp/ptp.ko.xz' -> '/tmp/rear.hvWqMGkcXVEGC9y/rootfs/lib/modules/3.10.0-1160.92.1.el7.x86_64/kernel/drivers/ptp/ptp.ko.xz'
'/lib/modules/3.10.0-1160.92.1.el7.x86_64/kernel/net/core/devlink.ko.xz' -> '/tmp/rear.hvWqMGkcXVEGC9y/rootfs/lib/modules/3.10.0-1160.92.1.el7.x86_64/kernel/net/core/devlink.ko.xz'
'/lib/modules/3.10.0-1160.92.1.el7.x86_64/kernel/drivers/net/ethernet/cavium/liquidio/liquidio_vf.ko.xz' -> '/tmp/rear.hvWqMGkcXVEGC9y/rootfs/lib/modules/3.10.0-1160.92.1.el7.x86_64/kernel/drivers/net/ethernet/cavium/liquidio/liquidio_vf.ko.xz'
'/lib/modules/3.10.0-1160.92.1.el7.x86_64/kernel/drivers/pps/pps_core.ko.xz' -> '/tmp/rear.hvWqMGkcXVEGC9y/rootfs/lib/modules/3.10.0-1160.92.1.el7.x86_64/kernel/drivers/pps/pps_core.ko.xz'
'/lib/modules/3.10.0-1160.92.1.el7.x86_64/kernel/drivers/ptp/ptp.ko.xz' -> '/tmp/rear.hvWqMGkcXVEGC9y/rootfs/lib/modules/3.10.0-1160.92.1.el7.x86_64/kernel/drivers/ptp/ptp.ko.xz'
'/lib/modules/3.10.0-1160.92.1.el7.x86_64/kernel/drivers/net/ethernet/chelsio/cxgb3/cxgb3.ko.xz' -> '/tmp/rear.hvWqMGkcXVEGC9y/rootfs/lib/modules/3.10.0-1160.92.1.el7.x86_64/kernel/drivers/net/ethernet/chelsio/cxgb3/cxgb3.ko.xz'
'/lib/modules/3.10.0-1160.92.1.el7.x86_64/kernel/drivers/net/mdio.ko.xz' -> '/tmp/rear.hvWqMGkcXVEGC9y/rootfs/lib/modules/3.10.0-1160.92.1.el7.x86_64/kernel/drivers/net/mdio.ko.xz'
'/lib/modules/3.10.0-1160.92.1.el7.x86_64/kernel/drivers/net/ethernet/chelsio/cxgb4/cxgb4.ko.xz' -> '/tmp/rear.hvWqMGkcXVEGC9y/rootfs/lib/modules/3.10.0-1160.92.1.el7.x86_64/kernel/drivers/net/ethernet/chelsio/cxgb4/cxgb4.ko.xz'
'/lib/modules/3.10.0-1160.92.1.el7.x86_64/kernel/drivers/pps/pps_core.ko.xz' -> '/tmp/rear.hvWqMGkcXVEGC9y/rootfs/lib/modules/3.10.0-1160.92.1.el7.x86_64/kernel/drivers/pps/pps_core.ko.xz'
'/lib/modules/3.10.0-1160.92.1.el7.x86_64/kernel/drivers/ptp/ptp.ko.xz' -> '/tmp/rear.hvWqMGkcXVEGC9y/rootfs/lib/modules/3.10.0-1160.92.1.el7.x86_64/kernel/drivers/ptp/ptp.ko.xz'
/lib/modules/3.10.0-1160.92.1.el7.x86_64/kernel/drivers/net/ethernet/chelsio/cxgb4vf -> /tmp/rear.hvWqMGkcXVEGC9y/rootfs/lib/modules/3.10.0-1160.92.1.el7.x86_64/kernel/drivers/net/ethernet/chelsio/cxgb4vf
'/lib/modules/3.10.0-1160.92.1.el7.x86_64/kernel/drivers/net/ethernet/chelsio/cxgb4vf/cxgb4vf.ko.xz' -> '/tmp/rear.hvWqMGkcXVEGC9y/rootfs/lib/modules/3.10.0-1160.92.1.el7.x86_64/kernel/drivers/net/ethernet/chelsio/cxgb4vf/cxgb4vf.ko.xz'
'/lib/modules/3.10.0-1160.92.1.el7.x86_64/kernel/drivers/net/ethernet/chelsio/libcxgb/libcxgb.ko.xz' -> '/tmp/rear.hvWqMGkcXVEGC9y/rootfs/lib/modules/3.10.0-1160.92.1.el7.x86_64/kernel/drivers/net/ethernet/chelsio/libcxgb/libcxgb.ko.xz'
/lib/modules/3.10.0-1160.92.1.el7.x86_64/kernel/drivers/net/ethernet/cisco -> /tmp/rear.hvWqMGkcXVEGC9y/rootfs/lib/modules/3.10.0-1160.92.1.el7.x86_64/kernel/drivers/net/ethernet/cisco
/lib/modules/3.10.0-1160.92.1.el7.x86_64/kernel/drivers/net/ethernet/cisco/enic -> /tmp/rear.hvWqMGkcXVEGC9y/rootfs/lib/modules/3.10.0-1160.92.1.el7.x86_64/kernel/drivers/net/ethernet/cisco/enic
'/lib/modules/3.10.0-1160.92.1.el7.x86_64/kernel/drivers/net/ethernet/cisco/enic/enic.ko.xz' -> '/tmp/rear.hvWqMGkcXVEGC9y/rootfs/lib/modules/3.10.0-1160.92.1.el7.x86_64/kernel/drivers/net/ethernet/cisco/enic/enic.ko.xz'
/lib/modules/3.10.0-1160.92.1.el7.x86_64/kernel/drivers/net/ethernet/dec -> /tmp/rear.hvWqMGkcXVEGC9y/rootfs/lib/modules/3.10.0-1160.92.1.el7.x86_64/kernel/drivers/net/ethernet/dec
/lib/modules/3.10.0-1160.92.1.el7.x86_64/kernel/drivers/net/ethernet/dec/tulip -> /tmp/rear.hvWqMGkcXVEGC9y/rootfs/lib/modules/3.10.0-1160.92.1.el7.x86_64/kernel/drivers/net/ethernet/dec/tulip
'/lib/modules/3.10.0-1160.92.1.el7.x86_64/kernel/drivers/net/ethernet/dec/tulip/de2104x.ko.xz' -> '/tmp/rear.hvWqMGkcXVEGC9y/rootfs/lib/modules/3.10.0-1160.92.1.el7.x86_64/kernel/drivers/net/ethernet/dec/tulip/de2104x.ko.xz'
'/lib/modules/3.10.0-1160.92.1.el7.x86_64/kernel/drivers/net/ethernet/dec/tulip/de4x5.ko.xz' -> '/tmp/rear.hvWqMGkcXVEGC9y/rootfs/lib/modules/3.10.0-1160.92.1.el7.x86_64/kernel/drivers/net/ethernet/dec/tulip/de4x5.ko.xz'
'/lib/modules/3.10.0-1160.92.1.el7.x86_64/kernel/drivers/net/ethernet/dec/tulip/dmfe.ko.xz' -> '/tmp/rear.hvWqMGkcXVEGC9y/rootfs/lib/modules/3.10.0-1160.92.1.el7.x86_64/kernel/drivers/net/ethernet/dec/tulip/dmfe.ko.xz'
'/lib/modules/3.10.0-1160.92.1.el7.x86_64/kernel/drivers/net/ethernet/dec/tulip/tulip.ko.xz' -> '/tmp/rear.hvWqMGkcXVEGC9y/rootfs/lib/modules/3.10.0-1160.92.1.el7.x86_64/kernel/drivers/net/ethernet/dec/tulip/tulip.ko.xz'
'/lib/modules/3.10.0-1160.92.1.el7.x86_64/kernel/drivers/net/ethernet/dec/tulip/uli526x.ko.xz' -> '/tmp/rear.hvWqMGkcXVEGC9y/rootfs/lib/modules/3.10.0-1160.92.1.el7.x86_64/kernel/drivers/net/ethernet/dec/tulip/uli526x.ko.xz'
'/lib/modules/3.10.0-1160.92.1.el7.x86_64/kernel/drivers/net/ethernet/dec/tulip/winbond-840.ko.xz' -> '/tmp/rear.hvWqMGkcXVEGC9y/rootfs/lib/modules/3.10.0-1160.92.1.el7.x86_64/kernel/drivers/net/ethernet/dec/tulip/winbond-840.ko.xz'
'/lib/modules/3.10.0-1160.92.1.el7.x86_64/kernel/drivers/net/mii.ko.xz' -> '/tmp/rear.hvWqMGkcXVEGC9y/rootfs/lib/modules/3.10.0-1160.92.1.el7.x86_64/kernel/drivers/net/mii.ko.xz'
'/lib/modules/3.10.0-1160.92.1.el7.x86_64/kernel/drivers/net/ethernet/dec/tulip/xircom_cb.ko.xz' -> '/tmp/rear.hvWqMGkcXVEGC9y/rootfs/lib/modules/3.10.0-1160.92.1.el7.x86_64/kernel/drivers/net/ethernet/dec/tulip/xircom_cb.ko.xz'
'/lib/modules/3.10.0-1160.92.1.el7.x86_64/kernel/drivers/net/ethernet/dnet.ko.xz' -> '/tmp/rear.hvWqMGkcXVEGC9y/rootfs/lib/modules/3.10.0-1160.92.1.el7.x86_64/kernel/drivers/net/ethernet/dnet.ko.xz'
/lib/modules/3.10.0-1160.92.1.el7.x86_64/kernel/drivers/net/ethernet/emulex -> /tmp/rear.hvWqMGkcXVEGC9y/rootfs/lib/modules/3.10.0-1160.92.1.el7.x86_64/kernel/drivers/net/ethernet/emulex
/lib/modules/3.10.0-1160.92.1.el7.x86_64/kernel/drivers/net/ethernet/emulex/benet -> /tmp/rear.hvWqMGkcXVEGC9y/rootfs/lib/modules/3.10.0-1160.92.1.el7.x86_64/kernel/drivers/net/ethernet/emulex/benet
'/lib/modules/3.10.0-1160.92.1.el7.x86_64/kernel/drivers/net/ethernet/emulex/benet/be2net.ko.xz' -> '/tmp/rear.hvWqMGkcXVEGC9y/rootfs/lib/modules/3.10.0-1160.92.1.el7.x86_64/kernel/drivers/net/ethernet/emulex/benet/be2net.ko.xz'
'/lib/modules/3.10.0-1160.92.1.el7.x86_64/kernel/drivers/net/ethernet/ethoc.ko.xz' -> '/tmp/rear.hvWqMGkcXVEGC9y/rootfs/lib/modules/3.10.0-1160.92.1.el7.x86_64/kernel/drivers/net/ethernet/ethoc.ko.xz'
/lib/modules/3.10.0-1160.92.1.el7.x86_64/kernel/drivers/net/ethernet/google -> /tmp/rear.hvWqMGkcXVEGC9y/rootfs/lib/modules/3.10.0-1160.92.1.el7.x86_64/kernel/drivers/net/ethernet/google
/lib/modules/3.10.0-1160.92.1.el7.x86_64/kernel/drivers/net/ethernet/google/gve -> /tmp/rear.hvWqMGkcXVEGC9y/rootfs/lib/modules/3.10.0-1160.92.1.el7.x86_64/kernel/drivers/net/ethernet/google/gve
'/lib/modules/3.10.0-1160.92.1.el7.x86_64/kernel/drivers/net/ethernet/google/gve/gve.ko.xz' -> '/tmp/rear.hvWqMGkcXVEGC9y/rootfs/lib/modules/3.10.0-1160.92.1.el7.x86_64/kernel/drivers/net/ethernet/google/gve/gve.ko.xz'
/lib/modules/3.10.0-1160.92.1.el7.x86_64/kernel/drivers/net/ethernet/icplus -> /tmp/rear.hvWqMGkcXVEGC9y/rootfs/lib/modules/3.10.0-1160.92.1.el7.x86_64/kernel/drivers/net/ethernet/icplus
'/lib/modules/3.10.0-1160.92.1.el7.x86_64/kernel/drivers/net/ethernet/icplus/ipg.ko.xz' -> '/tmp/rear.hvWqMGkcXVEGC9y/rootfs/lib/modules/3.10.0-1160.92.1.el7.x86_64/kernel/drivers/net/ethernet/icplus/ipg.ko.xz'
'/lib/modules/3.10.0-1160.92.1.el7.x86_64/kernel/drivers/net/mii.ko.xz' -> '/tmp/rear.hvWqMGkcXVEGC9y/rootfs/lib/modules/3.10.0-1160.92.1.el7.x86_64/kernel/drivers/net/mii.ko.xz'
/lib/modules/3.10.0-1160.92.1.el7.x86_64/kernel/drivers/net/ethernet/intel -> /tmp/rear.hvWqMGkcXVEGC9y/rootfs/lib/modules/3.10.0-1160.92.1.el7.x86_64/kernel/drivers/net/ethernet/intel
/lib/modules/3.10.0-1160.92.1.el7.x86_64/kernel/drivers/net/ethernet/intel/e1000 -> /tmp/rear.hvWqMGkcXVEGC9y/rootfs/lib/modules/3.10.0-1160.92.1.el7.x86_64/kernel/drivers/net/ethernet/intel/e1000
'/lib/modules/3.10.0-1160.92.1.el7.x86_64/kernel/drivers/net/ethernet/intel/e1000/e1000.ko.xz' -> '/tmp/rear.hvWqMGkcXVEGC9y/rootfs/lib/modules/3.10.0-1160.92.1.el7.x86_64/kernel/drivers/net/ethernet/intel/e1000/e1000.ko.xz'
/lib/modules/3.10.0-1160.92.1.el7.x86_64/kernel/drivers/net/ethernet/intel/e1000e -> /tmp/rear.hvWqMGkcXVEGC9y/rootfs/lib/modules/3.10.0-1160.92.1.el7.x86_64/kernel/drivers/net/ethernet/intel/e1000e
'/lib/modules/3.10.0-1160.92.1.el7.x86_64/kernel/drivers/net/ethernet/intel/e1000e/e1000e.ko.xz' -> '/tmp/rear.hvWqMGkcXVEGC9y/rootfs/lib/modules/3.10.0-1160.92.1.el7.x86_64/kernel/drivers/net/ethernet/intel/e1000e/e1000e.ko.xz'
'/lib/modules/3.10.0-1160.92.1.el7.x86_64/kernel/drivers/pps/pps_core.ko.xz' -> '/tmp/rear.hvWqMGkcXVEGC9y/rootfs/lib/modules/3.10.0-1160.92.1.el7.x86_64/kernel/drivers/pps/pps_core.ko.xz'
'/lib/modules/3.10.0-1160.92.1.el7.x86_64/kernel/drivers/ptp/ptp.ko.xz' -> '/tmp/rear.hvWqMGkcXVEGC9y/rootfs/lib/modules/3.10.0-1160.92.1.el7.x86_64/kernel/drivers/ptp/ptp.ko.xz'
/lib/modules/3.10.0-1160.92.1.el7.x86_64/kernel/drivers/net/ethernet/intel/fm10k -> /tmp/rear.hvWqMGkcXVEGC9y/rootfs/lib/modules/3.10.0-1160.92.1.el7.x86_64/kernel/drivers/net/ethernet/intel/fm10k
'/lib/modules/3.10.0-1160.92.1.el7.x86_64/kernel/drivers/net/ethernet/intel/fm10k/fm10k.ko.xz' -> '/tmp/rear.hvWqMGkcXVEGC9y/rootfs/lib/modules/3.10.0-1160.92.1.el7.x86_64/kernel/drivers/net/ethernet/intel/fm10k/fm10k.ko.xz'
/lib/modules/3.10.0-1160.92.1.el7.x86_64/kernel/drivers/net/ethernet/intel/i40e -> /tmp/rear.hvWqMGkcXVEGC9y/rootfs/lib/modules/3.10.0-1160.92.1.el7.x86_64/kernel/drivers/net/ethernet/intel/i40e
'/lib/modules/3.10.0-1160.92.1.el7.x86_64/kernel/drivers/net/ethernet/intel/i40e/i40e.ko.xz' -> '/tmp/rear.hvWqMGkcXVEGC9y/rootfs/lib/modules/3.10.0-1160.92.1.el7.x86_64/kernel/drivers/net/ethernet/intel/i40e/i40e.ko.xz'
'/lib/modules/3.10.0-1160.92.1.el7.x86_64/kernel/drivers/pps/pps_core.ko.xz' -> '/tmp/rear.hvWqMGkcXVEGC9y/rootfs/lib/modules/3.10.0-1160.92.1.el7.x86_64/kernel/drivers/pps/pps_core.ko.xz'
'/lib/modules/3.10.0-1160.92.1.el7.x86_64/kernel/drivers/ptp/ptp.ko.xz' -> '/tmp/rear.hvWqMGkcXVEGC9y/rootfs/lib/modules/3.10.0-1160.92.1.el7.x86_64/kernel/drivers/ptp/ptp.ko.xz'
/lib/modules/3.10.0-1160.92.1.el7.x86_64/kernel/drivers/net/ethernet/intel/iavf -> /tmp/rear.hvWqMGkcXVEGC9y/rootfs/lib/modules/3.10.0-1160.92.1.el7.x86_64/kernel/drivers/net/ethernet/intel/iavf
'/lib/modules/3.10.0-1160.92.1.el7.x86_64/kernel/drivers/net/ethernet/intel/iavf/iavf.ko.xz' -> '/tmp/rear.hvWqMGkcXVEGC9y/rootfs/lib/modules/3.10.0-1160.92.1.el7.x86_64/kernel/drivers/net/ethernet/intel/iavf/iavf.ko.xz'
/lib/modules/3.10.0-1160.92.1.el7.x86_64/kernel/drivers/net/ethernet/intel/ice -> /tmp/rear.hvWqMGkcXVEGC9y/rootfs/lib/modules/3.10.0-1160.92.1.el7.x86_64/kernel/drivers/net/ethernet/intel/ice
'/lib/modules/3.10.0-1160.92.1.el7.x86_64/kernel/drivers/net/ethernet/intel/ice/ice.ko.xz' -> '/tmp/rear.hvWqMGkcXVEGC9y/rootfs/lib/modules/3.10.0-1160.92.1.el7.x86_64/kernel/drivers/net/ethernet/intel/ice/ice.ko.xz'
/lib/modules/3.10.0-1160.92.1.el7.x86_64/kernel/drivers/dca -> /tmp/rear.hvWqMGkcXVEGC9y/rootfs/lib/modules/3.10.0-1160.92.1.el7.x86_64/kernel/drivers/dca
'/lib/modules/3.10.0-1160.92.1.el7.x86_64/kernel/drivers/dca/dca.ko.xz' -> '/tmp/rear.hvWqMGkcXVEGC9y/rootfs/lib/modules/3.10.0-1160.92.1.el7.x86_64/kernel/drivers/dca/dca.ko.xz'
'/lib/modules/3.10.0-1160.92.1.el7.x86_64/kernel/drivers/i2c/algos/i2c-algo-bit.ko.xz' -> '/tmp/rear.hvWqMGkcXVEGC9y/rootfs/lib/modules/3.10.0-1160.92.1.el7.x86_64/kernel/drivers/i2c/algos/i2c-algo-bit.ko.xz'
/lib/modules/3.10.0-1160.92.1.el7.x86_64/kernel/drivers/net/ethernet/intel/igb -> /tmp/rear.hvWqMGkcXVEGC9y/rootfs/lib/modules/3.10.0-1160.92.1.el7.x86_64/kernel/drivers/net/ethernet/intel/igb
'/lib/modules/3.10.0-1160.92.1.el7.x86_64/kernel/drivers/net/ethernet/intel/igb/igb.ko.xz' -> '/tmp/rear.hvWqMGkcXVEGC9y/rootfs/lib/modules/3.10.0-1160.92.1.el7.x86_64/kernel/drivers/net/ethernet/intel/igb/igb.ko.xz'
'/lib/modules/3.10.0-1160.92.1.el7.x86_64/kernel/drivers/pps/pps_core.ko.xz' -> '/tmp/rear.hvWqMGkcXVEGC9y/rootfs/lib/modules/3.10.0-1160.92.1.el7.x86_64/kernel/drivers/pps/pps_core.ko.xz'
'/lib/modules/3.10.0-1160.92.1.el7.x86_64/kernel/drivers/ptp/ptp.ko.xz' -> '/tmp/rear.hvWqMGkcXVEGC9y/rootfs/lib/modules/3.10.0-1160.92.1.el7.x86_64/kernel/drivers/ptp/ptp.ko.xz'
/lib/modules/3.10.0-1160.92.1.el7.x86_64/kernel/drivers/net/ethernet/intel/igbvf -> /tmp/rear.hvWqMGkcXVEGC9y/rootfs/lib/modules/3.10.0-1160.92.1.el7.x86_64/kernel/drivers/net/ethernet/intel/igbvf
'/lib/modules/3.10.0-1160.92.1.el7.x86_64/kernel/drivers/net/ethernet/intel/igbvf/igbvf.ko.xz' -> '/tmp/rear.hvWqMGkcXVEGC9y/rootfs/lib/modules/3.10.0-1160.92.1.el7.x86_64/kernel/drivers/net/ethernet/intel/igbvf/igbvf.ko.xz'
/lib/modules/3.10.0-1160.92.1.el7.x86_64/kernel/drivers/net/ethernet/intel/igc -> /tmp/rear.hvWqMGkcXVEGC9y/rootfs/lib/modules/3.10.0-1160.92.1.el7.x86_64/kernel/drivers/net/ethernet/intel/igc
'/lib/modules/3.10.0-1160.92.1.el7.x86_64/kernel/drivers/net/ethernet/intel/igc/igc.ko.xz' -> '/tmp/rear.hvWqMGkcXVEGC9y/rootfs/lib/modules/3.10.0-1160.92.1.el7.x86_64/kernel/drivers/net/ethernet/intel/igc/igc.ko.xz'
'/lib/modules/3.10.0-1160.92.1.el7.x86_64/kernel/drivers/dca/dca.ko.xz' -> '/tmp/rear.hvWqMGkcXVEGC9y/rootfs/lib/modules/3.10.0-1160.92.1.el7.x86_64/kernel/drivers/dca/dca.ko.xz'
/lib/modules/3.10.0-1160.92.1.el7.x86_64/kernel/drivers/net/ethernet/intel/ixgbe -> /tmp/rear.hvWqMGkcXVEGC9y/rootfs/lib/modules/3.10.0-1160.92.1.el7.x86_64/kernel/drivers/net/ethernet/intel/ixgbe
'/lib/modules/3.10.0-1160.92.1.el7.x86_64/kernel/drivers/net/ethernet/intel/ixgbe/ixgbe.ko.xz' -> '/tmp/rear.hvWqMGkcXVEGC9y/rootfs/lib/modules/3.10.0-1160.92.1.el7.x86_64/kernel/drivers/net/ethernet/intel/ixgbe/ixgbe.ko.xz'
'/lib/modules/3.10.0-1160.92.1.el7.x86_64/kernel/drivers/net/mdio.ko.xz' -> '/tmp/rear.hvWqMGkcXVEGC9y/rootfs/lib/modules/3.10.0-1160.92.1.el7.x86_64/kernel/drivers/net/mdio.ko.xz'
'/lib/modules/3.10.0-1160.92.1.el7.x86_64/kernel/drivers/pps/pps_core.ko.xz' -> '/tmp/rear.hvWqMGkcXVEGC9y/rootfs/lib/modules/3.10.0-1160.92.1.el7.x86_64/kernel/drivers/pps/pps_core.ko.xz'
'/lib/modules/3.10.0-1160.92.1.el7.x86_64/kernel/drivers/ptp/ptp.ko.xz' -> '/tmp/rear.hvWqMGkcXVEGC9y/rootfs/lib/modules/3.10.0-1160.92.1.el7.x86_64/kernel/drivers/ptp/ptp.ko.xz'
/lib/modules/3.10.0-1160.92.1.el7.x86_64/kernel/drivers/net/ethernet/intel/ixgbevf -> /tmp/rear.hvWqMGkcXVEGC9y/rootfs/lib/modules/3.10.0-1160.92.1.el7.x86_64/kernel/drivers/net/ethernet/intel/ixgbevf
'/lib/modules/3.10.0-1160.92.1.el7.x86_64/kernel/drivers/net/ethernet/intel/ixgbevf/ixgbevf.ko.xz' -> '/tmp/rear.hvWqMGkcXVEGC9y/rootfs/lib/modules/3.10.0-1160.92.1.el7.x86_64/kernel/drivers/net/ethernet/intel/ixgbevf/ixgbevf.ko.xz'
'/lib/modules/3.10.0-1160.92.1.el7.x86_64/kernel/drivers/net/ethernet/jme.ko.xz' -> '/tmp/rear.hvWqMGkcXVEGC9y/rootfs/lib/modules/3.10.0-1160.92.1.el7.x86_64/kernel/drivers/net/ethernet/jme.ko.xz'
'/lib/modules/3.10.0-1160.92.1.el7.x86_64/kernel/drivers/net/mii.ko.xz' -> '/tmp/rear.hvWqMGkcXVEGC9y/rootfs/lib/modules/3.10.0-1160.92.1.el7.x86_64/kernel/drivers/net/mii.ko.xz'
/lib/modules/3.10.0-1160.92.1.el7.x86_64/kernel/drivers/net/ethernet/marvell -> /tmp/rear.hvWqMGkcXVEGC9y/rootfs/lib/modules/3.10.0-1160.92.1.el7.x86_64/kernel/drivers/net/ethernet/marvell
'/lib/modules/3.10.0-1160.92.1.el7.x86_64/kernel/drivers/net/ethernet/marvell/mvmdio.ko.xz' -> '/tmp/rear.hvWqMGkcXVEGC9y/rootfs/lib/modules/3.10.0-1160.92.1.el7.x86_64/kernel/drivers/net/ethernet/marvell/mvmdio.ko.xz'
'/lib/modules/3.10.0-1160.92.1.el7.x86_64/kernel/drivers/net/ethernet/marvell/skge.ko.xz' -> '/tmp/rear.hvWqMGkcXVEGC9y/rootfs/lib/modules/3.10.0-1160.92.1.el7.x86_64/kernel/drivers/net/ethernet/marvell/skge.ko.xz'
'/lib/modules/3.10.0-1160.92.1.el7.x86_64/kernel/drivers/net/ethernet/marvell/sky2.ko.xz' -> '/tmp/rear.hvWqMGkcXVEGC9y/rootfs/lib/modules/3.10.0-1160.92.1.el7.x86_64/kernel/drivers/net/ethernet/marvell/sky2.ko.xz'
/lib/modules/3.10.0-1160.92.1.el7.x86_64/kernel/drivers/net/ethernet/mellanox -> /tmp/rear.hvWqMGkcXVEGC9y/rootfs/lib/modules/3.10.0-1160.92.1.el7.x86_64/kernel/drivers/net/ethernet/mellanox
/lib/modules/3.10.0-1160.92.1.el7.x86_64/kernel/drivers/net/ethernet/mellanox/mlx4 -> /tmp/rear.hvWqMGkcXVEGC9y/rootfs/lib/modules/3.10.0-1160.92.1.el7.x86_64/kernel/drivers/net/ethernet/mellanox/mlx4
'/lib/modules/3.10.0-1160.92.1.el7.x86_64/kernel/drivers/net/ethernet/mellanox/mlx4/mlx4_core.ko.xz' -> '/tmp/rear.hvWqMGkcXVEGC9y/rootfs/lib/modules/3.10.0-1160.92.1.el7.x86_64/kernel/drivers/net/ethernet/mellanox/mlx4/mlx4_core.ko.xz'
'/lib/modules/3.10.0-1160.92.1.el7.x86_64/kernel/net/core/devlink.ko.xz' -> '/tmp/rear.hvWqMGkcXVEGC9y/rootfs/lib/modules/3.10.0-1160.92.1.el7.x86_64/kernel/net/core/devlink.ko.xz'
'/lib/modules/3.10.0-1160.92.1.el7.x86_64/kernel/drivers/net/ethernet/mellanox/mlx4/mlx4_en.ko.xz' -> '/tmp/rear.hvWqMGkcXVEGC9y/rootfs/lib/modules/3.10.0-1160.92.1.el7.x86_64/kernel/drivers/net/ethernet/mellanox/mlx4/mlx4_en.ko.xz'
'/lib/modules/3.10.0-1160.92.1.el7.x86_64/kernel/drivers/pps/pps_core.ko.xz' -> '/tmp/rear.hvWqMGkcXVEGC9y/rootfs/lib/modules/3.10.0-1160.92.1.el7.x86_64/kernel/drivers/pps/pps_core.ko.xz'
'/lib/modules/3.10.0-1160.92.1.el7.x86_64/kernel/drivers/ptp/ptp.ko.xz' -> '/tmp/rear.hvWqMGkcXVEGC9y/rootfs/lib/modules/3.10.0-1160.92.1.el7.x86_64/kernel/drivers/ptp/ptp.ko.xz'
'/lib/modules/3.10.0-1160.92.1.el7.x86_64/kernel/net/core/devlink.ko.xz' -> '/tmp/rear.hvWqMGkcXVEGC9y/rootfs/lib/modules/3.10.0-1160.92.1.el7.x86_64/kernel/net/core/devlink.ko.xz'
/lib/modules/3.10.0-1160.92.1.el7.x86_64/kernel/drivers/net/ethernet/mellanox/mlx5 -> /tmp/rear.hvWqMGkcXVEGC9y/rootfs/lib/modules/3.10.0-1160.92.1.el7.x86_64/kernel/drivers/net/ethernet/mellanox/mlx5
/lib/modules/3.10.0-1160.92.1.el7.x86_64/kernel/drivers/net/ethernet/mellanox/mlx5/core -> /tmp/rear.hvWqMGkcXVEGC9y/rootfs/lib/modules/3.10.0-1160.92.1.el7.x86_64/kernel/drivers/net/ethernet/mellanox/mlx5/core
'/lib/modules/3.10.0-1160.92.1.el7.x86_64/kernel/drivers/net/ethernet/mellanox/mlx5/core/mlx5_core.ko.xz' -> '/tmp/rear.hvWqMGkcXVEGC9y/rootfs/lib/modules/3.10.0-1160.92.1.el7.x86_64/kernel/drivers/net/ethernet/mellanox/mlx5/core/mlx5_core.ko.xz'
/lib/modules/3.10.0-1160.92.1.el7.x86_64/kernel/drivers/net/ethernet/mellanox/mlxfw -> /tmp/rear.hvWqMGkcXVEGC9y/rootfs/lib/modules/3.10.0-1160.92.1.el7.x86_64/kernel/drivers/net/ethernet/mellanox/mlxfw
'/lib/modules/3.10.0-1160.92.1.el7.x86_64/kernel/drivers/net/ethernet/mellanox/mlxfw/mlxfw.ko.xz' -> '/tmp/rear.hvWqMGkcXVEGC9y/rootfs/lib/modules/3.10.0-1160.92.1.el7.x86_64/kernel/drivers/net/ethernet/mellanox/mlxfw/mlxfw.ko.xz'
'/lib/modules/3.10.0-1160.92.1.el7.x86_64/kernel/drivers/pps/pps_core.ko.xz' -> '/tmp/rear.hvWqMGkcXVEGC9y/rootfs/lib/modules/3.10.0-1160.92.1.el7.x86_64/kernel/drivers/pps/pps_core.ko.xz'
'/lib/modules/3.10.0-1160.92.1.el7.x86_64/kernel/drivers/ptp/ptp.ko.xz' -> '/tmp/rear.hvWqMGkcXVEGC9y/rootfs/lib/modules/3.10.0-1160.92.1.el7.x86_64/kernel/drivers/ptp/ptp.ko.xz'
'/lib/modules/3.10.0-1160.92.1.el7.x86_64/kernel/net/core/devlink.ko.xz' -> '/tmp/rear.hvWqMGkcXVEGC9y/rootfs/lib/modules/3.10.0-1160.92.1.el7.x86_64/kernel/net/core/devlink.ko.xz'
'/lib/modules/3.10.0-1160.92.1.el7.x86_64/kernel/drivers/net/ethernet/mellanox/mlxfw/mlxfw.ko.xz' -> '/tmp/rear.hvWqMGkcXVEGC9y/rootfs/lib/modules/3.10.0-1160.92.1.el7.x86_64/kernel/drivers/net/ethernet/mellanox/mlxfw/mlxfw.ko.xz'
/lib/modules/3.10.0-1160.92.1.el7.x86_64/kernel/drivers/net/ethernet/mellanox/mlxsw -> /tmp/rear.hvWqMGkcXVEGC9y/rootfs/lib/modules/3.10.0-1160.92.1.el7.x86_64/kernel/drivers/net/ethernet/mellanox/mlxsw
'/lib/modules/3.10.0-1160.92.1.el7.x86_64/kernel/drivers/net/ethernet/mellanox/mlxsw/mlxsw_core.ko.xz' -> '/tmp/rear.hvWqMGkcXVEGC9y/rootfs/lib/modules/3.10.0-1160.92.1.el7.x86_64/kernel/drivers/net/ethernet/mellanox/mlxsw/mlxsw_core.ko.xz'
'/lib/modules/3.10.0-1160.92.1.el7.x86_64/kernel/net/core/devlink.ko.xz' -> '/tmp/rear.hvWqMGkcXVEGC9y/rootfs/lib/modules/3.10.0-1160.92.1.el7.x86_64/kernel/net/core/devlink.ko.xz'
'/lib/modules/3.10.0-1160.92.1.el7.x86_64/kernel/drivers/net/ethernet/mellanox/mlxsw/mlxsw_core.ko.xz' -> '/tmp/rear.hvWqMGkcXVEGC9y/rootfs/lib/modules/3.10.0-1160.92.1.el7.x86_64/kernel/drivers/net/ethernet/mellanox/mlxsw/mlxsw_core.ko.xz'
'/lib/modules/3.10.0-1160.92.1.el7.x86_64/kernel/drivers/net/ethernet/mellanox/mlxsw/mlxsw_i2c.ko.xz' -> '/tmp/rear.hvWqMGkcXVEGC9y/rootfs/lib/modules/3.10.0-1160.92.1.el7.x86_64/kernel/drivers/net/ethernet/mellanox/mlxsw/mlxsw_i2c.ko.xz'
'/lib/modules/3.10.0-1160.92.1.el7.x86_64/kernel/net/core/devlink.ko.xz' -> '/tmp/rear.hvWqMGkcXVEGC9y/rootfs/lib/modules/3.10.0-1160.92.1.el7.x86_64/kernel/net/core/devlink.ko.xz'
'/lib/modules/3.10.0-1160.92.1.el7.x86_64/kernel/drivers/net/ethernet/mellanox/mlxsw/mlxsw_core.ko.xz' -> '/tmp/rear.hvWqMGkcXVEGC9y/rootfs/lib/modules/3.10.0-1160.92.1.el7.x86_64/kernel/drivers/net/ethernet/mellanox/mlxsw/mlxsw_core.ko.xz'
'/lib/modules/3.10.0-1160.92.1.el7.x86_64/kernel/drivers/net/ethernet/mellanox/mlxsw/mlxsw_i2c.ko.xz' -> '/tmp/rear.hvWqMGkcXVEGC9y/rootfs/lib/modules/3.10.0-1160.92.1.el7.x86_64/kernel/drivers/net/ethernet/mellanox/mlxsw/mlxsw_i2c.ko.xz'
'/lib/modules/3.10.0-1160.92.1.el7.x86_64/kernel/drivers/net/ethernet/mellanox/mlxsw/mlxsw_minimal.ko.xz' -> '/tmp/rear.hvWqMGkcXVEGC9y/rootfs/lib/modules/3.10.0-1160.92.1.el7.x86_64/kernel/drivers/net/ethernet/mellanox/mlxsw/mlxsw_minimal.ko.xz'
'/lib/modules/3.10.0-1160.92.1.el7.x86_64/kernel/net/core/devlink.ko.xz' -> '/tmp/rear.hvWqMGkcXVEGC9y/rootfs/lib/modules/3.10.0-1160.92.1.el7.x86_64/kernel/net/core/devlink.ko.xz'
'/lib/modules/3.10.0-1160.92.1.el7.x86_64/kernel/drivers/net/ethernet/mellanox/mlxsw/mlxsw_core.ko.xz' -> '/tmp/rear.hvWqMGkcXVEGC9y/rootfs/lib/modules/3.10.0-1160.92.1.el7.x86_64/kernel/drivers/net/ethernet/mellanox/mlxsw/mlxsw_core.ko.xz'
'/lib/modules/3.10.0-1160.92.1.el7.x86_64/kernel/drivers/net/ethernet/mellanox/mlxsw/mlxsw_pci.ko.xz' -> '/tmp/rear.hvWqMGkcXVEGC9y/rootfs/lib/modules/3.10.0-1160.92.1.el7.x86_64/kernel/drivers/net/ethernet/mellanox/mlxsw/mlxsw_pci.ko.xz'
'/lib/modules/3.10.0-1160.92.1.el7.x86_64/kernel/net/core/devlink.ko.xz' -> '/tmp/rear.hvWqMGkcXVEGC9y/rootfs/lib/modules/3.10.0-1160.92.1.el7.x86_64/kernel/net/core/devlink.ko.xz'
'/lib/modules/3.10.0-1160.92.1.el7.x86_64/kernel/drivers/net/ethernet/mellanox/mlxfw/mlxfw.ko.xz' -> '/tmp/rear.hvWqMGkcXVEGC9y/rootfs/lib/modules/3.10.0-1160.92.1.el7.x86_64/kernel/drivers/net/ethernet/mellanox/mlxfw/mlxfw.ko.xz'
'/lib/modules/3.10.0-1160.92.1.el7.x86_64/kernel/drivers/net/ethernet/mellanox/mlxsw/mlxsw_core.ko.xz' -> '/tmp/rear.hvWqMGkcXVEGC9y/rootfs/lib/modules/3.10.0-1160.92.1.el7.x86_64/kernel/drivers/net/ethernet/mellanox/mlxsw/mlxsw_core.ko.xz'
'/lib/modules/3.10.0-1160.92.1.el7.x86_64/kernel/drivers/net/ethernet/mellanox/mlxsw/mlxsw_pci.ko.xz' -> '/tmp/rear.hvWqMGkcXVEGC9y/rootfs/lib/modules/3.10.0-1160.92.1.el7.x86_64/kernel/drivers/net/ethernet/mellanox/mlxsw/mlxsw_pci.ko.xz'
'/lib/modules/3.10.0-1160.92.1.el7.x86_64/kernel/drivers/net/ethernet/mellanox/mlxsw/mlxsw_spectrum.ko.xz' -> '/tmp/rear.hvWqMGkcXVEGC9y/rootfs/lib/modules/3.10.0-1160.92.1.el7.x86_64/kernel/drivers/net/ethernet/mellanox/mlxsw/mlxsw_spectrum.ko.xz'
'/lib/modules/3.10.0-1160.92.1.el7.x86_64/kernel/lib/parman.ko.xz' -> '/tmp/rear.hvWqMGkcXVEGC9y/rootfs/lib/modules/3.10.0-1160.92.1.el7.x86_64/kernel/lib/parman.ko.xz'
/lib/modules/3.10.0-1160.92.1.el7.x86_64/kernel/net/802 -> /tmp/rear.hvWqMGkcXVEGC9y/rootfs/lib/modules/3.10.0-1160.92.1.el7.x86_64/kernel/net/802
'/lib/modules/3.10.0-1160.92.1.el7.x86_64/kernel/net/802/stp.ko.xz' -> '/tmp/rear.hvWqMGkcXVEGC9y/rootfs/lib/modules/3.10.0-1160.92.1.el7.x86_64/kernel/net/802/stp.ko.xz'
/lib/modules/3.10.0-1160.92.1.el7.x86_64/kernel/net/bridge -> /tmp/rear.hvWqMGkcXVEGC9y/rootfs/lib/modules/3.10.0-1160.92.1.el7.x86_64/kernel/net/bridge
'/lib/modules/3.10.0-1160.92.1.el7.x86_64/kernel/net/bridge/bridge.ko.xz' -> '/tmp/rear.hvWqMGkcXVEGC9y/rootfs/lib/modules/3.10.0-1160.92.1.el7.x86_64/kernel/net/bridge/bridge.ko.xz'
'/lib/modules/3.10.0-1160.92.1.el7.x86_64/kernel/net/core/devlink.ko.xz' -> '/tmp/rear.hvWqMGkcXVEGC9y/rootfs/lib/modules/3.10.0-1160.92.1.el7.x86_64/kernel/net/core/devlink.ko.xz'
/lib/modules/3.10.0-1160.92.1.el7.x86_64/kernel/net/ipv6 -> /tmp/rear.hvWqMGkcXVEGC9y/rootfs/lib/modules/3.10.0-1160.92.1.el7.x86_64/kernel/net/ipv6
'/lib/modules/3.10.0-1160.92.1.el7.x86_64/kernel/net/ipv6/ip6_tunnel.ko.xz' -> '/tmp/rear.hvWqMGkcXVEGC9y/rootfs/lib/modules/3.10.0-1160.92.1.el7.x86_64/kernel/net/ipv6/ip6_tunnel.ko.xz'
'/lib/modules/3.10.0-1160.92.1.el7.x86_64/kernel/net/ipv6/tunnel6.ko.xz' -> '/tmp/rear.hvWqMGkcXVEGC9y/rootfs/lib/modules/3.10.0-1160.92.1.el7.x86_64/kernel/net/ipv6/tunnel6.ko.xz'
/lib/modules/3.10.0-1160.92.1.el7.x86_64/kernel/net/llc -> /tmp/rear.hvWqMGkcXVEGC9y/rootfs/lib/modules/3.10.0-1160.92.1.el7.x86_64/kernel/net/llc
'/lib/modules/3.10.0-1160.92.1.el7.x86_64/kernel/net/llc/llc.ko.xz' -> '/tmp/rear.hvWqMGkcXVEGC9y/rootfs/lib/modules/3.10.0-1160.92.1.el7.x86_64/kernel/net/llc/llc.ko.xz'
/lib/modules/3.10.0-1160.92.1.el7.x86_64/kernel/net/psample -> /tmp/rear.hvWqMGkcXVEGC9y/rootfs/lib/modules/3.10.0-1160.92.1.el7.x86_64/kernel/net/psample
'/lib/modules/3.10.0-1160.92.1.el7.x86_64/kernel/net/psample/psample.ko.xz' -> '/tmp/rear.hvWqMGkcXVEGC9y/rootfs/lib/modules/3.10.0-1160.92.1.el7.x86_64/kernel/net/psample/psample.ko.xz'
'/lib/modules/3.10.0-1160.92.1.el7.x86_64/kernel/drivers/net/ethernet/mellanox/mlxsw/mlxsw_core.ko.xz' -> '/tmp/rear.hvWqMGkcXVEGC9y/rootfs/lib/modules/3.10.0-1160.92.1.el7.x86_64/kernel/drivers/net/ethernet/mellanox/mlxsw/mlxsw_core.ko.xz'
'/lib/modules/3.10.0-1160.92.1.el7.x86_64/kernel/drivers/net/ethernet/mellanox/mlxsw/mlxsw_pci.ko.xz' -> '/tmp/rear.hvWqMGkcXVEGC9y/rootfs/lib/modules/3.10.0-1160.92.1.el7.x86_64/kernel/drivers/net/ethernet/mellanox/mlxsw/mlxsw_pci.ko.xz'
'/lib/modules/3.10.0-1160.92.1.el7.x86_64/kernel/drivers/net/ethernet/mellanox/mlxsw/mlxsw_switchib.ko.xz' -> '/tmp/rear.hvWqMGkcXVEGC9y/rootfs/lib/modules/3.10.0-1160.92.1.el7.x86_64/kernel/drivers/net/ethernet/mellanox/mlxsw/mlxsw_switchib.ko.xz'
'/lib/modules/3.10.0-1160.92.1.el7.x86_64/kernel/net/core/devlink.ko.xz' -> '/tmp/rear.hvWqMGkcXVEGC9y/rootfs/lib/modules/3.10.0-1160.92.1.el7.x86_64/kernel/net/core/devlink.ko.xz'
'/lib/modules/3.10.0-1160.92.1.el7.x86_64/kernel/drivers/net/ethernet/mellanox/mlxsw/mlxsw_core.ko.xz' -> '/tmp/rear.hvWqMGkcXVEGC9y/rootfs/lib/modules/3.10.0-1160.92.1.el7.x86_64/kernel/drivers/net/ethernet/mellanox/mlxsw/mlxsw_core.ko.xz'
'/lib/modules/3.10.0-1160.92.1.el7.x86_64/kernel/drivers/net/ethernet/mellanox/mlxsw/mlxsw_pci.ko.xz' -> '/tmp/rear.hvWqMGkcXVEGC9y/rootfs/lib/modules/3.10.0-1160.92.1.el7.x86_64/kernel/drivers/net/ethernet/mellanox/mlxsw/mlxsw_pci.ko.xz'
'/lib/modules/3.10.0-1160.92.1.el7.x86_64/kernel/drivers/net/ethernet/mellanox/mlxsw/mlxsw_switchx2.ko.xz' -> '/tmp/rear.hvWqMGkcXVEGC9y/rootfs/lib/modules/3.10.0-1160.92.1.el7.x86_64/kernel/drivers/net/ethernet/mellanox/mlxsw/mlxsw_switchx2.ko.xz'
'/lib/modules/3.10.0-1160.92.1.el7.x86_64/kernel/net/core/devlink.ko.xz' -> '/tmp/rear.hvWqMGkcXVEGC9y/rootfs/lib/modules/3.10.0-1160.92.1.el7.x86_64/kernel/net/core/devlink.ko.xz'
'/lib/modules/3.10.0-1160.92.1.el7.x86_64/kernel/drivers/dca/dca.ko.xz' -> '/tmp/rear.hvWqMGkcXVEGC9y/rootfs/lib/modules/3.10.0-1160.92.1.el7.x86_64/kernel/drivers/dca/dca.ko.xz'
/lib/modules/3.10.0-1160.92.1.el7.x86_64/kernel/drivers/net/ethernet/myricom -> /tmp/rear.hvWqMGkcXVEGC9y/rootfs/lib/modules/3.10.0-1160.92.1.el7.x86_64/kernel/drivers/net/ethernet/myricom
/lib/modules/3.10.0-1160.92.1.el7.x86_64/kernel/drivers/net/ethernet/myricom/myri10ge -> /tmp/rear.hvWqMGkcXVEGC9y/rootfs/lib/modules/3.10.0-1160.92.1.el7.x86_64/kernel/drivers/net/ethernet/myricom/myri10ge
'/lib/modules/3.10.0-1160.92.1.el7.x86_64/kernel/drivers/net/ethernet/myricom/myri10ge/myri10ge.ko.xz' -> '/tmp/rear.hvWqMGkcXVEGC9y/rootfs/lib/modules/3.10.0-1160.92.1.el7.x86_64/kernel/drivers/net/ethernet/myricom/myri10ge/myri10ge.ko.xz'
/lib/modules/3.10.0-1160.92.1.el7.x86_64/kernel/drivers/net/ethernet/netronome -> /tmp/rear.hvWqMGkcXVEGC9y/rootfs/lib/modules/3.10.0-1160.92.1.el7.x86_64/kernel/drivers/net/ethernet/netronome
/lib/modules/3.10.0-1160.92.1.el7.x86_64/kernel/drivers/net/ethernet/netronome/nfp -> /tmp/rear.hvWqMGkcXVEGC9y/rootfs/lib/modules/3.10.0-1160.92.1.el7.x86_64/kernel/drivers/net/ethernet/netronome/nfp
'/lib/modules/3.10.0-1160.92.1.el7.x86_64/kernel/drivers/net/ethernet/netronome/nfp/nfp.ko.xz' -> '/tmp/rear.hvWqMGkcXVEGC9y/rootfs/lib/modules/3.10.0-1160.92.1.el7.x86_64/kernel/drivers/net/ethernet/netronome/nfp/nfp.ko.xz'
'/lib/modules/3.10.0-1160.92.1.el7.x86_64/kernel/net/core/devlink.ko.xz' -> '/tmp/rear.hvWqMGkcXVEGC9y/rootfs/lib/modules/3.10.0-1160.92.1.el7.x86_64/kernel/net/core/devlink.ko.xz'
/lib/modules/3.10.0-1160.92.1.el7.x86_64/kernel/drivers/net/ethernet/oki-semi -> /tmp/rear.hvWqMGkcXVEGC9y/rootfs/lib/modules/3.10.0-1160.92.1.el7.x86_64/kernel/drivers/net/ethernet/oki-semi
/lib/modules/3.10.0-1160.92.1.el7.x86_64/kernel/drivers/net/ethernet/oki-semi/pch_gbe -> /tmp/rear.hvWqMGkcXVEGC9y/rootfs/lib/modules/3.10.0-1160.92.1.el7.x86_64/kernel/drivers/net/ethernet/oki-semi/pch_gbe
'/lib/modules/3.10.0-1160.92.1.el7.x86_64/kernel/drivers/net/ethernet/oki-semi/pch_gbe/pch_gbe.ko.xz' -> '/tmp/rear.hvWqMGkcXVEGC9y/rootfs/lib/modules/3.10.0-1160.92.1.el7.x86_64/kernel/drivers/net/ethernet/oki-semi/pch_gbe/pch_gbe.ko.xz'
'/lib/modules/3.10.0-1160.92.1.el7.x86_64/kernel/drivers/net/mii.ko.xz' -> '/tmp/rear.hvWqMGkcXVEGC9y/rootfs/lib/modules/3.10.0-1160.92.1.el7.x86_64/kernel/drivers/net/mii.ko.xz'
'/lib/modules/3.10.0-1160.92.1.el7.x86_64/kernel/drivers/pps/pps_core.ko.xz' -> '/tmp/rear.hvWqMGkcXVEGC9y/rootfs/lib/modules/3.10.0-1160.92.1.el7.x86_64/kernel/drivers/pps/pps_core.ko.xz'
'/lib/modules/3.10.0-1160.92.1.el7.x86_64/kernel/drivers/ptp/ptp.ko.xz' -> '/tmp/rear.hvWqMGkcXVEGC9y/rootfs/lib/modules/3.10.0-1160.92.1.el7.x86_64/kernel/drivers/ptp/ptp.ko.xz'
'/lib/modules/3.10.0-1160.92.1.el7.x86_64/kernel/drivers/ptp/ptp_pch.ko.xz' -> '/tmp/rear.hvWqMGkcXVEGC9y/rootfs/lib/modules/3.10.0-1160.92.1.el7.x86_64/kernel/drivers/ptp/ptp_pch.ko.xz'
/lib/modules/3.10.0-1160.92.1.el7.x86_64/kernel/drivers/net/ethernet/qlogic/netxen -> /tmp/rear.hvWqMGkcXVEGC9y/rootfs/lib/modules/3.10.0-1160.92.1.el7.x86_64/kernel/drivers/net/ethernet/qlogic/netxen
'/lib/modules/3.10.0-1160.92.1.el7.x86_64/kernel/drivers/net/ethernet/qlogic/netxen/netxen_nic.ko.xz' -> '/tmp/rear.hvWqMGkcXVEGC9y/rootfs/lib/modules/3.10.0-1160.92.1.el7.x86_64/kernel/drivers/net/ethernet/qlogic/netxen/netxen_nic.ko.xz'
'/lib/modules/3.10.0-1160.92.1.el7.x86_64/kernel/drivers/net/ethernet/qlogic/qed/qed.ko.xz' -> '/tmp/rear.hvWqMGkcXVEGC9y/rootfs/lib/modules/3.10.0-1160.92.1.el7.x86_64/kernel/drivers/net/ethernet/qlogic/qed/qed.ko.xz'
'/lib/modules/3.10.0-1160.92.1.el7.x86_64/kernel/lib/crc8.ko.xz' -> '/tmp/rear.hvWqMGkcXVEGC9y/rootfs/lib/modules/3.10.0-1160.92.1.el7.x86_64/kernel/lib/crc8.ko.xz'
'/lib/modules/3.10.0-1160.92.1.el7.x86_64/kernel/drivers/net/ethernet/qlogic/qed/qed.ko.xz' -> '/tmp/rear.hvWqMGkcXVEGC9y/rootfs/lib/modules/3.10.0-1160.92.1.el7.x86_64/kernel/drivers/net/ethernet/qlogic/qed/qed.ko.xz'
/lib/modules/3.10.0-1160.92.1.el7.x86_64/kernel/drivers/net/ethernet/qlogic/qede -> /tmp/rear.hvWqMGkcXVEGC9y/rootfs/lib/modules/3.10.0-1160.92.1.el7.x86_64/kernel/drivers/net/ethernet/qlogic/qede
'/lib/modules/3.10.0-1160.92.1.el7.x86_64/kernel/drivers/net/ethernet/qlogic/qede/qede.ko.xz' -> '/tmp/rear.hvWqMGkcXVEGC9y/rootfs/lib/modules/3.10.0-1160.92.1.el7.x86_64/kernel/drivers/net/ethernet/qlogic/qede/qede.ko.xz'
'/lib/modules/3.10.0-1160.92.1.el7.x86_64/kernel/drivers/pps/pps_core.ko.xz' -> '/tmp/rear.hvWqMGkcXVEGC9y/rootfs/lib/modules/3.10.0-1160.92.1.el7.x86_64/kernel/drivers/pps/pps_core.ko.xz'
'/lib/modules/3.10.0-1160.92.1.el7.x86_64/kernel/drivers/ptp/ptp.ko.xz' -> '/tmp/rear.hvWqMGkcXVEGC9y/rootfs/lib/modules/3.10.0-1160.92.1.el7.x86_64/kernel/drivers/ptp/ptp.ko.xz'
'/lib/modules/3.10.0-1160.92.1.el7.x86_64/kernel/lib/crc8.ko.xz' -> '/tmp/rear.hvWqMGkcXVEGC9y/rootfs/lib/modules/3.10.0-1160.92.1.el7.x86_64/kernel/lib/crc8.ko.xz'
'/lib/modules/3.10.0-1160.92.1.el7.x86_64/kernel/drivers/net/ethernet/qlogic/qla3xxx.ko.xz' -> '/tmp/rear.hvWqMGkcXVEGC9y/rootfs/lib/modules/3.10.0-1160.92.1.el7.x86_64/kernel/drivers/net/ethernet/qlogic/qla3xxx.ko.xz'
/lib/modules/3.10.0-1160.92.1.el7.x86_64/kernel/drivers/net/ethernet/qlogic/qlcnic -> /tmp/rear.hvWqMGkcXVEGC9y/rootfs/lib/modules/3.10.0-1160.92.1.el7.x86_64/kernel/drivers/net/ethernet/qlogic/qlcnic
'/lib/modules/3.10.0-1160.92.1.el7.x86_64/kernel/drivers/net/ethernet/qlogic/qlcnic/qlcnic.ko.xz' -> '/tmp/rear.hvWqMGkcXVEGC9y/rootfs/lib/modules/3.10.0-1160.92.1.el7.x86_64/kernel/drivers/net/ethernet/qlogic/qlcnic/qlcnic.ko.xz'
/lib/modules/3.10.0-1160.92.1.el7.x86_64/kernel/drivers/net/ethernet/qlogic/qlge -> /tmp/rear.hvWqMGkcXVEGC9y/rootfs/lib/modules/3.10.0-1160.92.1.el7.x86_64/kernel/drivers/net/ethernet/qlogic/qlge
'/lib/modules/3.10.0-1160.92.1.el7.x86_64/kernel/drivers/net/ethernet/qlogic/qlge/qlge.ko.xz' -> '/tmp/rear.hvWqMGkcXVEGC9y/rootfs/lib/modules/3.10.0-1160.92.1.el7.x86_64/kernel/drivers/net/ethernet/qlogic/qlge/qlge.ko.xz'
/lib/modules/3.10.0-1160.92.1.el7.x86_64/kernel/drivers/net/ethernet/realtek -> /tmp/rear.hvWqMGkcXVEGC9y/rootfs/lib/modules/3.10.0-1160.92.1.el7.x86_64/kernel/drivers/net/ethernet/realtek
'/lib/modules/3.10.0-1160.92.1.el7.x86_64/kernel/drivers/net/ethernet/realtek/8139cp.ko.xz' -> '/tmp/rear.hvWqMGkcXVEGC9y/rootfs/lib/modules/3.10.0-1160.92.1.el7.x86_64/kernel/drivers/net/ethernet/realtek/8139cp.ko.xz'
'/lib/modules/3.10.0-1160.92.1.el7.x86_64/kernel/drivers/net/mii.ko.xz' -> '/tmp/rear.hvWqMGkcXVEGC9y/rootfs/lib/modules/3.10.0-1160.92.1.el7.x86_64/kernel/drivers/net/mii.ko.xz'
'/lib/modules/3.10.0-1160.92.1.el7.x86_64/kernel/drivers/net/ethernet/realtek/8139too.ko.xz' -> '/tmp/rear.hvWqMGkcXVEGC9y/rootfs/lib/modules/3.10.0-1160.92.1.el7.x86_64/kernel/drivers/net/ethernet/realtek/8139too.ko.xz'
'/lib/modules/3.10.0-1160.92.1.el7.x86_64/kernel/drivers/net/mii.ko.xz' -> '/tmp/rear.hvWqMGkcXVEGC9y/rootfs/lib/modules/3.10.0-1160.92.1.el7.x86_64/kernel/drivers/net/mii.ko.xz'
'/lib/modules/3.10.0-1160.92.1.el7.x86_64/kernel/drivers/net/ethernet/realtek/r8169.ko.xz' -> '/tmp/rear.hvWqMGkcXVEGC9y/rootfs/lib/modules/3.10.0-1160.92.1.el7.x86_64/kernel/drivers/net/ethernet/realtek/r8169.ko.xz'
/lib/modules/3.10.0-1160.92.1.el7.x86_64/kernel/drivers/net/ethernet/rocker -> /tmp/rear.hvWqMGkcXVEGC9y/rootfs/lib/modules/3.10.0-1160.92.1.el7.x86_64/kernel/drivers/net/ethernet/rocker
'/lib/modules/3.10.0-1160.92.1.el7.x86_64/kernel/drivers/net/ethernet/rocker/rocker.ko.xz' -> '/tmp/rear.hvWqMGkcXVEGC9y/rootfs/lib/modules/3.10.0-1160.92.1.el7.x86_64/kernel/drivers/net/ethernet/rocker/rocker.ko.xz'
'/lib/modules/3.10.0-1160.92.1.el7.x86_64/kernel/drivers/i2c/algos/i2c-algo-bit.ko.xz' -> '/tmp/rear.hvWqMGkcXVEGC9y/rootfs/lib/modules/3.10.0-1160.92.1.el7.x86_64/kernel/drivers/i2c/algos/i2c-algo-bit.ko.xz'
/lib/modules/3.10.0-1160.92.1.el7.x86_64/kernel/drivers/mtd -> /tmp/rear.hvWqMGkcXVEGC9y/rootfs/lib/modules/3.10.0-1160.92.1.el7.x86_64/kernel/drivers/mtd
'/lib/modules/3.10.0-1160.92.1.el7.x86_64/kernel/drivers/mtd/mtd.ko.xz' -> '/tmp/rear.hvWqMGkcXVEGC9y/rootfs/lib/modules/3.10.0-1160.92.1.el7.x86_64/kernel/drivers/mtd/mtd.ko.xz'
/lib/modules/3.10.0-1160.92.1.el7.x86_64/kernel/drivers/net/ethernet/sfc -> /tmp/rear.hvWqMGkcXVEGC9y/rootfs/lib/modules/3.10.0-1160.92.1.el7.x86_64/kernel/drivers/net/ethernet/sfc
/lib/modules/3.10.0-1160.92.1.el7.x86_64/kernel/drivers/net/ethernet/sfc/falcon -> /tmp/rear.hvWqMGkcXVEGC9y/rootfs/lib/modules/3.10.0-1160.92.1.el7.x86_64/kernel/drivers/net/ethernet/sfc/falcon
'/lib/modules/3.10.0-1160.92.1.el7.x86_64/kernel/drivers/net/ethernet/sfc/falcon/sfc-falcon.ko.xz' -> '/tmp/rear.hvWqMGkcXVEGC9y/rootfs/lib/modules/3.10.0-1160.92.1.el7.x86_64/kernel/drivers/net/ethernet/sfc/falcon/sfc-falcon.ko.xz'
'/lib/modules/3.10.0-1160.92.1.el7.x86_64/kernel/drivers/net/mdio.ko.xz' -> '/tmp/rear.hvWqMGkcXVEGC9y/rootfs/lib/modules/3.10.0-1160.92.1.el7.x86_64/kernel/drivers/net/mdio.ko.xz'
'/lib/modules/3.10.0-1160.92.1.el7.x86_64/kernel/drivers/mtd/mtd.ko.xz' -> '/tmp/rear.hvWqMGkcXVEGC9y/rootfs/lib/modules/3.10.0-1160.92.1.el7.x86_64/kernel/drivers/mtd/mtd.ko.xz'
'/lib/modules/3.10.0-1160.92.1.el7.x86_64/kernel/drivers/net/ethernet/sfc/sfc.ko.xz' -> '/tmp/rear.hvWqMGkcXVEGC9y/rootfs/lib/modules/3.10.0-1160.92.1.el7.x86_64/kernel/drivers/net/ethernet/sfc/sfc.ko.xz'
'/lib/modules/3.10.0-1160.92.1.el7.x86_64/kernel/drivers/net/mdio.ko.xz' -> '/tmp/rear.hvWqMGkcXVEGC9y/rootfs/lib/modules/3.10.0-1160.92.1.el7.x86_64/kernel/drivers/net/mdio.ko.xz'
'/lib/modules/3.10.0-1160.92.1.el7.x86_64/kernel/drivers/pps/pps_core.ko.xz' -> '/tmp/rear.hvWqMGkcXVEGC9y/rootfs/lib/modules/3.10.0-1160.92.1.el7.x86_64/kernel/drivers/pps/pps_core.ko.xz'
'/lib/modules/3.10.0-1160.92.1.el7.x86_64/kernel/drivers/ptp/ptp.ko.xz' -> '/tmp/rear.hvWqMGkcXVEGC9y/rootfs/lib/modules/3.10.0-1160.92.1.el7.x86_64/kernel/drivers/ptp/ptp.ko.xz'
/lib/modules/3.10.0-1160.92.1.el7.x86_64/kernel/drivers/net/ethernet/smsc -> /tmp/rear.hvWqMGkcXVEGC9y/rootfs/lib/modules/3.10.0-1160.92.1.el7.x86_64/kernel/drivers/net/ethernet/smsc
'/lib/modules/3.10.0-1160.92.1.el7.x86_64/kernel/drivers/net/ethernet/smsc/epic100.ko.xz' -> '/tmp/rear.hvWqMGkcXVEGC9y/rootfs/lib/modules/3.10.0-1160.92.1.el7.x86_64/kernel/drivers/net/ethernet/smsc/epic100.ko.xz'
'/lib/modules/3.10.0-1160.92.1.el7.x86_64/kernel/drivers/net/mii.ko.xz' -> '/tmp/rear.hvWqMGkcXVEGC9y/rootfs/lib/modules/3.10.0-1160.92.1.el7.x86_64/kernel/drivers/net/mii.ko.xz'
'/lib/modules/3.10.0-1160.92.1.el7.x86_64/kernel/drivers/net/ethernet/smsc/smsc9420.ko.xz' -> '/tmp/rear.hvWqMGkcXVEGC9y/rootfs/lib/modules/3.10.0-1160.92.1.el7.x86_64/kernel/drivers/net/ethernet/smsc/smsc9420.ko.xz'
/lib/modules/3.10.0-1160.92.1.el7.x86_64/kernel/drivers/net/ethernet/ti -> /tmp/rear.hvWqMGkcXVEGC9y/rootfs/lib/modules/3.10.0-1160.92.1.el7.x86_64/kernel/drivers/net/ethernet/ti
'/lib/modules/3.10.0-1160.92.1.el7.x86_64/kernel/drivers/net/ethernet/ti/tlan.ko.xz' -> '/tmp/rear.hvWqMGkcXVEGC9y/rootfs/lib/modules/3.10.0-1160.92.1.el7.x86_64/kernel/drivers/net/ethernet/ti/tlan.ko.xz'
/lib/modules/3.10.0-1160.92.1.el7.x86_64/kernel/drivers/net/fjes -> /tmp/rear.hvWqMGkcXVEGC9y/rootfs/lib/modules/3.10.0-1160.92.1.el7.x86_64/kernel/drivers/net/fjes
'/lib/modules/3.10.0-1160.92.1.el7.x86_64/kernel/drivers/net/fjes/fjes.ko.xz' -> '/tmp/rear.hvWqMGkcXVEGC9y/rootfs/lib/modules/3.10.0-1160.92.1.el7.x86_64/kernel/drivers/net/fjes/fjes.ko.xz'
'/lib/modules/3.10.0-1160.92.1.el7.x86_64/kernel/drivers/net/geneve.ko.xz' -> '/tmp/rear.hvWqMGkcXVEGC9y/rootfs/lib/modules/3.10.0-1160.92.1.el7.x86_64/kernel/drivers/net/geneve.ko.xz'
/lib/modules/3.10.0-1160.92.1.el7.x86_64/kernel/net/ipv4 -> /tmp/rear.hvWqMGkcXVEGC9y/rootfs/lib/modules/3.10.0-1160.92.1.el7.x86_64/kernel/net/ipv4
'/lib/modules/3.10.0-1160.92.1.el7.x86_64/kernel/net/ipv4/udp_tunnel.ko.xz' -> '/tmp/rear.hvWqMGkcXVEGC9y/rootfs/lib/modules/3.10.0-1160.92.1.el7.x86_64/kernel/net/ipv4/udp_tunnel.ko.xz'
'/lib/modules/3.10.0-1160.92.1.el7.x86_64/kernel/net/ipv6/ip6_udp_tunnel.ko.xz' -> '/tmp/rear.hvWqMGkcXVEGC9y/rootfs/lib/modules/3.10.0-1160.92.1.el7.x86_64/kernel/net/ipv6/ip6_udp_tunnel.ko.xz'
'/lib/modules/3.10.0-1160.92.1.el7.x86_64/kernel/drivers/hv/hv_vmbus.ko.xz' -> '/tmp/rear.hvWqMGkcXVEGC9y/rootfs/lib/modules/3.10.0-1160.92.1.el7.x86_64/kernel/drivers/hv/hv_vmbus.ko.xz'
/lib/modules/3.10.0-1160.92.1.el7.x86_64/kernel/drivers/net/hyperv -> /tmp/rear.hvWqMGkcXVEGC9y/rootfs/lib/modules/3.10.0-1160.92.1.el7.x86_64/kernel/drivers/net/hyperv
'/lib/modules/3.10.0-1160.92.1.el7.x86_64/kernel/drivers/net/hyperv/hv_netvsc.ko.xz' -> '/tmp/rear.hvWqMGkcXVEGC9y/rootfs/lib/modules/3.10.0-1160.92.1.el7.x86_64/kernel/drivers/net/hyperv/hv_netvsc.ko.xz'
/lib/modules/3.10.0-1160.92.1.el7.x86_64/kernel/drivers/net/ieee802154 -> /tmp/rear.hvWqMGkcXVEGC9y/rootfs/lib/modules/3.10.0-1160.92.1.el7.x86_64/kernel/drivers/net/ieee802154
'/lib/modules/3.10.0-1160.92.1.el7.x86_64/kernel/drivers/net/ieee802154/fakelb.ko.xz' -> '/tmp/rear.hvWqMGkcXVEGC9y/rootfs/lib/modules/3.10.0-1160.92.1.el7.x86_64/kernel/drivers/net/ieee802154/fakelb.ko.xz'
'/lib/modules/3.10.0-1160.92.1.el7.x86_64/kernel/lib/crc-ccitt.ko.xz' -> '/tmp/rear.hvWqMGkcXVEGC9y/rootfs/lib/modules/3.10.0-1160.92.1.el7.x86_64/kernel/lib/crc-ccitt.ko.xz'
/lib/modules/3.10.0-1160.92.1.el7.x86_64/kernel/net/ieee802154 -> /tmp/rear.hvWqMGkcXVEGC9y/rootfs/lib/modules/3.10.0-1160.92.1.el7.x86_64/kernel/net/ieee802154
'/lib/modules/3.10.0-1160.92.1.el7.x86_64/kernel/net/ieee802154/ieee802154.ko.xz' -> '/tmp/rear.hvWqMGkcXVEGC9y/rootfs/lib/modules/3.10.0-1160.92.1.el7.x86_64/kernel/net/ieee802154/ieee802154.ko.xz'
/lib/modules/3.10.0-1160.92.1.el7.x86_64/kernel/net/mac802154 -> /tmp/rear.hvWqMGkcXVEGC9y/rootfs/lib/modules/3.10.0-1160.92.1.el7.x86_64/kernel/net/mac802154
'/lib/modules/3.10.0-1160.92.1.el7.x86_64/kernel/net/mac802154/mac802154.ko.xz' -> '/tmp/rear.hvWqMGkcXVEGC9y/rootfs/lib/modules/3.10.0-1160.92.1.el7.x86_64/kernel/net/mac802154/mac802154.ko.xz'
'/lib/modules/3.10.0-1160.92.1.el7.x86_64/kernel/drivers/net/ifb.ko.xz' -> '/tmp/rear.hvWqMGkcXVEGC9y/rootfs/lib/modules/3.10.0-1160.92.1.el7.x86_64/kernel/drivers/net/ifb.ko.xz'
'/lib/modules/3.10.0-1160.92.1.el7.x86_64/kernel/drivers/net/macsec.ko.xz' -> '/tmp/rear.hvWqMGkcXVEGC9y/rootfs/lib/modules/3.10.0-1160.92.1.el7.x86_64/kernel/drivers/net/macsec.ko.xz'
'/lib/modules/3.10.0-1160.92.1.el7.x86_64/kernel/drivers/net/macvlan.ko.xz' -> '/tmp/rear.hvWqMGkcXVEGC9y/rootfs/lib/modules/3.10.0-1160.92.1.el7.x86_64/kernel/drivers/net/macvlan.ko.xz'
'/lib/modules/3.10.0-1160.92.1.el7.x86_64/kernel/drivers/net/macvlan.ko.xz' -> '/tmp/rear.hvWqMGkcXVEGC9y/rootfs/lib/modules/3.10.0-1160.92.1.el7.x86_64/kernel/drivers/net/macvlan.ko.xz'
'/lib/modules/3.10.0-1160.92.1.el7.x86_64/kernel/drivers/net/macvtap.ko.xz' -> '/tmp/rear.hvWqMGkcXVEGC9y/rootfs/lib/modules/3.10.0-1160.92.1.el7.x86_64/kernel/drivers/net/macvtap.ko.xz'
'/lib/modules/3.10.0-1160.92.1.el7.x86_64/kernel/drivers/net/mdio.ko.xz' -> '/tmp/rear.hvWqMGkcXVEGC9y/rootfs/lib/modules/3.10.0-1160.92.1.el7.x86_64/kernel/drivers/net/mdio.ko.xz'
'/lib/modules/3.10.0-1160.92.1.el7.x86_64/kernel/drivers/net/mii.ko.xz' -> '/tmp/rear.hvWqMGkcXVEGC9y/rootfs/lib/modules/3.10.0-1160.92.1.el7.x86_64/kernel/drivers/net/mii.ko.xz'
'/lib/modules/3.10.0-1160.92.1.el7.x86_64/kernel/drivers/net/net_failover.ko.xz' -> '/tmp/rear.hvWqMGkcXVEGC9y/rootfs/lib/modules/3.10.0-1160.92.1.el7.x86_64/kernel/drivers/net/net_failover.ko.xz'
'/lib/modules/3.10.0-1160.92.1.el7.x86_64/kernel/net/core/failover.ko.xz' -> '/tmp/rear.hvWqMGkcXVEGC9y/rootfs/lib/modules/3.10.0-1160.92.1.el7.x86_64/kernel/net/core/failover.ko.xz'
'/lib/modules/3.10.0-1160.92.1.el7.x86_64/kernel/drivers/net/netconsole.ko.xz' -> '/tmp/rear.hvWqMGkcXVEGC9y/rootfs/lib/modules/3.10.0-1160.92.1.el7.x86_64/kernel/drivers/net/netconsole.ko.xz'
'/lib/modules/3.10.0-1160.92.1.el7.x86_64/kernel/drivers/net/nlmon.ko.xz' -> '/tmp/rear.hvWqMGkcXVEGC9y/rootfs/lib/modules/3.10.0-1160.92.1.el7.x86_64/kernel/drivers/net/nlmon.ko.xz'
'/lib/modules/3.10.0-1160.92.1.el7.x86_64/kernel/drivers/net/ntb_netdev.ko.xz' -> '/tmp/rear.hvWqMGkcXVEGC9y/rootfs/lib/modules/3.10.0-1160.92.1.el7.x86_64/kernel/drivers/net/ntb_netdev.ko.xz'
/lib/modules/3.10.0-1160.92.1.el7.x86_64/kernel/drivers/ntb -> /tmp/rear.hvWqMGkcXVEGC9y/rootfs/lib/modules/3.10.0-1160.92.1.el7.x86_64/kernel/drivers/ntb
'/lib/modules/3.10.0-1160.92.1.el7.x86_64/kernel/drivers/ntb/ntb.ko.xz' -> '/tmp/rear.hvWqMGkcXVEGC9y/rootfs/lib/modules/3.10.0-1160.92.1.el7.x86_64/kernel/drivers/ntb/ntb.ko.xz'
'/lib/modules/3.10.0-1160.92.1.el7.x86_64/kernel/drivers/ntb/ntb_transport.ko.xz' -> '/tmp/rear.hvWqMGkcXVEGC9y/rootfs/lib/modules/3.10.0-1160.92.1.el7.x86_64/kernel/drivers/ntb/ntb_transport.ko.xz'
/lib/modules/3.10.0-1160.92.1.el7.x86_64/kernel/drivers/net/phy -> /tmp/rear.hvWqMGkcXVEGC9y/rootfs/lib/modules/3.10.0-1160.92.1.el7.x86_64/kernel/drivers/net/phy
'/lib/modules/3.10.0-1160.92.1.el7.x86_64/kernel/drivers/net/phy/amd.ko.xz' -> '/tmp/rear.hvWqMGkcXVEGC9y/rootfs/lib/modules/3.10.0-1160.92.1.el7.x86_64/kernel/drivers/net/phy/amd.ko.xz'
'/lib/modules/3.10.0-1160.92.1.el7.x86_64/kernel/drivers/net/phy/at803x.ko.xz' -> '/tmp/rear.hvWqMGkcXVEGC9y/rootfs/lib/modules/3.10.0-1160.92.1.el7.x86_64/kernel/drivers/net/phy/at803x.ko.xz'
'/lib/modules/3.10.0-1160.92.1.el7.x86_64/kernel/drivers/net/phy/bcm87xx.ko.xz' -> '/tmp/rear.hvWqMGkcXVEGC9y/rootfs/lib/modules/3.10.0-1160.92.1.el7.x86_64/kernel/drivers/net/phy/bcm87xx.ko.xz'
'/lib/modules/3.10.0-1160.92.1.el7.x86_64/kernel/drivers/net/phy/broadcom.ko.xz' -> '/tmp/rear.hvWqMGkcXVEGC9y/rootfs/lib/modules/3.10.0-1160.92.1.el7.x86_64/kernel/drivers/net/phy/broadcom.ko.xz'
'/lib/modules/3.10.0-1160.92.1.el7.x86_64/kernel/drivers/net/phy/cicada.ko.xz' -> '/tmp/rear.hvWqMGkcXVEGC9y/rootfs/lib/modules/3.10.0-1160.92.1.el7.x86_64/kernel/drivers/net/phy/cicada.ko.xz'
'/lib/modules/3.10.0-1160.92.1.el7.x86_64/kernel/drivers/net/phy/davicom.ko.xz' -> '/tmp/rear.hvWqMGkcXVEGC9y/rootfs/lib/modules/3.10.0-1160.92.1.el7.x86_64/kernel/drivers/net/phy/davicom.ko.xz'
'/lib/modules/3.10.0-1160.92.1.el7.x86_64/kernel/drivers/net/phy/dp83640.ko.xz' -> '/tmp/rear.hvWqMGkcXVEGC9y/rootfs/lib/modules/3.10.0-1160.92.1.el7.x86_64/kernel/drivers/net/phy/dp83640.ko.xz'
'/lib/modules/3.10.0-1160.92.1.el7.x86_64/kernel/drivers/pps/pps_core.ko.xz' -> '/tmp/rear.hvWqMGkcXVEGC9y/rootfs/lib/modules/3.10.0-1160.92.1.el7.x86_64/kernel/drivers/pps/pps_core.ko.xz'
'/lib/modules/3.10.0-1160.92.1.el7.x86_64/kernel/drivers/ptp/ptp.ko.xz' -> '/tmp/rear.hvWqMGkcXVEGC9y/rootfs/lib/modules/3.10.0-1160.92.1.el7.x86_64/kernel/drivers/ptp/ptp.ko.xz'
'/lib/modules/3.10.0-1160.92.1.el7.x86_64/kernel/drivers/net/phy/et1011c.ko.xz' -> '/tmp/rear.hvWqMGkcXVEGC9y/rootfs/lib/modules/3.10.0-1160.92.1.el7.x86_64/kernel/drivers/net/phy/et1011c.ko.xz'
'/lib/modules/3.10.0-1160.92.1.el7.x86_64/kernel/drivers/net/phy/icplus.ko.xz' -> '/tmp/rear.hvWqMGkcXVEGC9y/rootfs/lib/modules/3.10.0-1160.92.1.el7.x86_64/kernel/drivers/net/phy/icplus.ko.xz'
'/lib/modules/3.10.0-1160.92.1.el7.x86_64/kernel/drivers/net/phy/lxt.ko.xz' -> '/tmp/rear.hvWqMGkcXVEGC9y/rootfs/lib/modules/3.10.0-1160.92.1.el7.x86_64/kernel/drivers/net/phy/lxt.ko.xz'
'/lib/modules/3.10.0-1160.92.1.el7.x86_64/kernel/drivers/net/phy/marvell.ko.xz' -> '/tmp/rear.hvWqMGkcXVEGC9y/rootfs/lib/modules/3.10.0-1160.92.1.el7.x86_64/kernel/drivers/net/phy/marvell.ko.xz'
'/lib/modules/3.10.0-1160.92.1.el7.x86_64/kernel/drivers/net/phy/mdio-bitbang.ko.xz' -> '/tmp/rear.hvWqMGkcXVEGC9y/rootfs/lib/modules/3.10.0-1160.92.1.el7.x86_64/kernel/drivers/net/phy/mdio-bitbang.ko.xz'
'/lib/modules/3.10.0-1160.92.1.el7.x86_64/kernel/drivers/net/phy/micrel.ko.xz' -> '/tmp/rear.hvWqMGkcXVEGC9y/rootfs/lib/modules/3.10.0-1160.92.1.el7.x86_64/kernel/drivers/net/phy/micrel.ko.xz'
'/lib/modules/3.10.0-1160.92.1.el7.x86_64/kernel/drivers/net/phy/national.ko.xz' -> '/tmp/rear.hvWqMGkcXVEGC9y/rootfs/lib/modules/3.10.0-1160.92.1.el7.x86_64/kernel/drivers/net/phy/national.ko.xz'
'/lib/modules/3.10.0-1160.92.1.el7.x86_64/kernel/drivers/net/phy/qsemi.ko.xz' -> '/tmp/rear.hvWqMGkcXVEGC9y/rootfs/lib/modules/3.10.0-1160.92.1.el7.x86_64/kernel/drivers/net/phy/qsemi.ko.xz'
'/lib/modules/3.10.0-1160.92.1.el7.x86_64/kernel/drivers/net/phy/smsc.ko.xz' -> '/tmp/rear.hvWqMGkcXVEGC9y/rootfs/lib/modules/3.10.0-1160.92.1.el7.x86_64/kernel/drivers/net/phy/smsc.ko.xz'
'/lib/modules/3.10.0-1160.92.1.el7.x86_64/kernel/drivers/net/phy/ste10Xp.ko.xz' -> '/tmp/rear.hvWqMGkcXVEGC9y/rootfs/lib/modules/3.10.0-1160.92.1.el7.x86_64/kernel/drivers/net/phy/ste10Xp.ko.xz'
'/lib/modules/3.10.0-1160.92.1.el7.x86_64/kernel/drivers/net/phy/vitesse.ko.xz' -> '/tmp/rear.hvWqMGkcXVEGC9y/rootfs/lib/modules/3.10.0-1160.92.1.el7.x86_64/kernel/drivers/net/phy/vitesse.ko.xz'
/lib/modules/3.10.0-1160.92.1.el7.x86_64/kernel/drivers/net/ppp -> /tmp/rear.hvWqMGkcXVEGC9y/rootfs/lib/modules/3.10.0-1160.92.1.el7.x86_64/kernel/drivers/net/ppp
'/lib/modules/3.10.0-1160.92.1.el7.x86_64/kernel/drivers/net/ppp/bsd_comp.ko.xz' -> '/tmp/rear.hvWqMGkcXVEGC9y/rootfs/lib/modules/3.10.0-1160.92.1.el7.x86_64/kernel/drivers/net/ppp/bsd_comp.ko.xz'
'/lib/modules/3.10.0-1160.92.1.el7.x86_64/kernel/drivers/net/ppp/ppp_generic.ko.xz' -> '/tmp/rear.hvWqMGkcXVEGC9y/rootfs/lib/modules/3.10.0-1160.92.1.el7.x86_64/kernel/drivers/net/ppp/ppp_generic.ko.xz'
/lib/modules/3.10.0-1160.92.1.el7.x86_64/kernel/drivers/net/slip -> /tmp/rear.hvWqMGkcXVEGC9y/rootfs/lib/modules/3.10.0-1160.92.1.el7.x86_64/kernel/drivers/net/slip
'/lib/modules/3.10.0-1160.92.1.el7.x86_64/kernel/drivers/net/slip/slhc.ko.xz' -> '/tmp/rear.hvWqMGkcXVEGC9y/rootfs/lib/modules/3.10.0-1160.92.1.el7.x86_64/kernel/drivers/net/slip/slhc.ko.xz'
'/lib/modules/3.10.0-1160.92.1.el7.x86_64/kernel/drivers/net/ppp/ppp_async.ko.xz' -> '/tmp/rear.hvWqMGkcXVEGC9y/rootfs/lib/modules/3.10.0-1160.92.1.el7.x86_64/kernel/drivers/net/ppp/ppp_async.ko.xz'
'/lib/modules/3.10.0-1160.92.1.el7.x86_64/kernel/drivers/net/ppp/ppp_generic.ko.xz' -> '/tmp/rear.hvWqMGkcXVEGC9y/rootfs/lib/modules/3.10.0-1160.92.1.el7.x86_64/kernel/drivers/net/ppp/ppp_generic.ko.xz'
'/lib/modules/3.10.0-1160.92.1.el7.x86_64/kernel/drivers/net/slip/slhc.ko.xz' -> '/tmp/rear.hvWqMGkcXVEGC9y/rootfs/lib/modules/3.10.0-1160.92.1.el7.x86_64/kernel/drivers/net/slip/slhc.ko.xz'
'/lib/modules/3.10.0-1160.92.1.el7.x86_64/kernel/lib/crc-ccitt.ko.xz' -> '/tmp/rear.hvWqMGkcXVEGC9y/rootfs/lib/modules/3.10.0-1160.92.1.el7.x86_64/kernel/lib/crc-ccitt.ko.xz'
'/lib/modules/3.10.0-1160.92.1.el7.x86_64/kernel/drivers/net/ppp/ppp_deflate.ko.xz' -> '/tmp/rear.hvWqMGkcXVEGC9y/rootfs/lib/modules/3.10.0-1160.92.1.el7.x86_64/kernel/drivers/net/ppp/ppp_deflate.ko.xz'
'/lib/modules/3.10.0-1160.92.1.el7.x86_64/kernel/drivers/net/ppp/ppp_generic.ko.xz' -> '/tmp/rear.hvWqMGkcXVEGC9y/rootfs/lib/modules/3.10.0-1160.92.1.el7.x86_64/kernel/drivers/net/ppp/ppp_generic.ko.xz'
'/lib/modules/3.10.0-1160.92.1.el7.x86_64/kernel/drivers/net/slip/slhc.ko.xz' -> '/tmp/rear.hvWqMGkcXVEGC9y/rootfs/lib/modules/3.10.0-1160.92.1.el7.x86_64/kernel/drivers/net/slip/slhc.ko.xz'
'/lib/modules/3.10.0-1160.92.1.el7.x86_64/kernel/drivers/net/ppp/ppp_generic.ko.xz' -> '/tmp/rear.hvWqMGkcXVEGC9y/rootfs/lib/modules/3.10.0-1160.92.1.el7.x86_64/kernel/drivers/net/ppp/ppp_generic.ko.xz'
'/lib/modules/3.10.0-1160.92.1.el7.x86_64/kernel/drivers/net/slip/slhc.ko.xz' -> '/tmp/rear.hvWqMGkcXVEGC9y/rootfs/lib/modules/3.10.0-1160.92.1.el7.x86_64/kernel/drivers/net/slip/slhc.ko.xz'
'/lib/modules/3.10.0-1160.92.1.el7.x86_64/kernel/drivers/net/ppp/ppp_generic.ko.xz' -> '/tmp/rear.hvWqMGkcXVEGC9y/rootfs/lib/modules/3.10.0-1160.92.1.el7.x86_64/kernel/drivers/net/ppp/ppp_generic.ko.xz'
'/lib/modules/3.10.0-1160.92.1.el7.x86_64/kernel/drivers/net/ppp/ppp_mppe.ko.xz' -> '/tmp/rear.hvWqMGkcXVEGC9y/rootfs/lib/modules/3.10.0-1160.92.1.el7.x86_64/kernel/drivers/net/ppp/ppp_mppe.ko.xz'
'/lib/modules/3.10.0-1160.92.1.el7.x86_64/kernel/drivers/net/slip/slhc.ko.xz' -> '/tmp/rear.hvWqMGkcXVEGC9y/rootfs/lib/modules/3.10.0-1160.92.1.el7.x86_64/kernel/drivers/net/slip/slhc.ko.xz'
'/lib/modules/3.10.0-1160.92.1.el7.x86_64/kernel/drivers/net/ppp/ppp_generic.ko.xz' -> '/tmp/rear.hvWqMGkcXVEGC9y/rootfs/lib/modules/3.10.0-1160.92.1.el7.x86_64/kernel/drivers/net/ppp/ppp_generic.ko.xz'
'/lib/modules/3.10.0-1160.92.1.el7.x86_64/kernel/drivers/net/ppp/ppp_synctty.ko.xz' -> '/tmp/rear.hvWqMGkcXVEGC9y/rootfs/lib/modules/3.10.0-1160.92.1.el7.x86_64/kernel/drivers/net/ppp/ppp_synctty.ko.xz'
'/lib/modules/3.10.0-1160.92.1.el7.x86_64/kernel/drivers/net/slip/slhc.ko.xz' -> '/tmp/rear.hvWqMGkcXVEGC9y/rootfs/lib/modules/3.10.0-1160.92.1.el7.x86_64/kernel/drivers/net/slip/slhc.ko.xz'
'/lib/modules/3.10.0-1160.92.1.el7.x86_64/kernel/drivers/net/ppp/ppp_generic.ko.xz' -> '/tmp/rear.hvWqMGkcXVEGC9y/rootfs/lib/modules/3.10.0-1160.92.1.el7.x86_64/kernel/drivers/net/ppp/ppp_generic.ko.xz'
'/lib/modules/3.10.0-1160.92.1.el7.x86_64/kernel/drivers/net/ppp/pppoe.ko.xz' -> '/tmp/rear.hvWqMGkcXVEGC9y/rootfs/lib/modules/3.10.0-1160.92.1.el7.x86_64/kernel/drivers/net/ppp/pppoe.ko.xz'
'/lib/modules/3.10.0-1160.92.1.el7.x86_64/kernel/drivers/net/ppp/pppox.ko.xz' -> '/tmp/rear.hvWqMGkcXVEGC9y/rootfs/lib/modules/3.10.0-1160.92.1.el7.x86_64/kernel/drivers/net/ppp/pppox.ko.xz'
'/lib/modules/3.10.0-1160.92.1.el7.x86_64/kernel/drivers/net/slip/slhc.ko.xz' -> '/tmp/rear.hvWqMGkcXVEGC9y/rootfs/lib/modules/3.10.0-1160.92.1.el7.x86_64/kernel/drivers/net/slip/slhc.ko.xz'
'/lib/modules/3.10.0-1160.92.1.el7.x86_64/kernel/drivers/net/ppp/ppp_generic.ko.xz' -> '/tmp/rear.hvWqMGkcXVEGC9y/rootfs/lib/modules/3.10.0-1160.92.1.el7.x86_64/kernel/drivers/net/ppp/ppp_generic.ko.xz'
'/lib/modules/3.10.0-1160.92.1.el7.x86_64/kernel/drivers/net/ppp/pppox.ko.xz' -> '/tmp/rear.hvWqMGkcXVEGC9y/rootfs/lib/modules/3.10.0-1160.92.1.el7.x86_64/kernel/drivers/net/ppp/pppox.ko.xz'
'/lib/modules/3.10.0-1160.92.1.el7.x86_64/kernel/drivers/net/slip/slhc.ko.xz' -> '/tmp/rear.hvWqMGkcXVEGC9y/rootfs/lib/modules/3.10.0-1160.92.1.el7.x86_64/kernel/drivers/net/slip/slhc.ko.xz'
'/lib/modules/3.10.0-1160.92.1.el7.x86_64/kernel/drivers/net/ppp/ppp_generic.ko.xz' -> '/tmp/rear.hvWqMGkcXVEGC9y/rootfs/lib/modules/3.10.0-1160.92.1.el7.x86_64/kernel/drivers/net/ppp/ppp_generic.ko.xz'
'/lib/modules/3.10.0-1160.92.1.el7.x86_64/kernel/drivers/net/ppp/pppox.ko.xz' -> '/tmp/rear.hvWqMGkcXVEGC9y/rootfs/lib/modules/3.10.0-1160.92.1.el7.x86_64/kernel/drivers/net/ppp/pppox.ko.xz'
'/lib/modules/3.10.0-1160.92.1.el7.x86_64/kernel/drivers/net/ppp/pptp.ko.xz' -> '/tmp/rear.hvWqMGkcXVEGC9y/rootfs/lib/modules/3.10.0-1160.92.1.el7.x86_64/kernel/drivers/net/ppp/pptp.ko.xz'
'/lib/modules/3.10.0-1160.92.1.el7.x86_64/kernel/drivers/net/slip/slhc.ko.xz' -> '/tmp/rear.hvWqMGkcXVEGC9y/rootfs/lib/modules/3.10.0-1160.92.1.el7.x86_64/kernel/drivers/net/slip/slhc.ko.xz'
'/lib/modules/3.10.0-1160.92.1.el7.x86_64/kernel/net/ipv4/gre.ko.xz' -> '/tmp/rear.hvWqMGkcXVEGC9y/rootfs/lib/modules/3.10.0-1160.92.1.el7.x86_64/kernel/net/ipv4/gre.ko.xz'
'/lib/modules/3.10.0-1160.92.1.el7.x86_64/kernel/drivers/net/slip/slhc.ko.xz' -> '/tmp/rear.hvWqMGkcXVEGC9y/rootfs/lib/modules/3.10.0-1160.92.1.el7.x86_64/kernel/drivers/net/slip/slhc.ko.xz'
'/lib/modules/3.10.0-1160.92.1.el7.x86_64/kernel/drivers/net/slip/slhc.ko.xz' -> '/tmp/rear.hvWqMGkcXVEGC9y/rootfs/lib/modules/3.10.0-1160.92.1.el7.x86_64/kernel/drivers/net/slip/slhc.ko.xz'
'/lib/modules/3.10.0-1160.92.1.el7.x86_64/kernel/drivers/net/slip/slip.ko.xz' -> '/tmp/rear.hvWqMGkcXVEGC9y/rootfs/lib/modules/3.10.0-1160.92.1.el7.x86_64/kernel/drivers/net/slip/slip.ko.xz'
/lib/modules/3.10.0-1160.92.1.el7.x86_64/kernel/drivers/net/team -> /tmp/rear.hvWqMGkcXVEGC9y/rootfs/lib/modules/3.10.0-1160.92.1.el7.x86_64/kernel/drivers/net/team
'/lib/modules/3.10.0-1160.92.1.el7.x86_64/kernel/drivers/net/team/team.ko.xz' -> '/tmp/rear.hvWqMGkcXVEGC9y/rootfs/lib/modules/3.10.0-1160.92.1.el7.x86_64/kernel/drivers/net/team/team.ko.xz'
'/lib/modules/3.10.0-1160.92.1.el7.x86_64/kernel/drivers/net/team/team.ko.xz' -> '/tmp/rear.hvWqMGkcXVEGC9y/rootfs/lib/modules/3.10.0-1160.92.1.el7.x86_64/kernel/drivers/net/team/team.ko.xz'
'/lib/modules/3.10.0-1160.92.1.el7.x86_64/kernel/drivers/net/team/team_mode_activebackup.ko.xz' -> '/tmp/rear.hvWqMGkcXVEGC9y/rootfs/lib/modules/3.10.0-1160.92.1.el7.x86_64/kernel/drivers/net/team/team_mode_activebackup.ko.xz'
'/lib/modules/3.10.0-1160.92.1.el7.x86_64/kernel/drivers/net/team/team.ko.xz' -> '/tmp/rear.hvWqMGkcXVEGC9y/rootfs/lib/modules/3.10.0-1160.92.1.el7.x86_64/kernel/drivers/net/team/team.ko.xz'
'/lib/modules/3.10.0-1160.92.1.el7.x86_64/kernel/drivers/net/team/team_mode_broadcast.ko.xz' -> '/tmp/rear.hvWqMGkcXVEGC9y/rootfs/lib/modules/3.10.0-1160.92.1.el7.x86_64/kernel/drivers/net/team/team_mode_broadcast.ko.xz'
'/lib/modules/3.10.0-1160.92.1.el7.x86_64/kernel/drivers/net/team/team.ko.xz' -> '/tmp/rear.hvWqMGkcXVEGC9y/rootfs/lib/modules/3.10.0-1160.92.1.el7.x86_64/kernel/drivers/net/team/team.ko.xz'
'/lib/modules/3.10.0-1160.92.1.el7.x86_64/kernel/drivers/net/team/team_mode_loadbalance.ko.xz' -> '/tmp/rear.hvWqMGkcXVEGC9y/rootfs/lib/modules/3.10.0-1160.92.1.el7.x86_64/kernel/drivers/net/team/team_mode_loadbalance.ko.xz'
'/lib/modules/3.10.0-1160.92.1.el7.x86_64/kernel/drivers/net/team/team.ko.xz' -> '/tmp/rear.hvWqMGkcXVEGC9y/rootfs/lib/modules/3.10.0-1160.92.1.el7.x86_64/kernel/drivers/net/team/team.ko.xz'
'/lib/modules/3.10.0-1160.92.1.el7.x86_64/kernel/drivers/net/team/team_mode_random.ko.xz' -> '/tmp/rear.hvWqMGkcXVEGC9y/rootfs/lib/modules/3.10.0-1160.92.1.el7.x86_64/kernel/drivers/net/team/team_mode_random.ko.xz'
'/lib/modules/3.10.0-1160.92.1.el7.x86_64/kernel/drivers/net/team/team.ko.xz' -> '/tmp/rear.hvWqMGkcXVEGC9y/rootfs/lib/modules/3.10.0-1160.92.1.el7.x86_64/kernel/drivers/net/team/team.ko.xz'
'/lib/modules/3.10.0-1160.92.1.el7.x86_64/kernel/drivers/net/team/team_mode_roundrobin.ko.xz' -> '/tmp/rear.hvWqMGkcXVEGC9y/rootfs/lib/modules/3.10.0-1160.92.1.el7.x86_64/kernel/drivers/net/team/team_mode_roundrobin.ko.xz'
'/lib/modules/3.10.0-1160.92.1.el7.x86_64/kernel/drivers/net/thunderbolt-net.ko.xz' -> '/tmp/rear.hvWqMGkcXVEGC9y/rootfs/lib/modules/3.10.0-1160.92.1.el7.x86_64/kernel/drivers/net/thunderbolt-net.ko.xz'
'/lib/modules/3.10.0-1160.92.1.el7.x86_64/kernel/drivers/net/tun.ko.xz' -> '/tmp/rear.hvWqMGkcXVEGC9y/rootfs/lib/modules/3.10.0-1160.92.1.el7.x86_64/kernel/drivers/net/tun.ko.xz'
'/lib/modules/3.10.0-1160.92.1.el7.x86_64/kernel/drivers/net/mii.ko.xz' -> '/tmp/rear.hvWqMGkcXVEGC9y/rootfs/lib/modules/3.10.0-1160.92.1.el7.x86_64/kernel/drivers/net/mii.ko.xz'
/lib/modules/3.10.0-1160.92.1.el7.x86_64/kernel/drivers/net/usb -> /tmp/rear.hvWqMGkcXVEGC9y/rootfs/lib/modules/3.10.0-1160.92.1.el7.x86_64/kernel/drivers/net/usb
'/lib/modules/3.10.0-1160.92.1.el7.x86_64/kernel/drivers/net/usb/asix.ko.xz' -> '/tmp/rear.hvWqMGkcXVEGC9y/rootfs/lib/modules/3.10.0-1160.92.1.el7.x86_64/kernel/drivers/net/usb/asix.ko.xz'
'/lib/modules/3.10.0-1160.92.1.el7.x86_64/kernel/drivers/net/usb/usbnet.ko.xz' -> '/tmp/rear.hvWqMGkcXVEGC9y/rootfs/lib/modules/3.10.0-1160.92.1.el7.x86_64/kernel/drivers/net/usb/usbnet.ko.xz'
'/lib/modules/3.10.0-1160.92.1.el7.x86_64/kernel/drivers/net/mii.ko.xz' -> '/tmp/rear.hvWqMGkcXVEGC9y/rootfs/lib/modules/3.10.0-1160.92.1.el7.x86_64/kernel/drivers/net/mii.ko.xz'
'/lib/modules/3.10.0-1160.92.1.el7.x86_64/kernel/drivers/net/usb/ax88179_178a.ko.xz' -> '/tmp/rear.hvWqMGkcXVEGC9y/rootfs/lib/modules/3.10.0-1160.92.1.el7.x86_64/kernel/drivers/net/usb/ax88179_178a.ko.xz'
'/lib/modules/3.10.0-1160.92.1.el7.x86_64/kernel/drivers/net/usb/usbnet.ko.xz' -> '/tmp/rear.hvWqMGkcXVEGC9y/rootfs/lib/modules/3.10.0-1160.92.1.el7.x86_64/kernel/drivers/net/usb/usbnet.ko.xz'
'/lib/modules/3.10.0-1160.92.1.el7.x86_64/kernel/drivers/net/usb/catc.ko.xz' -> '/tmp/rear.hvWqMGkcXVEGC9y/rootfs/lib/modules/3.10.0-1160.92.1.el7.x86_64/kernel/drivers/net/usb/catc.ko.xz'
'/lib/modules/3.10.0-1160.92.1.el7.x86_64/kernel/drivers/net/mii.ko.xz' -> '/tmp/rear.hvWqMGkcXVEGC9y/rootfs/lib/modules/3.10.0-1160.92.1.el7.x86_64/kernel/drivers/net/mii.ko.xz'
'/lib/modules/3.10.0-1160.92.1.el7.x86_64/kernel/drivers/net/usb/cdc_eem.ko.xz' -> '/tmp/rear.hvWqMGkcXVEGC9y/rootfs/lib/modules/3.10.0-1160.92.1.el7.x86_64/kernel/drivers/net/usb/cdc_eem.ko.xz'
'/lib/modules/3.10.0-1160.92.1.el7.x86_64/kernel/drivers/net/usb/usbnet.ko.xz' -> '/tmp/rear.hvWqMGkcXVEGC9y/rootfs/lib/modules/3.10.0-1160.92.1.el7.x86_64/kernel/drivers/net/usb/usbnet.ko.xz'
'/lib/modules/3.10.0-1160.92.1.el7.x86_64/kernel/drivers/net/mii.ko.xz' -> '/tmp/rear.hvWqMGkcXVEGC9y/rootfs/lib/modules/3.10.0-1160.92.1.el7.x86_64/kernel/drivers/net/mii.ko.xz'
'/lib/modules/3.10.0-1160.92.1.el7.x86_64/kernel/drivers/net/usb/cdc_ether.ko.xz' -> '/tmp/rear.hvWqMGkcXVEGC9y/rootfs/lib/modules/3.10.0-1160.92.1.el7.x86_64/kernel/drivers/net/usb/cdc_ether.ko.xz'
'/lib/modules/3.10.0-1160.92.1.el7.x86_64/kernel/drivers/net/usb/usbnet.ko.xz' -> '/tmp/rear.hvWqMGkcXVEGC9y/rootfs/lib/modules/3.10.0-1160.92.1.el7.x86_64/kernel/drivers/net/usb/usbnet.ko.xz'
'/lib/modules/3.10.0-1160.92.1.el7.x86_64/kernel/drivers/net/mii.ko.xz' -> '/tmp/rear.hvWqMGkcXVEGC9y/rootfs/lib/modules/3.10.0-1160.92.1.el7.x86_64/kernel/drivers/net/mii.ko.xz'
'/lib/modules/3.10.0-1160.92.1.el7.x86_64/kernel/drivers/net/usb/cdc_mbim.ko.xz' -> '/tmp/rear.hvWqMGkcXVEGC9y/rootfs/lib/modules/3.10.0-1160.92.1.el7.x86_64/kernel/drivers/net/usb/cdc_mbim.ko.xz'
'/lib/modules/3.10.0-1160.92.1.el7.x86_64/kernel/drivers/net/usb/cdc_ncm.ko.xz' -> '/tmp/rear.hvWqMGkcXVEGC9y/rootfs/lib/modules/3.10.0-1160.92.1.el7.x86_64/kernel/drivers/net/usb/cdc_ncm.ko.xz'
'/lib/modules/3.10.0-1160.92.1.el7.x86_64/kernel/drivers/net/usb/usbnet.ko.xz' -> '/tmp/rear.hvWqMGkcXVEGC9y/rootfs/lib/modules/3.10.0-1160.92.1.el7.x86_64/kernel/drivers/net/usb/usbnet.ko.xz'
/lib/modules/3.10.0-1160.92.1.el7.x86_64/kernel/drivers/usb/class -> /tmp/rear.hvWqMGkcXVEGC9y/rootfs/lib/modules/3.10.0-1160.92.1.el7.x86_64/kernel/drivers/usb/class
'/lib/modules/3.10.0-1160.92.1.el7.x86_64/kernel/drivers/usb/class/cdc-wdm.ko.xz' -> '/tmp/rear.hvWqMGkcXVEGC9y/rootfs/lib/modules/3.10.0-1160.92.1.el7.x86_64/kernel/drivers/usb/class/cdc-wdm.ko.xz'
'/lib/modules/3.10.0-1160.92.1.el7.x86_64/kernel/drivers/net/mii.ko.xz' -> '/tmp/rear.hvWqMGkcXVEGC9y/rootfs/lib/modules/3.10.0-1160.92.1.el7.x86_64/kernel/drivers/net/mii.ko.xz'
'/lib/modules/3.10.0-1160.92.1.el7.x86_64/kernel/drivers/net/usb/cdc_ncm.ko.xz' -> '/tmp/rear.hvWqMGkcXVEGC9y/rootfs/lib/modules/3.10.0-1160.92.1.el7.x86_64/kernel/drivers/net/usb/cdc_ncm.ko.xz'
'/lib/modules/3.10.0-1160.92.1.el7.x86_64/kernel/drivers/net/usb/usbnet.ko.xz' -> '/tmp/rear.hvWqMGkcXVEGC9y/rootfs/lib/modules/3.10.0-1160.92.1.el7.x86_64/kernel/drivers/net/usb/usbnet.ko.xz'
'/lib/modules/3.10.0-1160.92.1.el7.x86_64/kernel/drivers/net/mii.ko.xz' -> '/tmp/rear.hvWqMGkcXVEGC9y/rootfs/lib/modules/3.10.0-1160.92.1.el7.x86_64/kernel/drivers/net/mii.ko.xz'
'/lib/modules/3.10.0-1160.92.1.el7.x86_64/kernel/drivers/net/usb/cdc_subset.ko.xz' -> '/tmp/rear.hvWqMGkcXVEGC9y/rootfs/lib/modules/3.10.0-1160.92.1.el7.x86_64/kernel/drivers/net/usb/cdc_subset.ko.xz'
'/lib/modules/3.10.0-1160.92.1.el7.x86_64/kernel/drivers/net/usb/usbnet.ko.xz' -> '/tmp/rear.hvWqMGkcXVEGC9y/rootfs/lib/modules/3.10.0-1160.92.1.el7.x86_64/kernel/drivers/net/usb/usbnet.ko.xz'
'/lib/modules/3.10.0-1160.92.1.el7.x86_64/kernel/drivers/net/mii.ko.xz' -> '/tmp/rear.hvWqMGkcXVEGC9y/rootfs/lib/modules/3.10.0-1160.92.1.el7.x86_64/kernel/drivers/net/mii.ko.xz'
'/lib/modules/3.10.0-1160.92.1.el7.x86_64/kernel/drivers/net/usb/cx82310_eth.ko.xz' -> '/tmp/rear.hvWqMGkcXVEGC9y/rootfs/lib/modules/3.10.0-1160.92.1.el7.x86_64/kernel/drivers/net/usb/cx82310_eth.ko.xz'
'/lib/modules/3.10.0-1160.92.1.el7.x86_64/kernel/drivers/net/usb/usbnet.ko.xz' -> '/tmp/rear.hvWqMGkcXVEGC9y/rootfs/lib/modules/3.10.0-1160.92.1.el7.x86_64/kernel/drivers/net/usb/usbnet.ko.xz'
'/lib/modules/3.10.0-1160.92.1.el7.x86_64/kernel/drivers/net/mii.ko.xz' -> '/tmp/rear.hvWqMGkcXVEGC9y/rootfs/lib/modules/3.10.0-1160.92.1.el7.x86_64/kernel/drivers/net/mii.ko.xz'
'/lib/modules/3.10.0-1160.92.1.el7.x86_64/kernel/drivers/net/usb/dm9601.ko.xz' -> '/tmp/rear.hvWqMGkcXVEGC9y/rootfs/lib/modules/3.10.0-1160.92.1.el7.x86_64/kernel/drivers/net/usb/dm9601.ko.xz'
'/lib/modules/3.10.0-1160.92.1.el7.x86_64/kernel/drivers/net/usb/usbnet.ko.xz' -> '/tmp/rear.hvWqMGkcXVEGC9y/rootfs/lib/modules/3.10.0-1160.92.1.el7.x86_64/kernel/drivers/net/usb/usbnet.ko.xz'
'/lib/modules/3.10.0-1160.92.1.el7.x86_64/kernel/drivers/net/mii.ko.xz' -> '/tmp/rear.hvWqMGkcXVEGC9y/rootfs/lib/modules/3.10.0-1160.92.1.el7.x86_64/kernel/drivers/net/mii.ko.xz'
'/lib/modules/3.10.0-1160.92.1.el7.x86_64/kernel/drivers/net/usb/gl620a.ko.xz' -> '/tmp/rear.hvWqMGkcXVEGC9y/rootfs/lib/modules/3.10.0-1160.92.1.el7.x86_64/kernel/drivers/net/usb/gl620a.ko.xz'
'/lib/modules/3.10.0-1160.92.1.el7.x86_64/kernel/drivers/net/usb/usbnet.ko.xz' -> '/tmp/rear.hvWqMGkcXVEGC9y/rootfs/lib/modules/3.10.0-1160.92.1.el7.x86_64/kernel/drivers/net/usb/usbnet.ko.xz'
'/lib/modules/3.10.0-1160.92.1.el7.x86_64/kernel/drivers/net/usb/hso.ko.xz' -> '/tmp/rear.hvWqMGkcXVEGC9y/rootfs/lib/modules/3.10.0-1160.92.1.el7.x86_64/kernel/drivers/net/usb/hso.ko.xz'
/lib/modules/3.10.0-1160.92.1.el7.x86_64/kernel/net/rfkill -> /tmp/rear.hvWqMGkcXVEGC9y/rootfs/lib/modules/3.10.0-1160.92.1.el7.x86_64/kernel/net/rfkill
'/lib/modules/3.10.0-1160.92.1.el7.x86_64/kernel/net/rfkill/rfkill.ko.xz' -> '/tmp/rear.hvWqMGkcXVEGC9y/rootfs/lib/modules/3.10.0-1160.92.1.el7.x86_64/kernel/net/rfkill/rfkill.ko.xz'
'/lib/modules/3.10.0-1160.92.1.el7.x86_64/kernel/drivers/net/mii.ko.xz' -> '/tmp/rear.hvWqMGkcXVEGC9y/rootfs/lib/modules/3.10.0-1160.92.1.el7.x86_64/kernel/drivers/net/mii.ko.xz'
'/lib/modules/3.10.0-1160.92.1.el7.x86_64/kernel/drivers/net/usb/cdc_ncm.ko.xz' -> '/tmp/rear.hvWqMGkcXVEGC9y/rootfs/lib/modules/3.10.0-1160.92.1.el7.x86_64/kernel/drivers/net/usb/cdc_ncm.ko.xz'
'/lib/modules/3.10.0-1160.92.1.el7.x86_64/kernel/drivers/net/usb/huawei_cdc_ncm.ko.xz' -> '/tmp/rear.hvWqMGkcXVEGC9y/rootfs/lib/modules/3.10.0-1160.92.1.el7.x86_64/kernel/drivers/net/usb/huawei_cdc_ncm.ko.xz'
'/lib/modules/3.10.0-1160.92.1.el7.x86_64/kernel/drivers/net/usb/usbnet.ko.xz' -> '/tmp/rear.hvWqMGkcXVEGC9y/rootfs/lib/modules/3.10.0-1160.92.1.el7.x86_64/kernel/drivers/net/usb/usbnet.ko.xz'
'/lib/modules/3.10.0-1160.92.1.el7.x86_64/kernel/drivers/usb/class/cdc-wdm.ko.xz' -> '/tmp/rear.hvWqMGkcXVEGC9y/rootfs/lib/modules/3.10.0-1160.92.1.el7.x86_64/kernel/drivers/usb/class/cdc-wdm.ko.xz'
'/lib/modules/3.10.0-1160.92.1.el7.x86_64/kernel/drivers/net/mii.ko.xz' -> '/tmp/rear.hvWqMGkcXVEGC9y/rootfs/lib/modules/3.10.0-1160.92.1.el7.x86_64/kernel/drivers/net/mii.ko.xz'
'/lib/modules/3.10.0-1160.92.1.el7.x86_64/kernel/drivers/net/usb/int51x1.ko.xz' -> '/tmp/rear.hvWqMGkcXVEGC9y/rootfs/lib/modules/3.10.0-1160.92.1.el7.x86_64/kernel/drivers/net/usb/int51x1.ko.xz'
'/lib/modules/3.10.0-1160.92.1.el7.x86_64/kernel/drivers/net/usb/usbnet.ko.xz' -> '/tmp/rear.hvWqMGkcXVEGC9y/rootfs/lib/modules/3.10.0-1160.92.1.el7.x86_64/kernel/drivers/net/usb/usbnet.ko.xz'
'/lib/modules/3.10.0-1160.92.1.el7.x86_64/kernel/drivers/net/usb/ipheth.ko.xz' -> '/tmp/rear.hvWqMGkcXVEGC9y/rootfs/lib/modules/3.10.0-1160.92.1.el7.x86_64/kernel/drivers/net/usb/ipheth.ko.xz'
'/lib/modules/3.10.0-1160.92.1.el7.x86_64/kernel/drivers/net/mii.ko.xz' -> '/tmp/rear.hvWqMGkcXVEGC9y/rootfs/lib/modules/3.10.0-1160.92.1.el7.x86_64/kernel/drivers/net/mii.ko.xz'
'/lib/modules/3.10.0-1160.92.1.el7.x86_64/kernel/drivers/net/usb/kalmia.ko.xz' -> '/tmp/rear.hvWqMGkcXVEGC9y/rootfs/lib/modules/3.10.0-1160.92.1.el7.x86_64/kernel/drivers/net/usb/kalmia.ko.xz'
'/lib/modules/3.10.0-1160.92.1.el7.x86_64/kernel/drivers/net/usb/usbnet.ko.xz' -> '/tmp/rear.hvWqMGkcXVEGC9y/rootfs/lib/modules/3.10.0-1160.92.1.el7.x86_64/kernel/drivers/net/usb/usbnet.ko.xz'
'/lib/modules/3.10.0-1160.92.1.el7.x86_64/kernel/drivers/net/usb/kaweth.ko.xz' -> '/tmp/rear.hvWqMGkcXVEGC9y/rootfs/lib/modules/3.10.0-1160.92.1.el7.x86_64/kernel/drivers/net/usb/kaweth.ko.xz'
'/lib/modules/3.10.0-1160.92.1.el7.x86_64/kernel/drivers/net/mii.ko.xz' -> '/tmp/rear.hvWqMGkcXVEGC9y/rootfs/lib/modules/3.10.0-1160.92.1.el7.x86_64/kernel/drivers/net/mii.ko.xz'
'/lib/modules/3.10.0-1160.92.1.el7.x86_64/kernel/drivers/net/usb/cdc_ether.ko.xz' -> '/tmp/rear.hvWqMGkcXVEGC9y/rootfs/lib/modules/3.10.0-1160.92.1.el7.x86_64/kernel/drivers/net/usb/cdc_ether.ko.xz'
'/lib/modules/3.10.0-1160.92.1.el7.x86_64/kernel/drivers/net/usb/lg-vl600.ko.xz' -> '/tmp/rear.hvWqMGkcXVEGC9y/rootfs/lib/modules/3.10.0-1160.92.1.el7.x86_64/kernel/drivers/net/usb/lg-vl600.ko.xz'
'/lib/modules/3.10.0-1160.92.1.el7.x86_64/kernel/drivers/net/usb/usbnet.ko.xz' -> '/tmp/rear.hvWqMGkcXVEGC9y/rootfs/lib/modules/3.10.0-1160.92.1.el7.x86_64/kernel/drivers/net/usb/usbnet.ko.xz'
'/lib/modules/3.10.0-1160.92.1.el7.x86_64/kernel/drivers/net/mii.ko.xz' -> '/tmp/rear.hvWqMGkcXVEGC9y/rootfs/lib/modules/3.10.0-1160.92.1.el7.x86_64/kernel/drivers/net/mii.ko.xz'
'/lib/modules/3.10.0-1160.92.1.el7.x86_64/kernel/drivers/net/usb/mcs7830.ko.xz' -> '/tmp/rear.hvWqMGkcXVEGC9y/rootfs/lib/modules/3.10.0-1160.92.1.el7.x86_64/kernel/drivers/net/usb/mcs7830.ko.xz'
'/lib/modules/3.10.0-1160.92.1.el7.x86_64/kernel/drivers/net/usb/usbnet.ko.xz' -> '/tmp/rear.hvWqMGkcXVEGC9y/rootfs/lib/modules/3.10.0-1160.92.1.el7.x86_64/kernel/drivers/net/usb/usbnet.ko.xz'
'/lib/modules/3.10.0-1160.92.1.el7.x86_64/kernel/drivers/net/mii.ko.xz' -> '/tmp/rear.hvWqMGkcXVEGC9y/rootfs/lib/modules/3.10.0-1160.92.1.el7.x86_64/kernel/drivers/net/mii.ko.xz'
'/lib/modules/3.10.0-1160.92.1.el7.x86_64/kernel/drivers/net/usb/net1080.ko.xz' -> '/tmp/rear.hvWqMGkcXVEGC9y/rootfs/lib/modules/3.10.0-1160.92.1.el7.x86_64/kernel/drivers/net/usb/net1080.ko.xz'
'/lib/modules/3.10.0-1160.92.1.el7.x86_64/kernel/drivers/net/usb/usbnet.ko.xz' -> '/tmp/rear.hvWqMGkcXVEGC9y/rootfs/lib/modules/3.10.0-1160.92.1.el7.x86_64/kernel/drivers/net/usb/usbnet.ko.xz'
'/lib/modules/3.10.0-1160.92.1.el7.x86_64/kernel/drivers/net/mii.ko.xz' -> '/tmp/rear.hvWqMGkcXVEGC9y/rootfs/lib/modules/3.10.0-1160.92.1.el7.x86_64/kernel/drivers/net/mii.ko.xz'
'/lib/modules/3.10.0-1160.92.1.el7.x86_64/kernel/drivers/net/usb/pegasus.ko.xz' -> '/tmp/rear.hvWqMGkcXVEGC9y/rootfs/lib/modules/3.10.0-1160.92.1.el7.x86_64/kernel/drivers/net/usb/pegasus.ko.xz'
'/lib/modules/3.10.0-1160.92.1.el7.x86_64/kernel/drivers/net/mii.ko.xz' -> '/tmp/rear.hvWqMGkcXVEGC9y/rootfs/lib/modules/3.10.0-1160.92.1.el7.x86_64/kernel/drivers/net/mii.ko.xz'
'/lib/modules/3.10.0-1160.92.1.el7.x86_64/kernel/drivers/net/usb/plusb.ko.xz' -> '/tmp/rear.hvWqMGkcXVEGC9y/rootfs/lib/modules/3.10.0-1160.92.1.el7.x86_64/kernel/drivers/net/usb/plusb.ko.xz'
'/lib/modules/3.10.0-1160.92.1.el7.x86_64/kernel/drivers/net/usb/usbnet.ko.xz' -> '/tmp/rear.hvWqMGkcXVEGC9y/rootfs/lib/modules/3.10.0-1160.92.1.el7.x86_64/kernel/drivers/net/usb/usbnet.ko.xz'
'/lib/modules/3.10.0-1160.92.1.el7.x86_64/kernel/drivers/net/mii.ko.xz' -> '/tmp/rear.hvWqMGkcXVEGC9y/rootfs/lib/modules/3.10.0-1160.92.1.el7.x86_64/kernel/drivers/net/mii.ko.xz'
'/lib/modules/3.10.0-1160.92.1.el7.x86_64/kernel/drivers/net/usb/qmi_wwan.ko.xz' -> '/tmp/rear.hvWqMGkcXVEGC9y/rootfs/lib/modules/3.10.0-1160.92.1.el7.x86_64/kernel/drivers/net/usb/qmi_wwan.ko.xz'
'/lib/modules/3.10.0-1160.92.1.el7.x86_64/kernel/drivers/net/usb/usbnet.ko.xz' -> '/tmp/rear.hvWqMGkcXVEGC9y/rootfs/lib/modules/3.10.0-1160.92.1.el7.x86_64/kernel/drivers/net/usb/usbnet.ko.xz'
'/lib/modules/3.10.0-1160.92.1.el7.x86_64/kernel/drivers/usb/class/cdc-wdm.ko.xz' -> '/tmp/rear.hvWqMGkcXVEGC9y/rootfs/lib/modules/3.10.0-1160.92.1.el7.x86_64/kernel/drivers/usb/class/cdc-wdm.ko.xz'
'/lib/modules/3.10.0-1160.92.1.el7.x86_64/kernel/drivers/net/mii.ko.xz' -> '/tmp/rear.hvWqMGkcXVEGC9y/rootfs/lib/modules/3.10.0-1160.92.1.el7.x86_64/kernel/drivers/net/mii.ko.xz'
'/lib/modules/3.10.0-1160.92.1.el7.x86_64/kernel/drivers/net/usb/r8152.ko.xz' -> '/tmp/rear.hvWqMGkcXVEGC9y/rootfs/lib/modules/3.10.0-1160.92.1.el7.x86_64/kernel/drivers/net/usb/r8152.ko.xz'
'/lib/modules/3.10.0-1160.92.1.el7.x86_64/kernel/drivers/net/mii.ko.xz' -> '/tmp/rear.hvWqMGkcXVEGC9y/rootfs/lib/modules/3.10.0-1160.92.1.el7.x86_64/kernel/drivers/net/mii.ko.xz'
'/lib/modules/3.10.0-1160.92.1.el7.x86_64/kernel/drivers/net/usb/cdc_ether.ko.xz' -> '/tmp/rear.hvWqMGkcXVEGC9y/rootfs/lib/modules/3.10.0-1160.92.1.el7.x86_64/kernel/drivers/net/usb/cdc_ether.ko.xz'
'/lib/modules/3.10.0-1160.92.1.el7.x86_64/kernel/drivers/net/usb/rndis_host.ko.xz' -> '/tmp/rear.hvWqMGkcXVEGC9y/rootfs/lib/modules/3.10.0-1160.92.1.el7.x86_64/kernel/drivers/net/usb/rndis_host.ko.xz'
'/lib/modules/3.10.0-1160.92.1.el7.x86_64/kernel/drivers/net/usb/usbnet.ko.xz' -> '/tmp/rear.hvWqMGkcXVEGC9y/rootfs/lib/modules/3.10.0-1160.92.1.el7.x86_64/kernel/drivers/net/usb/usbnet.ko.xz'
'/lib/modules/3.10.0-1160.92.1.el7.x86_64/kernel/drivers/net/usb/rtl8150.ko.xz' -> '/tmp/rear.hvWqMGkcXVEGC9y/rootfs/lib/modules/3.10.0-1160.92.1.el7.x86_64/kernel/drivers/net/usb/rtl8150.ko.xz'
'/lib/modules/3.10.0-1160.92.1.el7.x86_64/kernel/drivers/net/mii.ko.xz' -> '/tmp/rear.hvWqMGkcXVEGC9y/rootfs/lib/modules/3.10.0-1160.92.1.el7.x86_64/kernel/drivers/net/mii.ko.xz'
'/lib/modules/3.10.0-1160.92.1.el7.x86_64/kernel/drivers/net/usb/sierra_net.ko.xz' -> '/tmp/rear.hvWqMGkcXVEGC9y/rootfs/lib/modules/3.10.0-1160.92.1.el7.x86_64/kernel/drivers/net/usb/sierra_net.ko.xz'
'/lib/modules/3.10.0-1160.92.1.el7.x86_64/kernel/drivers/net/usb/usbnet.ko.xz' -> '/tmp/rear.hvWqMGkcXVEGC9y/rootfs/lib/modules/3.10.0-1160.92.1.el7.x86_64/kernel/drivers/net/usb/usbnet.ko.xz'
'/lib/modules/3.10.0-1160.92.1.el7.x86_64/kernel/drivers/net/mii.ko.xz' -> '/tmp/rear.hvWqMGkcXVEGC9y/rootfs/lib/modules/3.10.0-1160.92.1.el7.x86_64/kernel/drivers/net/mii.ko.xz'
'/lib/modules/3.10.0-1160.92.1.el7.x86_64/kernel/drivers/net/usb/smsc75xx.ko.xz' -> '/tmp/rear.hvWqMGkcXVEGC9y/rootfs/lib/modules/3.10.0-1160.92.1.el7.x86_64/kernel/drivers/net/usb/smsc75xx.ko.xz'
'/lib/modules/3.10.0-1160.92.1.el7.x86_64/kernel/drivers/net/usb/usbnet.ko.xz' -> '/tmp/rear.hvWqMGkcXVEGC9y/rootfs/lib/modules/3.10.0-1160.92.1.el7.x86_64/kernel/drivers/net/usb/usbnet.ko.xz'
'/lib/modules/3.10.0-1160.92.1.el7.x86_64/kernel/drivers/net/mii.ko.xz' -> '/tmp/rear.hvWqMGkcXVEGC9y/rootfs/lib/modules/3.10.0-1160.92.1.el7.x86_64/kernel/drivers/net/mii.ko.xz'
'/lib/modules/3.10.0-1160.92.1.el7.x86_64/kernel/drivers/net/usb/smsc95xx.ko.xz' -> '/tmp/rear.hvWqMGkcXVEGC9y/rootfs/lib/modules/3.10.0-1160.92.1.el7.x86_64/kernel/drivers/net/usb/smsc95xx.ko.xz'
'/lib/modules/3.10.0-1160.92.1.el7.x86_64/kernel/drivers/net/usb/usbnet.ko.xz' -> '/tmp/rear.hvWqMGkcXVEGC9y/rootfs/lib/modules/3.10.0-1160.92.1.el7.x86_64/kernel/drivers/net/usb/usbnet.ko.xz'
'/lib/modules/3.10.0-1160.92.1.el7.x86_64/kernel/drivers/net/mii.ko.xz' -> '/tmp/rear.hvWqMGkcXVEGC9y/rootfs/lib/modules/3.10.0-1160.92.1.el7.x86_64/kernel/drivers/net/mii.ko.xz'
'/lib/modules/3.10.0-1160.92.1.el7.x86_64/kernel/drivers/net/usb/usbnet.ko.xz' -> '/tmp/rear.hvWqMGkcXVEGC9y/rootfs/lib/modules/3.10.0-1160.92.1.el7.x86_64/kernel/drivers/net/usb/usbnet.ko.xz'
'/lib/modules/3.10.0-1160.92.1.el7.x86_64/kernel/drivers/net/mii.ko.xz' -> '/tmp/rear.hvWqMGkcXVEGC9y/rootfs/lib/modules/3.10.0-1160.92.1.el7.x86_64/kernel/drivers/net/mii.ko.xz'
'/lib/modules/3.10.0-1160.92.1.el7.x86_64/kernel/drivers/net/usb/cdc_ether.ko.xz' -> '/tmp/rear.hvWqMGkcXVEGC9y/rootfs/lib/modules/3.10.0-1160.92.1.el7.x86_64/kernel/drivers/net/usb/cdc_ether.ko.xz'
'/lib/modules/3.10.0-1160.92.1.el7.x86_64/kernel/drivers/net/usb/usbnet.ko.xz' -> '/tmp/rear.hvWqMGkcXVEGC9y/rootfs/lib/modules/3.10.0-1160.92.1.el7.x86_64/kernel/drivers/net/usb/usbnet.ko.xz'
'/lib/modules/3.10.0-1160.92.1.el7.x86_64/kernel/drivers/net/usb/zaurus.ko.xz' -> '/tmp/rear.hvWqMGkcXVEGC9y/rootfs/lib/modules/3.10.0-1160.92.1.el7.x86_64/kernel/drivers/net/usb/zaurus.ko.xz'
'/lib/modules/3.10.0-1160.92.1.el7.x86_64/kernel/drivers/net/veth.ko.xz' -> '/tmp/rear.hvWqMGkcXVEGC9y/rootfs/lib/modules/3.10.0-1160.92.1.el7.x86_64/kernel/drivers/net/veth.ko.xz'
'/lib/modules/3.10.0-1160.92.1.el7.x86_64/kernel/drivers/net/net_failover.ko.xz' -> '/tmp/rear.hvWqMGkcXVEGC9y/rootfs/lib/modules/3.10.0-1160.92.1.el7.x86_64/kernel/drivers/net/net_failover.ko.xz'
'/lib/modules/3.10.0-1160.92.1.el7.x86_64/kernel/drivers/net/virtio_net.ko.xz' -> '/tmp/rear.hvWqMGkcXVEGC9y/rootfs/lib/modules/3.10.0-1160.92.1.el7.x86_64/kernel/drivers/net/virtio_net.ko.xz'
'/lib/modules/3.10.0-1160.92.1.el7.x86_64/kernel/drivers/virtio/virtio.ko.xz' -> '/tmp/rear.hvWqMGkcXVEGC9y/rootfs/lib/modules/3.10.0-1160.92.1.el7.x86_64/kernel/drivers/virtio/virtio.ko.xz'
'/lib/modules/3.10.0-1160.92.1.el7.x86_64/kernel/drivers/virtio/virtio_ring.ko.xz' -> '/tmp/rear.hvWqMGkcXVEGC9y/rootfs/lib/modules/3.10.0-1160.92.1.el7.x86_64/kernel/drivers/virtio/virtio_ring.ko.xz'
'/lib/modules/3.10.0-1160.92.1.el7.x86_64/kernel/net/core/failover.ko.xz' -> '/tmp/rear.hvWqMGkcXVEGC9y/rootfs/lib/modules/3.10.0-1160.92.1.el7.x86_64/kernel/net/core/failover.ko.xz'
/lib/modules/3.10.0-1160.92.1.el7.x86_64/kernel/drivers/net/vmxnet3 -> /tmp/rear.hvWqMGkcXVEGC9y/rootfs/lib/modules/3.10.0-1160.92.1.el7.x86_64/kernel/drivers/net/vmxnet3
'/lib/modules/3.10.0-1160.92.1.el7.x86_64/kernel/drivers/net/vmxnet3/vmxnet3.ko.xz' -> '/tmp/rear.hvWqMGkcXVEGC9y/rootfs/lib/modules/3.10.0-1160.92.1.el7.x86_64/kernel/drivers/net/vmxnet3/vmxnet3.ko.xz'
'/lib/modules/3.10.0-1160.92.1.el7.x86_64/kernel/drivers/net/vsockmon.ko.xz' -> '/tmp/rear.hvWqMGkcXVEGC9y/rootfs/lib/modules/3.10.0-1160.92.1.el7.x86_64/kernel/drivers/net/vsockmon.ko.xz'
/lib/modules/3.10.0-1160.92.1.el7.x86_64/kernel/net/vmw_vsock -> /tmp/rear.hvWqMGkcXVEGC9y/rootfs/lib/modules/3.10.0-1160.92.1.el7.x86_64/kernel/net/vmw_vsock
'/lib/modules/3.10.0-1160.92.1.el7.x86_64/kernel/net/vmw_vsock/vsock.ko.xz' -> '/tmp/rear.hvWqMGkcXVEGC9y/rootfs/lib/modules/3.10.0-1160.92.1.el7.x86_64/kernel/net/vmw_vsock/vsock.ko.xz'
'/lib/modules/3.10.0-1160.92.1.el7.x86_64/kernel/drivers/net/vxlan.ko.xz' -> '/tmp/rear.hvWqMGkcXVEGC9y/rootfs/lib/modules/3.10.0-1160.92.1.el7.x86_64/kernel/drivers/net/vxlan.ko.xz'
'/lib/modules/3.10.0-1160.92.1.el7.x86_64/kernel/net/ipv4/udp_tunnel.ko.xz' -> '/tmp/rear.hvWqMGkcXVEGC9y/rootfs/lib/modules/3.10.0-1160.92.1.el7.x86_64/kernel/net/ipv4/udp_tunnel.ko.xz'
'/lib/modules/3.10.0-1160.92.1.el7.x86_64/kernel/net/ipv6/ip6_udp_tunnel.ko.xz' -> '/tmp/rear.hvWqMGkcXVEGC9y/rootfs/lib/modules/3.10.0-1160.92.1.el7.x86_64/kernel/net/ipv6/ip6_udp_tunnel.ko.xz'
/lib/modules/3.10.0-1160.92.1.el7.x86_64/kernel/drivers/net/wan -> /tmp/rear.hvWqMGkcXVEGC9y/rootfs/lib/modules/3.10.0-1160.92.1.el7.x86_64/kernel/drivers/net/wan
'/lib/modules/3.10.0-1160.92.1.el7.x86_64/kernel/drivers/net/wan/dlci.ko.xz' -> '/tmp/rear.hvWqMGkcXVEGC9y/rootfs/lib/modules/3.10.0-1160.92.1.el7.x86_64/kernel/drivers/net/wan/dlci.ko.xz'
'/lib/modules/3.10.0-1160.92.1.el7.x86_64/kernel/drivers/net/wan/hdlc.ko.xz' -> '/tmp/rear.hvWqMGkcXVEGC9y/rootfs/lib/modules/3.10.0-1160.92.1.el7.x86_64/kernel/drivers/net/wan/hdlc.ko.xz'
'/lib/modules/3.10.0-1160.92.1.el7.x86_64/kernel/drivers/net/wan/hdlc.ko.xz' -> '/tmp/rear.hvWqMGkcXVEGC9y/rootfs/lib/modules/3.10.0-1160.92.1.el7.x86_64/kernel/drivers/net/wan/hdlc.ko.xz'
'/lib/modules/3.10.0-1160.92.1.el7.x86_64/kernel/drivers/net/wan/hdlc_cisco.ko.xz' -> '/tmp/rear.hvWqMGkcXVEGC9y/rootfs/lib/modules/3.10.0-1160.92.1.el7.x86_64/kernel/drivers/net/wan/hdlc_cisco.ko.xz'
'/lib/modules/3.10.0-1160.92.1.el7.x86_64/kernel/drivers/net/wan/hdlc.ko.xz' -> '/tmp/rear.hvWqMGkcXVEGC9y/rootfs/lib/modules/3.10.0-1160.92.1.el7.x86_64/kernel/drivers/net/wan/hdlc.ko.xz'
'/lib/modules/3.10.0-1160.92.1.el7.x86_64/kernel/drivers/net/wan/hdlc_fr.ko.xz' -> '/tmp/rear.hvWqMGkcXVEGC9y/rootfs/lib/modules/3.10.0-1160.92.1.el7.x86_64/kernel/drivers/net/wan/hdlc_fr.ko.xz'
'/lib/modules/3.10.0-1160.92.1.el7.x86_64/kernel/drivers/net/wan/hdlc.ko.xz' -> '/tmp/rear.hvWqMGkcXVEGC9y/rootfs/lib/modules/3.10.0-1160.92.1.el7.x86_64/kernel/drivers/net/wan/hdlc.ko.xz'
'/lib/modules/3.10.0-1160.92.1.el7.x86_64/kernel/drivers/net/wan/hdlc_ppp.ko.xz' -> '/tmp/rear.hvWqMGkcXVEGC9y/rootfs/lib/modules/3.10.0-1160.92.1.el7.x86_64/kernel/drivers/net/wan/hdlc_ppp.ko.xz'
'/lib/modules/3.10.0-1160.92.1.el7.x86_64/kernel/drivers/net/wan/hdlc.ko.xz' -> '/tmp/rear.hvWqMGkcXVEGC9y/rootfs/lib/modules/3.10.0-1160.92.1.el7.x86_64/kernel/drivers/net/wan/hdlc.ko.xz'
'/lib/modules/3.10.0-1160.92.1.el7.x86_64/kernel/drivers/net/wan/hdlc_raw.ko.xz' -> '/tmp/rear.hvWqMGkcXVEGC9y/rootfs/lib/modules/3.10.0-1160.92.1.el7.x86_64/kernel/drivers/net/wan/hdlc_raw.ko.xz'
/lib/modules/3.10.0-1160.92.1.el7.x86_64/kernel/drivers/net/wireless -> /tmp/rear.hvWqMGkcXVEGC9y/rootfs/lib/modules/3.10.0-1160.92.1.el7.x86_64/kernel/drivers/net/wireless
/lib/modules/3.10.0-1160.92.1.el7.x86_64/kernel/drivers/net/wireless/ath -> /tmp/rear.hvWqMGkcXVEGC9y/rootfs/lib/modules/3.10.0-1160.92.1.el7.x86_64/kernel/drivers/net/wireless/ath
'/lib/modules/3.10.0-1160.92.1.el7.x86_64/kernel/drivers/net/wireless/ath/ath.ko.xz' -> '/tmp/rear.hvWqMGkcXVEGC9y/rootfs/lib/modules/3.10.0-1160.92.1.el7.x86_64/kernel/drivers/net/wireless/ath/ath.ko.xz'
'/lib/modules/3.10.0-1160.92.1.el7.x86_64/kernel/net/rfkill/rfkill.ko.xz' -> '/tmp/rear.hvWqMGkcXVEGC9y/rootfs/lib/modules/3.10.0-1160.92.1.el7.x86_64/kernel/net/rfkill/rfkill.ko.xz'
/lib/modules/3.10.0-1160.92.1.el7.x86_64/kernel/net/wireless -> /tmp/rear.hvWqMGkcXVEGC9y/rootfs/lib/modules/3.10.0-1160.92.1.el7.x86_64/kernel/net/wireless
'/lib/modules/3.10.0-1160.92.1.el7.x86_64/kernel/net/wireless/cfg80211.ko.xz' -> '/tmp/rear.hvWqMGkcXVEGC9y/rootfs/lib/modules/3.10.0-1160.92.1.el7.x86_64/kernel/net/wireless/cfg80211.ko.xz'
'/lib/modules/3.10.0-1160.92.1.el7.x86_64/kernel/drivers/net/wireless/ath/ath.ko.xz' -> '/tmp/rear.hvWqMGkcXVEGC9y/rootfs/lib/modules/3.10.0-1160.92.1.el7.x86_64/kernel/drivers/net/wireless/ath/ath.ko.xz'
/lib/modules/3.10.0-1160.92.1.el7.x86_64/kernel/drivers/net/wireless/ath/ath10k -> /tmp/rear.hvWqMGkcXVEGC9y/rootfs/lib/modules/3.10.0-1160.92.1.el7.x86_64/kernel/drivers/net/wireless/ath/ath10k
'/lib/modules/3.10.0-1160.92.1.el7.x86_64/kernel/drivers/net/wireless/ath/ath10k/ath10k_core.ko.xz' -> '/tmp/rear.hvWqMGkcXVEGC9y/rootfs/lib/modules/3.10.0-1160.92.1.el7.x86_64/kernel/drivers/net/wireless/ath/ath10k/ath10k_core.ko.xz'
/lib/modules/3.10.0-1160.92.1.el7.x86_64/kernel/net/mac80211 -> /tmp/rear.hvWqMGkcXVEGC9y/rootfs/lib/modules/3.10.0-1160.92.1.el7.x86_64/kernel/net/mac80211
'/lib/modules/3.10.0-1160.92.1.el7.x86_64/kernel/net/mac80211/mac80211.ko.xz' -> '/tmp/rear.hvWqMGkcXVEGC9y/rootfs/lib/modules/3.10.0-1160.92.1.el7.x86_64/kernel/net/mac80211/mac80211.ko.xz'
'/lib/modules/3.10.0-1160.92.1.el7.x86_64/kernel/net/rfkill/rfkill.ko.xz' -> '/tmp/rear.hvWqMGkcXVEGC9y/rootfs/lib/modules/3.10.0-1160.92.1.el7.x86_64/kernel/net/rfkill/rfkill.ko.xz'
'/lib/modules/3.10.0-1160.92.1.el7.x86_64/kernel/net/wireless/cfg80211.ko.xz' -> '/tmp/rear.hvWqMGkcXVEGC9y/rootfs/lib/modules/3.10.0-1160.92.1.el7.x86_64/kernel/net/wireless/cfg80211.ko.xz'
'/lib/modules/3.10.0-1160.92.1.el7.x86_64/kernel/drivers/net/wireless/ath/ath.ko.xz' -> '/tmp/rear.hvWqMGkcXVEGC9y/rootfs/lib/modules/3.10.0-1160.92.1.el7.x86_64/kernel/drivers/net/wireless/ath/ath.ko.xz'
'/lib/modules/3.10.0-1160.92.1.el7.x86_64/kernel/drivers/net/wireless/ath/ath10k/ath10k_core.ko.xz' -> '/tmp/rear.hvWqMGkcXVEGC9y/rootfs/lib/modules/3.10.0-1160.92.1.el7.x86_64/kernel/drivers/net/wireless/ath/ath10k/ath10k_core.ko.xz'
'/lib/modules/3.10.0-1160.92.1.el7.x86_64/kernel/drivers/net/wireless/ath/ath10k/ath10k_pci.ko.xz' -> '/tmp/rear.hvWqMGkcXVEGC9y/rootfs/lib/modules/3.10.0-1160.92.1.el7.x86_64/kernel/drivers/net/wireless/ath/ath10k/ath10k_pci.ko.xz'
'/lib/modules/3.10.0-1160.92.1.el7.x86_64/kernel/net/mac80211/mac80211.ko.xz' -> '/tmp/rear.hvWqMGkcXVEGC9y/rootfs/lib/modules/3.10.0-1160.92.1.el7.x86_64/kernel/net/mac80211/mac80211.ko.xz'
'/lib/modules/3.10.0-1160.92.1.el7.x86_64/kernel/net/rfkill/rfkill.ko.xz' -> '/tmp/rear.hvWqMGkcXVEGC9y/rootfs/lib/modules/3.10.0-1160.92.1.el7.x86_64/kernel/net/rfkill/rfkill.ko.xz'
'/lib/modules/3.10.0-1160.92.1.el7.x86_64/kernel/net/wireless/cfg80211.ko.xz' -> '/tmp/rear.hvWqMGkcXVEGC9y/rootfs/lib/modules/3.10.0-1160.92.1.el7.x86_64/kernel/net/wireless/cfg80211.ko.xz'
'/lib/modules/3.10.0-1160.92.1.el7.x86_64/kernel/drivers/net/wireless/ath/ath.ko.xz' -> '/tmp/rear.hvWqMGkcXVEGC9y/rootfs/lib/modules/3.10.0-1160.92.1.el7.x86_64/kernel/drivers/net/wireless/ath/ath.ko.xz'
/lib/modules/3.10.0-1160.92.1.el7.x86_64/kernel/drivers/net/wireless/ath/ath9k -> /tmp/rear.hvWqMGkcXVEGC9y/rootfs/lib/modules/3.10.0-1160.92.1.el7.x86_64/kernel/drivers/net/wireless/ath/ath9k
'/lib/modules/3.10.0-1160.92.1.el7.x86_64/kernel/drivers/net/wireless/ath/ath9k/ath9k.ko.xz' -> '/tmp/rear.hvWqMGkcXVEGC9y/rootfs/lib/modules/3.10.0-1160.92.1.el7.x86_64/kernel/drivers/net/wireless/ath/ath9k/ath9k.ko.xz'
'/lib/modules/3.10.0-1160.92.1.el7.x86_64/kernel/drivers/net/wireless/ath/ath9k/ath9k_common.ko.xz' -> '/tmp/rear.hvWqMGkcXVEGC9y/rootfs/lib/modules/3.10.0-1160.92.1.el7.x86_64/kernel/drivers/net/wireless/ath/ath9k/ath9k_common.ko.xz'
'/lib/modules/3.10.0-1160.92.1.el7.x86_64/kernel/drivers/net/wireless/ath/ath9k/ath9k_hw.ko.xz' -> '/tmp/rear.hvWqMGkcXVEGC9y/rootfs/lib/modules/3.10.0-1160.92.1.el7.x86_64/kernel/drivers/net/wireless/ath/ath9k/ath9k_hw.ko.xz'
'/lib/modules/3.10.0-1160.92.1.el7.x86_64/kernel/net/mac80211/mac80211.ko.xz' -> '/tmp/rear.hvWqMGkcXVEGC9y/rootfs/lib/modules/3.10.0-1160.92.1.el7.x86_64/kernel/net/mac80211/mac80211.ko.xz'
'/lib/modules/3.10.0-1160.92.1.el7.x86_64/kernel/net/rfkill/rfkill.ko.xz' -> '/tmp/rear.hvWqMGkcXVEGC9y/rootfs/lib/modules/3.10.0-1160.92.1.el7.x86_64/kernel/net/rfkill/rfkill.ko.xz'
'/lib/modules/3.10.0-1160.92.1.el7.x86_64/kernel/net/wireless/cfg80211.ko.xz' -> '/tmp/rear.hvWqMGkcXVEGC9y/rootfs/lib/modules/3.10.0-1160.92.1.el7.x86_64/kernel/net/wireless/cfg80211.ko.xz'
'/lib/modules/3.10.0-1160.92.1.el7.x86_64/kernel/drivers/net/wireless/ath/ath.ko.xz' -> '/tmp/rear.hvWqMGkcXVEGC9y/rootfs/lib/modules/3.10.0-1160.92.1.el7.x86_64/kernel/drivers/net/wireless/ath/ath.ko.xz'
'/lib/modules/3.10.0-1160.92.1.el7.x86_64/kernel/drivers/net/wireless/ath/ath9k/ath9k_common.ko.xz' -> '/tmp/rear.hvWqMGkcXVEGC9y/rootfs/lib/modules/3.10.0-1160.92.1.el7.x86_64/kernel/drivers/net/wireless/ath/ath9k/ath9k_common.ko.xz'
'/lib/modules/3.10.0-1160.92.1.el7.x86_64/kernel/drivers/net/wireless/ath/ath9k/ath9k_hw.ko.xz' -> '/tmp/rear.hvWqMGkcXVEGC9y/rootfs/lib/modules/3.10.0-1160.92.1.el7.x86_64/kernel/drivers/net/wireless/ath/ath9k/ath9k_hw.ko.xz'
'/lib/modules/3.10.0-1160.92.1.el7.x86_64/kernel/net/rfkill/rfkill.ko.xz' -> '/tmp/rear.hvWqMGkcXVEGC9y/rootfs/lib/modules/3.10.0-1160.92.1.el7.x86_64/kernel/net/rfkill/rfkill.ko.xz'
'/lib/modules/3.10.0-1160.92.1.el7.x86_64/kernel/net/wireless/cfg80211.ko.xz' -> '/tmp/rear.hvWqMGkcXVEGC9y/rootfs/lib/modules/3.10.0-1160.92.1.el7.x86_64/kernel/net/wireless/cfg80211.ko.xz'
'/lib/modules/3.10.0-1160.92.1.el7.x86_64/kernel/drivers/net/wireless/ath/ath.ko.xz' -> '/tmp/rear.hvWqMGkcXVEGC9y/rootfs/lib/modules/3.10.0-1160.92.1.el7.x86_64/kernel/drivers/net/wireless/ath/ath.ko.xz'
'/lib/modules/3.10.0-1160.92.1.el7.x86_64/kernel/drivers/net/wireless/ath/ath9k/ath9k_common.ko.xz' -> '/tmp/rear.hvWqMGkcXVEGC9y/rootfs/lib/modules/3.10.0-1160.92.1.el7.x86_64/kernel/drivers/net/wireless/ath/ath9k/ath9k_common.ko.xz'
'/lib/modules/3.10.0-1160.92.1.el7.x86_64/kernel/drivers/net/wireless/ath/ath9k/ath9k_htc.ko.xz' -> '/tmp/rear.hvWqMGkcXVEGC9y/rootfs/lib/modules/3.10.0-1160.92.1.el7.x86_64/kernel/drivers/net/wireless/ath/ath9k/ath9k_htc.ko.xz'
'/lib/modules/3.10.0-1160.92.1.el7.x86_64/kernel/drivers/net/wireless/ath/ath9k/ath9k_hw.ko.xz' -> '/tmp/rear.hvWqMGkcXVEGC9y/rootfs/lib/modules/3.10.0-1160.92.1.el7.x86_64/kernel/drivers/net/wireless/ath/ath9k/ath9k_hw.ko.xz'
'/lib/modules/3.10.0-1160.92.1.el7.x86_64/kernel/net/mac80211/mac80211.ko.xz' -> '/tmp/rear.hvWqMGkcXVEGC9y/rootfs/lib/modules/3.10.0-1160.92.1.el7.x86_64/kernel/net/mac80211/mac80211.ko.xz'
'/lib/modules/3.10.0-1160.92.1.el7.x86_64/kernel/net/rfkill/rfkill.ko.xz' -> '/tmp/rear.hvWqMGkcXVEGC9y/rootfs/lib/modules/3.10.0-1160.92.1.el7.x86_64/kernel/net/rfkill/rfkill.ko.xz'
'/lib/modules/3.10.0-1160.92.1.el7.x86_64/kernel/net/wireless/cfg80211.ko.xz' -> '/tmp/rear.hvWqMGkcXVEGC9y/rootfs/lib/modules/3.10.0-1160.92.1.el7.x86_64/kernel/net/wireless/cfg80211.ko.xz'
'/lib/modules/3.10.0-1160.92.1.el7.x86_64/kernel/drivers/net/wireless/ath/ath.ko.xz' -> '/tmp/rear.hvWqMGkcXVEGC9y/rootfs/lib/modules/3.10.0-1160.92.1.el7.x86_64/kernel/drivers/net/wireless/ath/ath.ko.xz'
'/lib/modules/3.10.0-1160.92.1.el7.x86_64/kernel/drivers/net/wireless/ath/ath9k/ath9k_hw.ko.xz' -> '/tmp/rear.hvWqMGkcXVEGC9y/rootfs/lib/modules/3.10.0-1160.92.1.el7.x86_64/kernel/drivers/net/wireless/ath/ath9k/ath9k_hw.ko.xz'
'/lib/modules/3.10.0-1160.92.1.el7.x86_64/kernel/net/rfkill/rfkill.ko.xz' -> '/tmp/rear.hvWqMGkcXVEGC9y/rootfs/lib/modules/3.10.0-1160.92.1.el7.x86_64/kernel/net/rfkill/rfkill.ko.xz'
'/lib/modules/3.10.0-1160.92.1.el7.x86_64/kernel/net/wireless/cfg80211.ko.xz' -> '/tmp/rear.hvWqMGkcXVEGC9y/rootfs/lib/modules/3.10.0-1160.92.1.el7.x86_64/kernel/net/wireless/cfg80211.ko.xz'
'/lib/modules/3.10.0-1160.92.1.el7.x86_64/kernel/drivers/net/wireless/ath/ath.ko.xz' -> '/tmp/rear.hvWqMGkcXVEGC9y/rootfs/lib/modules/3.10.0-1160.92.1.el7.x86_64/kernel/drivers/net/wireless/ath/ath.ko.xz'
/lib/modules/3.10.0-1160.92.1.el7.x86_64/kernel/drivers/net/wireless/ath/carl9170 -> /tmp/rear.hvWqMGkcXVEGC9y/rootfs/lib/modules/3.10.0-1160.92.1.el7.x86_64/kernel/drivers/net/wireless/ath/carl9170
'/lib/modules/3.10.0-1160.92.1.el7.x86_64/kernel/drivers/net/wireless/ath/carl9170/carl9170.ko.xz' -> '/tmp/rear.hvWqMGkcXVEGC9y/rootfs/lib/modules/3.10.0-1160.92.1.el7.x86_64/kernel/drivers/net/wireless/ath/carl9170/carl9170.ko.xz'
'/lib/modules/3.10.0-1160.92.1.el7.x86_64/kernel/net/mac80211/mac80211.ko.xz' -> '/tmp/rear.hvWqMGkcXVEGC9y/rootfs/lib/modules/3.10.0-1160.92.1.el7.x86_64/kernel/net/mac80211/mac80211.ko.xz'
'/lib/modules/3.10.0-1160.92.1.el7.x86_64/kernel/net/rfkill/rfkill.ko.xz' -> '/tmp/rear.hvWqMGkcXVEGC9y/rootfs/lib/modules/3.10.0-1160.92.1.el7.x86_64/kernel/net/rfkill/rfkill.ko.xz'
'/lib/modules/3.10.0-1160.92.1.el7.x86_64/kernel/net/wireless/cfg80211.ko.xz' -> '/tmp/rear.hvWqMGkcXVEGC9y/rootfs/lib/modules/3.10.0-1160.92.1.el7.x86_64/kernel/net/wireless/cfg80211.ko.xz'
/lib/modules/3.10.0-1160.92.1.el7.x86_64/kernel/drivers/net/wireless/ath/wil6210 -> /tmp/rear.hvWqMGkcXVEGC9y/rootfs/lib/modules/3.10.0-1160.92.1.el7.x86_64/kernel/drivers/net/wireless/ath/wil6210
'/lib/modules/3.10.0-1160.92.1.el7.x86_64/kernel/drivers/net/wireless/ath/wil6210/wil6210.ko.xz' -> '/tmp/rear.hvWqMGkcXVEGC9y/rootfs/lib/modules/3.10.0-1160.92.1.el7.x86_64/kernel/drivers/net/wireless/ath/wil6210/wil6210.ko.xz'
'/lib/modules/3.10.0-1160.92.1.el7.x86_64/kernel/net/rfkill/rfkill.ko.xz' -> '/tmp/rear.hvWqMGkcXVEGC9y/rootfs/lib/modules/3.10.0-1160.92.1.el7.x86_64/kernel/net/rfkill/rfkill.ko.xz'
'/lib/modules/3.10.0-1160.92.1.el7.x86_64/kernel/net/wireless/cfg80211.ko.xz' -> '/tmp/rear.hvWqMGkcXVEGC9y/rootfs/lib/modules/3.10.0-1160.92.1.el7.x86_64/kernel/net/wireless/cfg80211.ko.xz'
'/lib/modules/3.10.0-1160.92.1.el7.x86_64/kernel/drivers/mmc/core/mmc_core.ko.xz' -> '/tmp/rear.hvWqMGkcXVEGC9y/rootfs/lib/modules/3.10.0-1160.92.1.el7.x86_64/kernel/drivers/mmc/core/mmc_core.ko.xz'
/lib/modules/3.10.0-1160.92.1.el7.x86_64/kernel/drivers/net/wireless/broadcom -> /tmp/rear.hvWqMGkcXVEGC9y/rootfs/lib/modules/3.10.0-1160.92.1.el7.x86_64/kernel/drivers/net/wireless/broadcom
/lib/modules/3.10.0-1160.92.1.el7.x86_64/kernel/drivers/net/wireless/broadcom/brcm80211 -> /tmp/rear.hvWqMGkcXVEGC9y/rootfs/lib/modules/3.10.0-1160.92.1.el7.x86_64/kernel/drivers/net/wireless/broadcom/brcm80211
/lib/modules/3.10.0-1160.92.1.el7.x86_64/kernel/drivers/net/wireless/broadcom/brcm80211/brcmfmac -> /tmp/rear.hvWqMGkcXVEGC9y/rootfs/lib/modules/3.10.0-1160.92.1.el7.x86_64/kernel/drivers/net/wireless/broadcom/brcm80211/brcmfmac
'/lib/modules/3.10.0-1160.92.1.el7.x86_64/kernel/drivers/net/wireless/broadcom/brcm80211/brcmfmac/brcmfmac.ko.xz' -> '/tmp/rear.hvWqMGkcXVEGC9y/rootfs/lib/modules/3.10.0-1160.92.1.el7.x86_64/kernel/drivers/net/wireless/broadcom/brcm80211/brcmfmac/brcmfmac.ko.xz'
/lib/modules/3.10.0-1160.92.1.el7.x86_64/kernel/drivers/net/wireless/broadcom/brcm80211/brcmutil -> /tmp/rear.hvWqMGkcXVEGC9y/rootfs/lib/modules/3.10.0-1160.92.1.el7.x86_64/kernel/drivers/net/wireless/broadcom/brcm80211/brcmutil
'/lib/modules/3.10.0-1160.92.1.el7.x86_64/kernel/drivers/net/wireless/broadcom/brcm80211/brcmutil/brcmutil.ko.xz' -> '/tmp/rear.hvWqMGkcXVEGC9y/rootfs/lib/modules/3.10.0-1160.92.1.el7.x86_64/kernel/drivers/net/wireless/broadcom/brcm80211/brcmutil/brcmutil.ko.xz'
'/lib/modules/3.10.0-1160.92.1.el7.x86_64/kernel/net/rfkill/rfkill.ko.xz' -> '/tmp/rear.hvWqMGkcXVEGC9y/rootfs/lib/modules/3.10.0-1160.92.1.el7.x86_64/kernel/net/rfkill/rfkill.ko.xz'
'/lib/modules/3.10.0-1160.92.1.el7.x86_64/kernel/net/wireless/cfg80211.ko.xz' -> '/tmp/rear.hvWqMGkcXVEGC9y/rootfs/lib/modules/3.10.0-1160.92.1.el7.x86_64/kernel/net/wireless/cfg80211.ko.xz'
/lib/modules/3.10.0-1160.92.1.el7.x86_64/kernel/drivers/bcma -> /tmp/rear.hvWqMGkcXVEGC9y/rootfs/lib/modules/3.10.0-1160.92.1.el7.x86_64/kernel/drivers/bcma
'/lib/modules/3.10.0-1160.92.1.el7.x86_64/kernel/drivers/bcma/bcma.ko.xz' -> '/tmp/rear.hvWqMGkcXVEGC9y/rootfs/lib/modules/3.10.0-1160.92.1.el7.x86_64/kernel/drivers/bcma/bcma.ko.xz'
/lib/modules/3.10.0-1160.92.1.el7.x86_64/kernel/drivers/net/wireless/broadcom/brcm80211/brcmsmac -> /tmp/rear.hvWqMGkcXVEGC9y/rootfs/lib/modules/3.10.0-1160.92.1.el7.x86_64/kernel/drivers/net/wireless/broadcom/brcm80211/brcmsmac
'/lib/modules/3.10.0-1160.92.1.el7.x86_64/kernel/drivers/net/wireless/broadcom/brcm80211/brcmsmac/brcmsmac.ko.xz' -> '/tmp/rear.hvWqMGkcXVEGC9y/rootfs/lib/modules/3.10.0-1160.92.1.el7.x86_64/kernel/drivers/net/wireless/broadcom/brcm80211/brcmsmac/brcmsmac.ko.xz'
'/lib/modules/3.10.0-1160.92.1.el7.x86_64/kernel/drivers/net/wireless/broadcom/brcm80211/brcmutil/brcmutil.ko.xz' -> '/tmp/rear.hvWqMGkcXVEGC9y/rootfs/lib/modules/3.10.0-1160.92.1.el7.x86_64/kernel/drivers/net/wireless/broadcom/brcm80211/brcmutil/brcmutil.ko.xz'
'/lib/modules/3.10.0-1160.92.1.el7.x86_64/kernel/lib/cordic.ko.xz' -> '/tmp/rear.hvWqMGkcXVEGC9y/rootfs/lib/modules/3.10.0-1160.92.1.el7.x86_64/kernel/lib/cordic.ko.xz'
'/lib/modules/3.10.0-1160.92.1.el7.x86_64/kernel/net/mac80211/mac80211.ko.xz' -> '/tmp/rear.hvWqMGkcXVEGC9y/rootfs/lib/modules/3.10.0-1160.92.1.el7.x86_64/kernel/net/mac80211/mac80211.ko.xz'
'/lib/modules/3.10.0-1160.92.1.el7.x86_64/kernel/net/rfkill/rfkill.ko.xz' -> '/tmp/rear.hvWqMGkcXVEGC9y/rootfs/lib/modules/3.10.0-1160.92.1.el7.x86_64/kernel/net/rfkill/rfkill.ko.xz'
'/lib/modules/3.10.0-1160.92.1.el7.x86_64/kernel/net/wireless/cfg80211.ko.xz' -> '/tmp/rear.hvWqMGkcXVEGC9y/rootfs/lib/modules/3.10.0-1160.92.1.el7.x86_64/kernel/net/wireless/cfg80211.ko.xz'
'/lib/modules/3.10.0-1160.92.1.el7.x86_64/kernel/drivers/net/wireless/broadcom/brcm80211/brcmutil/brcmutil.ko.xz' -> '/tmp/rear.hvWqMGkcXVEGC9y/rootfs/lib/modules/3.10.0-1160.92.1.el7.x86_64/kernel/drivers/net/wireless/broadcom/brcm80211/brcmutil/brcmutil.ko.xz'
/lib/modules/3.10.0-1160.92.1.el7.x86_64/kernel/drivers/net/wireless/intel -> /tmp/rear.hvWqMGkcXVEGC9y/rootfs/lib/modules/3.10.0-1160.92.1.el7.x86_64/kernel/drivers/net/wireless/intel
/lib/modules/3.10.0-1160.92.1.el7.x86_64/kernel/drivers/net/wireless/intel/iwlegacy -> /tmp/rear.hvWqMGkcXVEGC9y/rootfs/lib/modules/3.10.0-1160.92.1.el7.x86_64/kernel/drivers/net/wireless/intel/iwlegacy
'/lib/modules/3.10.0-1160.92.1.el7.x86_64/kernel/drivers/net/wireless/intel/iwlegacy/iwl3945.ko.xz' -> '/tmp/rear.hvWqMGkcXVEGC9y/rootfs/lib/modules/3.10.0-1160.92.1.el7.x86_64/kernel/drivers/net/wireless/intel/iwlegacy/iwl3945.ko.xz'
'/lib/modules/3.10.0-1160.92.1.el7.x86_64/kernel/drivers/net/wireless/intel/iwlegacy/iwlegacy.ko.xz' -> '/tmp/rear.hvWqMGkcXVEGC9y/rootfs/lib/modules/3.10.0-1160.92.1.el7.x86_64/kernel/drivers/net/wireless/intel/iwlegacy/iwlegacy.ko.xz'
'/lib/modules/3.10.0-1160.92.1.el7.x86_64/kernel/net/mac80211/mac80211.ko.xz' -> '/tmp/rear.hvWqMGkcXVEGC9y/rootfs/lib/modules/3.10.0-1160.92.1.el7.x86_64/kernel/net/mac80211/mac80211.ko.xz'
'/lib/modules/3.10.0-1160.92.1.el7.x86_64/kernel/net/rfkill/rfkill.ko.xz' -> '/tmp/rear.hvWqMGkcXVEGC9y/rootfs/lib/modules/3.10.0-1160.92.1.el7.x86_64/kernel/net/rfkill/rfkill.ko.xz'
'/lib/modules/3.10.0-1160.92.1.el7.x86_64/kernel/net/wireless/cfg80211.ko.xz' -> '/tmp/rear.hvWqMGkcXVEGC9y/rootfs/lib/modules/3.10.0-1160.92.1.el7.x86_64/kernel/net/wireless/cfg80211.ko.xz'
'/lib/modules/3.10.0-1160.92.1.el7.x86_64/kernel/drivers/net/wireless/intel/iwlegacy/iwl4965.ko.xz' -> '/tmp/rear.hvWqMGkcXVEGC9y/rootfs/lib/modules/3.10.0-1160.92.1.el7.x86_64/kernel/drivers/net/wireless/intel/iwlegacy/iwl4965.ko.xz'
'/lib/modules/3.10.0-1160.92.1.el7.x86_64/kernel/drivers/net/wireless/intel/iwlegacy/iwlegacy.ko.xz' -> '/tmp/rear.hvWqMGkcXVEGC9y/rootfs/lib/modules/3.10.0-1160.92.1.el7.x86_64/kernel/drivers/net/wireless/intel/iwlegacy/iwlegacy.ko.xz'
'/lib/modules/3.10.0-1160.92.1.el7.x86_64/kernel/net/mac80211/mac80211.ko.xz' -> '/tmp/rear.hvWqMGkcXVEGC9y/rootfs/lib/modules/3.10.0-1160.92.1.el7.x86_64/kernel/net/mac80211/mac80211.ko.xz'
'/lib/modules/3.10.0-1160.92.1.el7.x86_64/kernel/net/rfkill/rfkill.ko.xz' -> '/tmp/rear.hvWqMGkcXVEGC9y/rootfs/lib/modules/3.10.0-1160.92.1.el7.x86_64/kernel/net/rfkill/rfkill.ko.xz'
'/lib/modules/3.10.0-1160.92.1.el7.x86_64/kernel/net/wireless/cfg80211.ko.xz' -> '/tmp/rear.hvWqMGkcXVEGC9y/rootfs/lib/modules/3.10.0-1160.92.1.el7.x86_64/kernel/net/wireless/cfg80211.ko.xz'
'/lib/modules/3.10.0-1160.92.1.el7.x86_64/kernel/drivers/net/wireless/intel/iwlegacy/iwlegacy.ko.xz' -> '/tmp/rear.hvWqMGkcXVEGC9y/rootfs/lib/modules/3.10.0-1160.92.1.el7.x86_64/kernel/drivers/net/wireless/intel/iwlegacy/iwlegacy.ko.xz'
'/lib/modules/3.10.0-1160.92.1.el7.x86_64/kernel/net/mac80211/mac80211.ko.xz' -> '/tmp/rear.hvWqMGkcXVEGC9y/rootfs/lib/modules/3.10.0-1160.92.1.el7.x86_64/kernel/net/mac80211/mac80211.ko.xz'
'/lib/modules/3.10.0-1160.92.1.el7.x86_64/kernel/net/rfkill/rfkill.ko.xz' -> '/tmp/rear.hvWqMGkcXVEGC9y/rootfs/lib/modules/3.10.0-1160.92.1.el7.x86_64/kernel/net/rfkill/rfkill.ko.xz'
'/lib/modules/3.10.0-1160.92.1.el7.x86_64/kernel/net/wireless/cfg80211.ko.xz' -> '/tmp/rear.hvWqMGkcXVEGC9y/rootfs/lib/modules/3.10.0-1160.92.1.el7.x86_64/kernel/net/wireless/cfg80211.ko.xz'
/lib/modules/3.10.0-1160.92.1.el7.x86_64/kernel/drivers/net/wireless/intel/iwlwifi -> /tmp/rear.hvWqMGkcXVEGC9y/rootfs/lib/modules/3.10.0-1160.92.1.el7.x86_64/kernel/drivers/net/wireless/intel/iwlwifi
/lib/modules/3.10.0-1160.92.1.el7.x86_64/kernel/drivers/net/wireless/intel/iwlwifi/dvm -> /tmp/rear.hvWqMGkcXVEGC9y/rootfs/lib/modules/3.10.0-1160.92.1.el7.x86_64/kernel/drivers/net/wireless/intel/iwlwifi/dvm
'/lib/modules/3.10.0-1160.92.1.el7.x86_64/kernel/drivers/net/wireless/intel/iwlwifi/dvm/iwldvm.ko.xz' -> '/tmp/rear.hvWqMGkcXVEGC9y/rootfs/lib/modules/3.10.0-1160.92.1.el7.x86_64/kernel/drivers/net/wireless/intel/iwlwifi/dvm/iwldvm.ko.xz'
'/lib/modules/3.10.0-1160.92.1.el7.x86_64/kernel/drivers/net/wireless/intel/iwlwifi/iwlwifi.ko.xz' -> '/tmp/rear.hvWqMGkcXVEGC9y/rootfs/lib/modules/3.10.0-1160.92.1.el7.x86_64/kernel/drivers/net/wireless/intel/iwlwifi/iwlwifi.ko.xz'
'/lib/modules/3.10.0-1160.92.1.el7.x86_64/kernel/net/mac80211/mac80211.ko.xz' -> '/tmp/rear.hvWqMGkcXVEGC9y/rootfs/lib/modules/3.10.0-1160.92.1.el7.x86_64/kernel/net/mac80211/mac80211.ko.xz'
'/lib/modules/3.10.0-1160.92.1.el7.x86_64/kernel/net/rfkill/rfkill.ko.xz' -> '/tmp/rear.hvWqMGkcXVEGC9y/rootfs/lib/modules/3.10.0-1160.92.1.el7.x86_64/kernel/net/rfkill/rfkill.ko.xz'
'/lib/modules/3.10.0-1160.92.1.el7.x86_64/kernel/net/wireless/cfg80211.ko.xz' -> '/tmp/rear.hvWqMGkcXVEGC9y/rootfs/lib/modules/3.10.0-1160.92.1.el7.x86_64/kernel/net/wireless/cfg80211.ko.xz'
'/lib/modules/3.10.0-1160.92.1.el7.x86_64/kernel/drivers/net/wireless/intel/iwlwifi/iwlwifi.ko.xz' -> '/tmp/rear.hvWqMGkcXVEGC9y/rootfs/lib/modules/3.10.0-1160.92.1.el7.x86_64/kernel/drivers/net/wireless/intel/iwlwifi/iwlwifi.ko.xz'
'/lib/modules/3.10.0-1160.92.1.el7.x86_64/kernel/net/rfkill/rfkill.ko.xz' -> '/tmp/rear.hvWqMGkcXVEGC9y/rootfs/lib/modules/3.10.0-1160.92.1.el7.x86_64/kernel/net/rfkill/rfkill.ko.xz'
'/lib/modules/3.10.0-1160.92.1.el7.x86_64/kernel/net/wireless/cfg80211.ko.xz' -> '/tmp/rear.hvWqMGkcXVEGC9y/rootfs/lib/modules/3.10.0-1160.92.1.el7.x86_64/kernel/net/wireless/cfg80211.ko.xz'
'/lib/modules/3.10.0-1160.92.1.el7.x86_64/kernel/drivers/net/wireless/intel/iwlwifi/iwlwifi.ko.xz' -> '/tmp/rear.hvWqMGkcXVEGC9y/rootfs/lib/modules/3.10.0-1160.92.1.el7.x86_64/kernel/drivers/net/wireless/intel/iwlwifi/iwlwifi.ko.xz'
/lib/modules/3.10.0-1160.92.1.el7.x86_64/kernel/drivers/net/wireless/intel/iwlwifi/mvm -> /tmp/rear.hvWqMGkcXVEGC9y/rootfs/lib/modules/3.10.0-1160.92.1.el7.x86_64/kernel/drivers/net/wireless/intel/iwlwifi/mvm
'/lib/modules/3.10.0-1160.92.1.el7.x86_64/kernel/drivers/net/wireless/intel/iwlwifi/mvm/iwlmvm.ko.xz' -> '/tmp/rear.hvWqMGkcXVEGC9y/rootfs/lib/modules/3.10.0-1160.92.1.el7.x86_64/kernel/drivers/net/wireless/intel/iwlwifi/mvm/iwlmvm.ko.xz'
'/lib/modules/3.10.0-1160.92.1.el7.x86_64/kernel/net/mac80211/mac80211.ko.xz' -> '/tmp/rear.hvWqMGkcXVEGC9y/rootfs/lib/modules/3.10.0-1160.92.1.el7.x86_64/kernel/net/mac80211/mac80211.ko.xz'
'/lib/modules/3.10.0-1160.92.1.el7.x86_64/kernel/net/rfkill/rfkill.ko.xz' -> '/tmp/rear.hvWqMGkcXVEGC9y/rootfs/lib/modules/3.10.0-1160.92.1.el7.x86_64/kernel/net/rfkill/rfkill.ko.xz'
'/lib/modules/3.10.0-1160.92.1.el7.x86_64/kernel/net/wireless/cfg80211.ko.xz' -> '/tmp/rear.hvWqMGkcXVEGC9y/rootfs/lib/modules/3.10.0-1160.92.1.el7.x86_64/kernel/net/wireless/cfg80211.ko.xz'
'/lib/modules/3.10.0-1160.92.1.el7.x86_64/kernel/drivers/net/wireless/mac80211_hwsim.ko.xz' -> '/tmp/rear.hvWqMGkcXVEGC9y/rootfs/lib/modules/3.10.0-1160.92.1.el7.x86_64/kernel/drivers/net/wireless/mac80211_hwsim.ko.xz'
'/lib/modules/3.10.0-1160.92.1.el7.x86_64/kernel/net/mac80211/mac80211.ko.xz' -> '/tmp/rear.hvWqMGkcXVEGC9y/rootfs/lib/modules/3.10.0-1160.92.1.el7.x86_64/kernel/net/mac80211/mac80211.ko.xz'
'/lib/modules/3.10.0-1160.92.1.el7.x86_64/kernel/net/rfkill/rfkill.ko.xz' -> '/tmp/rear.hvWqMGkcXVEGC9y/rootfs/lib/modules/3.10.0-1160.92.1.el7.x86_64/kernel/net/rfkill/rfkill.ko.xz'
'/lib/modules/3.10.0-1160.92.1.el7.x86_64/kernel/net/wireless/cfg80211.ko.xz' -> '/tmp/rear.hvWqMGkcXVEGC9y/rootfs/lib/modules/3.10.0-1160.92.1.el7.x86_64/kernel/net/wireless/cfg80211.ko.xz'
/lib/modules/3.10.0-1160.92.1.el7.x86_64/kernel/drivers/net/wireless/marvell -> /tmp/rear.hvWqMGkcXVEGC9y/rootfs/lib/modules/3.10.0-1160.92.1.el7.x86_64/kernel/drivers/net/wireless/marvell
/lib/modules/3.10.0-1160.92.1.el7.x86_64/kernel/drivers/net/wireless/marvell/mwifiex -> /tmp/rear.hvWqMGkcXVEGC9y/rootfs/lib/modules/3.10.0-1160.92.1.el7.x86_64/kernel/drivers/net/wireless/marvell/mwifiex
'/lib/modules/3.10.0-1160.92.1.el7.x86_64/kernel/drivers/net/wireless/marvell/mwifiex/mwifiex.ko.xz' -> '/tmp/rear.hvWqMGkcXVEGC9y/rootfs/lib/modules/3.10.0-1160.92.1.el7.x86_64/kernel/drivers/net/wireless/marvell/mwifiex/mwifiex.ko.xz'
'/lib/modules/3.10.0-1160.92.1.el7.x86_64/kernel/net/rfkill/rfkill.ko.xz' -> '/tmp/rear.hvWqMGkcXVEGC9y/rootfs/lib/modules/3.10.0-1160.92.1.el7.x86_64/kernel/net/rfkill/rfkill.ko.xz'
'/lib/modules/3.10.0-1160.92.1.el7.x86_64/kernel/net/wireless/cfg80211.ko.xz' -> '/tmp/rear.hvWqMGkcXVEGC9y/rootfs/lib/modules/3.10.0-1160.92.1.el7.x86_64/kernel/net/wireless/cfg80211.ko.xz'
'/lib/modules/3.10.0-1160.92.1.el7.x86_64/kernel/drivers/net/wireless/marvell/mwifiex/mwifiex.ko.xz' -> '/tmp/rear.hvWqMGkcXVEGC9y/rootfs/lib/modules/3.10.0-1160.92.1.el7.x86_64/kernel/drivers/net/wireless/marvell/mwifiex/mwifiex.ko.xz'
'/lib/modules/3.10.0-1160.92.1.el7.x86_64/kernel/drivers/net/wireless/marvell/mwifiex/mwifiex_pcie.ko.xz' -> '/tmp/rear.hvWqMGkcXVEGC9y/rootfs/lib/modules/3.10.0-1160.92.1.el7.x86_64/kernel/drivers/net/wireless/marvell/mwifiex/mwifiex_pcie.ko.xz'
'/lib/modules/3.10.0-1160.92.1.el7.x86_64/kernel/net/rfkill/rfkill.ko.xz' -> '/tmp/rear.hvWqMGkcXVEGC9y/rootfs/lib/modules/3.10.0-1160.92.1.el7.x86_64/kernel/net/rfkill/rfkill.ko.xz'
'/lib/modules/3.10.0-1160.92.1.el7.x86_64/kernel/net/wireless/cfg80211.ko.xz' -> '/tmp/rear.hvWqMGkcXVEGC9y/rootfs/lib/modules/3.10.0-1160.92.1.el7.x86_64/kernel/net/wireless/cfg80211.ko.xz'
'/lib/modules/3.10.0-1160.92.1.el7.x86_64/kernel/drivers/mmc/core/mmc_core.ko.xz' -> '/tmp/rear.hvWqMGkcXVEGC9y/rootfs/lib/modules/3.10.0-1160.92.1.el7.x86_64/kernel/drivers/mmc/core/mmc_core.ko.xz'
'/lib/modules/3.10.0-1160.92.1.el7.x86_64/kernel/drivers/net/wireless/marvell/mwifiex/mwifiex.ko.xz' -> '/tmp/rear.hvWqMGkcXVEGC9y/rootfs/lib/modules/3.10.0-1160.92.1.el7.x86_64/kernel/drivers/net/wireless/marvell/mwifiex/mwifiex.ko.xz'
'/lib/modules/3.10.0-1160.92.1.el7.x86_64/kernel/drivers/net/wireless/marvell/mwifiex/mwifiex_sdio.ko.xz' -> '/tmp/rear.hvWqMGkcXVEGC9y/rootfs/lib/modules/3.10.0-1160.92.1.el7.x86_64/kernel/drivers/net/wireless/marvell/mwifiex/mwifiex_sdio.ko.xz'
'/lib/modules/3.10.0-1160.92.1.el7.x86_64/kernel/net/rfkill/rfkill.ko.xz' -> '/tmp/rear.hvWqMGkcXVEGC9y/rootfs/lib/modules/3.10.0-1160.92.1.el7.x86_64/kernel/net/rfkill/rfkill.ko.xz'
'/lib/modules/3.10.0-1160.92.1.el7.x86_64/kernel/net/wireless/cfg80211.ko.xz' -> '/tmp/rear.hvWqMGkcXVEGC9y/rootfs/lib/modules/3.10.0-1160.92.1.el7.x86_64/kernel/net/wireless/cfg80211.ko.xz'
'/lib/modules/3.10.0-1160.92.1.el7.x86_64/kernel/drivers/net/wireless/marvell/mwifiex/mwifiex.ko.xz' -> '/tmp/rear.hvWqMGkcXVEGC9y/rootfs/lib/modules/3.10.0-1160.92.1.el7.x86_64/kernel/drivers/net/wireless/marvell/mwifiex/mwifiex.ko.xz'
'/lib/modules/3.10.0-1160.92.1.el7.x86_64/kernel/drivers/net/wireless/marvell/mwifiex/mwifiex_usb.ko.xz' -> '/tmp/rear.hvWqMGkcXVEGC9y/rootfs/lib/modules/3.10.0-1160.92.1.el7.x86_64/kernel/drivers/net/wireless/marvell/mwifiex/mwifiex_usb.ko.xz'
'/lib/modules/3.10.0-1160.92.1.el7.x86_64/kernel/net/rfkill/rfkill.ko.xz' -> '/tmp/rear.hvWqMGkcXVEGC9y/rootfs/lib/modules/3.10.0-1160.92.1.el7.x86_64/kernel/net/rfkill/rfkill.ko.xz'
'/lib/modules/3.10.0-1160.92.1.el7.x86_64/kernel/net/wireless/cfg80211.ko.xz' -> '/tmp/rear.hvWqMGkcXVEGC9y/rootfs/lib/modules/3.10.0-1160.92.1.el7.x86_64/kernel/net/wireless/cfg80211.ko.xz'
'/lib/modules/3.10.0-1160.92.1.el7.x86_64/kernel/drivers/net/wireless/marvell/mwl8k.ko.xz' -> '/tmp/rear.hvWqMGkcXVEGC9y/rootfs/lib/modules/3.10.0-1160.92.1.el7.x86_64/kernel/drivers/net/wireless/marvell/mwl8k.ko.xz'
'/lib/modules/3.10.0-1160.92.1.el7.x86_64/kernel/net/mac80211/mac80211.ko.xz' -> '/tmp/rear.hvWqMGkcXVEGC9y/rootfs/lib/modules/3.10.0-1160.92.1.el7.x86_64/kernel/net/mac80211/mac80211.ko.xz'
'/lib/modules/3.10.0-1160.92.1.el7.x86_64/kernel/net/rfkill/rfkill.ko.xz' -> '/tmp/rear.hvWqMGkcXVEGC9y/rootfs/lib/modules/3.10.0-1160.92.1.el7.x86_64/kernel/net/rfkill/rfkill.ko.xz'
'/lib/modules/3.10.0-1160.92.1.el7.x86_64/kernel/net/wireless/cfg80211.ko.xz' -> '/tmp/rear.hvWqMGkcXVEGC9y/rootfs/lib/modules/3.10.0-1160.92.1.el7.x86_64/kernel/net/wireless/cfg80211.ko.xz'
/lib/modules/3.10.0-1160.92.1.el7.x86_64/kernel/drivers/net/wireless/ralink -> /tmp/rear.hvWqMGkcXVEGC9y/rootfs/lib/modules/3.10.0-1160.92.1.el7.x86_64/kernel/drivers/net/wireless/ralink
/lib/modules/3.10.0-1160.92.1.el7.x86_64/kernel/drivers/net/wireless/ralink/rt2x00 -> /tmp/rear.hvWqMGkcXVEGC9y/rootfs/lib/modules/3.10.0-1160.92.1.el7.x86_64/kernel/drivers/net/wireless/ralink/rt2x00
'/lib/modules/3.10.0-1160.92.1.el7.x86_64/kernel/drivers/net/wireless/ralink/rt2x00/rt2800lib.ko.xz' -> '/tmp/rear.hvWqMGkcXVEGC9y/rootfs/lib/modules/3.10.0-1160.92.1.el7.x86_64/kernel/drivers/net/wireless/ralink/rt2x00/rt2800lib.ko.xz'
'/lib/modules/3.10.0-1160.92.1.el7.x86_64/kernel/drivers/net/wireless/ralink/rt2x00/rt2x00lib.ko.xz' -> '/tmp/rear.hvWqMGkcXVEGC9y/rootfs/lib/modules/3.10.0-1160.92.1.el7.x86_64/kernel/drivers/net/wireless/ralink/rt2x00/rt2x00lib.ko.xz'
'/lib/modules/3.10.0-1160.92.1.el7.x86_64/kernel/lib/crc-ccitt.ko.xz' -> '/tmp/rear.hvWqMGkcXVEGC9y/rootfs/lib/modules/3.10.0-1160.92.1.el7.x86_64/kernel/lib/crc-ccitt.ko.xz'
'/lib/modules/3.10.0-1160.92.1.el7.x86_64/kernel/net/mac80211/mac80211.ko.xz' -> '/tmp/rear.hvWqMGkcXVEGC9y/rootfs/lib/modules/3.10.0-1160.92.1.el7.x86_64/kernel/net/mac80211/mac80211.ko.xz'
'/lib/modules/3.10.0-1160.92.1.el7.x86_64/kernel/net/rfkill/rfkill.ko.xz' -> '/tmp/rear.hvWqMGkcXVEGC9y/rootfs/lib/modules/3.10.0-1160.92.1.el7.x86_64/kernel/net/rfkill/rfkill.ko.xz'
'/lib/modules/3.10.0-1160.92.1.el7.x86_64/kernel/net/wireless/cfg80211.ko.xz' -> '/tmp/rear.hvWqMGkcXVEGC9y/rootfs/lib/modules/3.10.0-1160.92.1.el7.x86_64/kernel/net/wireless/cfg80211.ko.xz'
'/lib/modules/3.10.0-1160.92.1.el7.x86_64/kernel/drivers/net/wireless/ralink/rt2x00/rt2800lib.ko.xz' -> '/tmp/rear.hvWqMGkcXVEGC9y/rootfs/lib/modules/3.10.0-1160.92.1.el7.x86_64/kernel/drivers/net/wireless/ralink/rt2x00/rt2800lib.ko.xz'
'/lib/modules/3.10.0-1160.92.1.el7.x86_64/kernel/drivers/net/wireless/ralink/rt2x00/rt2800mmio.ko.xz' -> '/tmp/rear.hvWqMGkcXVEGC9y/rootfs/lib/modules/3.10.0-1160.92.1.el7.x86_64/kernel/drivers/net/wireless/ralink/rt2x00/rt2800mmio.ko.xz'
'/lib/modules/3.10.0-1160.92.1.el7.x86_64/kernel/drivers/net/wireless/ralink/rt2x00/rt2x00lib.ko.xz' -> '/tmp/rear.hvWqMGkcXVEGC9y/rootfs/lib/modules/3.10.0-1160.92.1.el7.x86_64/kernel/drivers/net/wireless/ralink/rt2x00/rt2x00lib.ko.xz'
'/lib/modules/3.10.0-1160.92.1.el7.x86_64/kernel/drivers/net/wireless/ralink/rt2x00/rt2x00mmio.ko.xz' -> '/tmp/rear.hvWqMGkcXVEGC9y/rootfs/lib/modules/3.10.0-1160.92.1.el7.x86_64/kernel/drivers/net/wireless/ralink/rt2x00/rt2x00mmio.ko.xz'
'/lib/modules/3.10.0-1160.92.1.el7.x86_64/kernel/lib/crc-ccitt.ko.xz' -> '/tmp/rear.hvWqMGkcXVEGC9y/rootfs/lib/modules/3.10.0-1160.92.1.el7.x86_64/kernel/lib/crc-ccitt.ko.xz'
'/lib/modules/3.10.0-1160.92.1.el7.x86_64/kernel/net/mac80211/mac80211.ko.xz' -> '/tmp/rear.hvWqMGkcXVEGC9y/rootfs/lib/modules/3.10.0-1160.92.1.el7.x86_64/kernel/net/mac80211/mac80211.ko.xz'
'/lib/modules/3.10.0-1160.92.1.el7.x86_64/kernel/net/rfkill/rfkill.ko.xz' -> '/tmp/rear.hvWqMGkcXVEGC9y/rootfs/lib/modules/3.10.0-1160.92.1.el7.x86_64/kernel/net/rfkill/rfkill.ko.xz'
'/lib/modules/3.10.0-1160.92.1.el7.x86_64/kernel/net/wireless/cfg80211.ko.xz' -> '/tmp/rear.hvWqMGkcXVEGC9y/rootfs/lib/modules/3.10.0-1160.92.1.el7.x86_64/kernel/net/wireless/cfg80211.ko.xz'
/lib/modules/3.10.0-1160.92.1.el7.x86_64/kernel/drivers/misc/eeprom -> /tmp/rear.hvWqMGkcXVEGC9y/rootfs/lib/modules/3.10.0-1160.92.1.el7.x86_64/kernel/drivers/misc/eeprom
'/lib/modules/3.10.0-1160.92.1.el7.x86_64/kernel/drivers/misc/eeprom/eeprom_93cx6.ko.xz' -> '/tmp/rear.hvWqMGkcXVEGC9y/rootfs/lib/modules/3.10.0-1160.92.1.el7.x86_64/kernel/drivers/misc/eeprom/eeprom_93cx6.ko.xz'
'/lib/modules/3.10.0-1160.92.1.el7.x86_64/kernel/drivers/net/wireless/ralink/rt2x00/rt2800lib.ko.xz' -> '/tmp/rear.hvWqMGkcXVEGC9y/rootfs/lib/modules/3.10.0-1160.92.1.el7.x86_64/kernel/drivers/net/wireless/ralink/rt2x00/rt2800lib.ko.xz'
'/lib/modules/3.10.0-1160.92.1.el7.x86_64/kernel/drivers/net/wireless/ralink/rt2x00/rt2800mmio.ko.xz' -> '/tmp/rear.hvWqMGkcXVEGC9y/rootfs/lib/modules/3.10.0-1160.92.1.el7.x86_64/kernel/drivers/net/wireless/ralink/rt2x00/rt2800mmio.ko.xz'
'/lib/modules/3.10.0-1160.92.1.el7.x86_64/kernel/drivers/net/wireless/ralink/rt2x00/rt2800pci.ko.xz' -> '/tmp/rear.hvWqMGkcXVEGC9y/rootfs/lib/modules/3.10.0-1160.92.1.el7.x86_64/kernel/drivers/net/wireless/ralink/rt2x00/rt2800pci.ko.xz'
'/lib/modules/3.10.0-1160.92.1.el7.x86_64/kernel/drivers/net/wireless/ralink/rt2x00/rt2x00lib.ko.xz' -> '/tmp/rear.hvWqMGkcXVEGC9y/rootfs/lib/modules/3.10.0-1160.92.1.el7.x86_64/kernel/drivers/net/wireless/ralink/rt2x00/rt2x00lib.ko.xz'
'/lib/modules/3.10.0-1160.92.1.el7.x86_64/kernel/drivers/net/wireless/ralink/rt2x00/rt2x00mmio.ko.xz' -> '/tmp/rear.hvWqMGkcXVEGC9y/rootfs/lib/modules/3.10.0-1160.92.1.el7.x86_64/kernel/drivers/net/wireless/ralink/rt2x00/rt2x00mmio.ko.xz'
'/lib/modules/3.10.0-1160.92.1.el7.x86_64/kernel/drivers/net/wireless/ralink/rt2x00/rt2x00pci.ko.xz' -> '/tmp/rear.hvWqMGkcXVEGC9y/rootfs/lib/modules/3.10.0-1160.92.1.el7.x86_64/kernel/drivers/net/wireless/ralink/rt2x00/rt2x00pci.ko.xz'
'/lib/modules/3.10.0-1160.92.1.el7.x86_64/kernel/lib/crc-ccitt.ko.xz' -> '/tmp/rear.hvWqMGkcXVEGC9y/rootfs/lib/modules/3.10.0-1160.92.1.el7.x86_64/kernel/lib/crc-ccitt.ko.xz'
'/lib/modules/3.10.0-1160.92.1.el7.x86_64/kernel/net/mac80211/mac80211.ko.xz' -> '/tmp/rear.hvWqMGkcXVEGC9y/rootfs/lib/modules/3.10.0-1160.92.1.el7.x86_64/kernel/net/mac80211/mac80211.ko.xz'
'/lib/modules/3.10.0-1160.92.1.el7.x86_64/kernel/net/rfkill/rfkill.ko.xz' -> '/tmp/rear.hvWqMGkcXVEGC9y/rootfs/lib/modules/3.10.0-1160.92.1.el7.x86_64/kernel/net/rfkill/rfkill.ko.xz'
'/lib/modules/3.10.0-1160.92.1.el7.x86_64/kernel/net/wireless/cfg80211.ko.xz' -> '/tmp/rear.hvWqMGkcXVEGC9y/rootfs/lib/modules/3.10.0-1160.92.1.el7.x86_64/kernel/net/wireless/cfg80211.ko.xz'
'/lib/modules/3.10.0-1160.92.1.el7.x86_64/kernel/drivers/net/wireless/ralink/rt2x00/rt2800lib.ko.xz' -> '/tmp/rear.hvWqMGkcXVEGC9y/rootfs/lib/modules/3.10.0-1160.92.1.el7.x86_64/kernel/drivers/net/wireless/ralink/rt2x00/rt2800lib.ko.xz'
'/lib/modules/3.10.0-1160.92.1.el7.x86_64/kernel/drivers/net/wireless/ralink/rt2x00/rt2800usb.ko.xz' -> '/tmp/rear.hvWqMGkcXVEGC9y/rootfs/lib/modules/3.10.0-1160.92.1.el7.x86_64/kernel/drivers/net/wireless/ralink/rt2x00/rt2800usb.ko.xz'
'/lib/modules/3.10.0-1160.92.1.el7.x86_64/kernel/drivers/net/wireless/ralink/rt2x00/rt2x00lib.ko.xz' -> '/tmp/rear.hvWqMGkcXVEGC9y/rootfs/lib/modules/3.10.0-1160.92.1.el7.x86_64/kernel/drivers/net/wireless/ralink/rt2x00/rt2x00lib.ko.xz'
'/lib/modules/3.10.0-1160.92.1.el7.x86_64/kernel/drivers/net/wireless/ralink/rt2x00/rt2x00usb.ko.xz' -> '/tmp/rear.hvWqMGkcXVEGC9y/rootfs/lib/modules/3.10.0-1160.92.1.el7.x86_64/kernel/drivers/net/wireless/ralink/rt2x00/rt2x00usb.ko.xz'
'/lib/modules/3.10.0-1160.92.1.el7.x86_64/kernel/lib/crc-ccitt.ko.xz' -> '/tmp/rear.hvWqMGkcXVEGC9y/rootfs/lib/modules/3.10.0-1160.92.1.el7.x86_64/kernel/lib/crc-ccitt.ko.xz'
'/lib/modules/3.10.0-1160.92.1.el7.x86_64/kernel/net/mac80211/mac80211.ko.xz' -> '/tmp/rear.hvWqMGkcXVEGC9y/rootfs/lib/modules/3.10.0-1160.92.1.el7.x86_64/kernel/net/mac80211/mac80211.ko.xz'
'/lib/modules/3.10.0-1160.92.1.el7.x86_64/kernel/net/rfkill/rfkill.ko.xz' -> '/tmp/rear.hvWqMGkcXVEGC9y/rootfs/lib/modules/3.10.0-1160.92.1.el7.x86_64/kernel/net/rfkill/rfkill.ko.xz'
'/lib/modules/3.10.0-1160.92.1.el7.x86_64/kernel/net/wireless/cfg80211.ko.xz' -> '/tmp/rear.hvWqMGkcXVEGC9y/rootfs/lib/modules/3.10.0-1160.92.1.el7.x86_64/kernel/net/wireless/cfg80211.ko.xz'
'/lib/modules/3.10.0-1160.92.1.el7.x86_64/kernel/drivers/net/wireless/ralink/rt2x00/rt2x00lib.ko.xz' -> '/tmp/rear.hvWqMGkcXVEGC9y/rootfs/lib/modules/3.10.0-1160.92.1.el7.x86_64/kernel/drivers/net/wireless/ralink/rt2x00/rt2x00lib.ko.xz'
'/lib/modules/3.10.0-1160.92.1.el7.x86_64/kernel/net/mac80211/mac80211.ko.xz' -> '/tmp/rear.hvWqMGkcXVEGC9y/rootfs/lib/modules/3.10.0-1160.92.1.el7.x86_64/kernel/net/mac80211/mac80211.ko.xz'
'/lib/modules/3.10.0-1160.92.1.el7.x86_64/kernel/net/rfkill/rfkill.ko.xz' -> '/tmp/rear.hvWqMGkcXVEGC9y/rootfs/lib/modules/3.10.0-1160.92.1.el7.x86_64/kernel/net/rfkill/rfkill.ko.xz'
'/lib/modules/3.10.0-1160.92.1.el7.x86_64/kernel/net/wireless/cfg80211.ko.xz' -> '/tmp/rear.hvWqMGkcXVEGC9y/rootfs/lib/modules/3.10.0-1160.92.1.el7.x86_64/kernel/net/wireless/cfg80211.ko.xz'
'/lib/modules/3.10.0-1160.92.1.el7.x86_64/kernel/drivers/net/wireless/ralink/rt2x00/rt2x00lib.ko.xz' -> '/tmp/rear.hvWqMGkcXVEGC9y/rootfs/lib/modules/3.10.0-1160.92.1.el7.x86_64/kernel/drivers/net/wireless/ralink/rt2x00/rt2x00lib.ko.xz'
'/lib/modules/3.10.0-1160.92.1.el7.x86_64/kernel/drivers/net/wireless/ralink/rt2x00/rt2x00mmio.ko.xz' -> '/tmp/rear.hvWqMGkcXVEGC9y/rootfs/lib/modules/3.10.0-1160.92.1.el7.x86_64/kernel/drivers/net/wireless/ralink/rt2x00/rt2x00mmio.ko.xz'
'/lib/modules/3.10.0-1160.92.1.el7.x86_64/kernel/net/mac80211/mac80211.ko.xz' -> '/tmp/rear.hvWqMGkcXVEGC9y/rootfs/lib/modules/3.10.0-1160.92.1.el7.x86_64/kernel/net/mac80211/mac80211.ko.xz'
'/lib/modules/3.10.0-1160.92.1.el7.x86_64/kernel/net/rfkill/rfkill.ko.xz' -> '/tmp/rear.hvWqMGkcXVEGC9y/rootfs/lib/modules/3.10.0-1160.92.1.el7.x86_64/kernel/net/rfkill/rfkill.ko.xz'
'/lib/modules/3.10.0-1160.92.1.el7.x86_64/kernel/net/wireless/cfg80211.ko.xz' -> '/tmp/rear.hvWqMGkcXVEGC9y/rootfs/lib/modules/3.10.0-1160.92.1.el7.x86_64/kernel/net/wireless/cfg80211.ko.xz'
'/lib/modules/3.10.0-1160.92.1.el7.x86_64/kernel/drivers/net/wireless/ralink/rt2x00/rt2x00lib.ko.xz' -> '/tmp/rear.hvWqMGkcXVEGC9y/rootfs/lib/modules/3.10.0-1160.92.1.el7.x86_64/kernel/drivers/net/wireless/ralink/rt2x00/rt2x00lib.ko.xz'
'/lib/modules/3.10.0-1160.92.1.el7.x86_64/kernel/drivers/net/wireless/ralink/rt2x00/rt2x00pci.ko.xz' -> '/tmp/rear.hvWqMGkcXVEGC9y/rootfs/lib/modules/3.10.0-1160.92.1.el7.x86_64/kernel/drivers/net/wireless/ralink/rt2x00/rt2x00pci.ko.xz'
'/lib/modules/3.10.0-1160.92.1.el7.x86_64/kernel/net/mac80211/mac80211.ko.xz' -> '/tmp/rear.hvWqMGkcXVEGC9y/rootfs/lib/modules/3.10.0-1160.92.1.el7.x86_64/kernel/net/mac80211/mac80211.ko.xz'
'/lib/modules/3.10.0-1160.92.1.el7.x86_64/kernel/net/rfkill/rfkill.ko.xz' -> '/tmp/rear.hvWqMGkcXVEGC9y/rootfs/lib/modules/3.10.0-1160.92.1.el7.x86_64/kernel/net/rfkill/rfkill.ko.xz'
'/lib/modules/3.10.0-1160.92.1.el7.x86_64/kernel/net/wireless/cfg80211.ko.xz' -> '/tmp/rear.hvWqMGkcXVEGC9y/rootfs/lib/modules/3.10.0-1160.92.1.el7.x86_64/kernel/net/wireless/cfg80211.ko.xz'
'/lib/modules/3.10.0-1160.92.1.el7.x86_64/kernel/drivers/net/wireless/ralink/rt2x00/rt2x00lib.ko.xz' -> '/tmp/rear.hvWqMGkcXVEGC9y/rootfs/lib/modules/3.10.0-1160.92.1.el7.x86_64/kernel/drivers/net/wireless/ralink/rt2x00/rt2x00lib.ko.xz'
'/lib/modules/3.10.0-1160.92.1.el7.x86_64/kernel/drivers/net/wireless/ralink/rt2x00/rt2x00usb.ko.xz' -> '/tmp/rear.hvWqMGkcXVEGC9y/rootfs/lib/modules/3.10.0-1160.92.1.el7.x86_64/kernel/drivers/net/wireless/ralink/rt2x00/rt2x00usb.ko.xz'
'/lib/modules/3.10.0-1160.92.1.el7.x86_64/kernel/net/mac80211/mac80211.ko.xz' -> '/tmp/rear.hvWqMGkcXVEGC9y/rootfs/lib/modules/3.10.0-1160.92.1.el7.x86_64/kernel/net/mac80211/mac80211.ko.xz'
'/lib/modules/3.10.0-1160.92.1.el7.x86_64/kernel/net/rfkill/rfkill.ko.xz' -> '/tmp/rear.hvWqMGkcXVEGC9y/rootfs/lib/modules/3.10.0-1160.92.1.el7.x86_64/kernel/net/rfkill/rfkill.ko.xz'
'/lib/modules/3.10.0-1160.92.1.el7.x86_64/kernel/net/wireless/cfg80211.ko.xz' -> '/tmp/rear.hvWqMGkcXVEGC9y/rootfs/lib/modules/3.10.0-1160.92.1.el7.x86_64/kernel/net/wireless/cfg80211.ko.xz'
'/lib/modules/3.10.0-1160.92.1.el7.x86_64/kernel/drivers/misc/eeprom/eeprom_93cx6.ko.xz' -> '/tmp/rear.hvWqMGkcXVEGC9y/rootfs/lib/modules/3.10.0-1160.92.1.el7.x86_64/kernel/drivers/misc/eeprom/eeprom_93cx6.ko.xz'
'/lib/modules/3.10.0-1160.92.1.el7.x86_64/kernel/drivers/net/wireless/ralink/rt2x00/rt2x00lib.ko.xz' -> '/tmp/rear.hvWqMGkcXVEGC9y/rootfs/lib/modules/3.10.0-1160.92.1.el7.x86_64/kernel/drivers/net/wireless/ralink/rt2x00/rt2x00lib.ko.xz'
'/lib/modules/3.10.0-1160.92.1.el7.x86_64/kernel/drivers/net/wireless/ralink/rt2x00/rt2x00mmio.ko.xz' -> '/tmp/rear.hvWqMGkcXVEGC9y/rootfs/lib/modules/3.10.0-1160.92.1.el7.x86_64/kernel/drivers/net/wireless/ralink/rt2x00/rt2x00mmio.ko.xz'
'/lib/modules/3.10.0-1160.92.1.el7.x86_64/kernel/drivers/net/wireless/ralink/rt2x00/rt2x00pci.ko.xz' -> '/tmp/rear.hvWqMGkcXVEGC9y/rootfs/lib/modules/3.10.0-1160.92.1.el7.x86_64/kernel/drivers/net/wireless/ralink/rt2x00/rt2x00pci.ko.xz'
'/lib/modules/3.10.0-1160.92.1.el7.x86_64/kernel/drivers/net/wireless/ralink/rt2x00/rt61pci.ko.xz' -> '/tmp/rear.hvWqMGkcXVEGC9y/rootfs/lib/modules/3.10.0-1160.92.1.el7.x86_64/kernel/drivers/net/wireless/ralink/rt2x00/rt61pci.ko.xz'
'/lib/modules/3.10.0-1160.92.1.el7.x86_64/kernel/lib/crc-itu-t.ko.xz' -> '/tmp/rear.hvWqMGkcXVEGC9y/rootfs/lib/modules/3.10.0-1160.92.1.el7.x86_64/kernel/lib/crc-itu-t.ko.xz'
'/lib/modules/3.10.0-1160.92.1.el7.x86_64/kernel/net/mac80211/mac80211.ko.xz' -> '/tmp/rear.hvWqMGkcXVEGC9y/rootfs/lib/modules/3.10.0-1160.92.1.el7.x86_64/kernel/net/mac80211/mac80211.ko.xz'
'/lib/modules/3.10.0-1160.92.1.el7.x86_64/kernel/net/rfkill/rfkill.ko.xz' -> '/tmp/rear.hvWqMGkcXVEGC9y/rootfs/lib/modules/3.10.0-1160.92.1.el7.x86_64/kernel/net/rfkill/rfkill.ko.xz'
'/lib/modules/3.10.0-1160.92.1.el7.x86_64/kernel/net/wireless/cfg80211.ko.xz' -> '/tmp/rear.hvWqMGkcXVEGC9y/rootfs/lib/modules/3.10.0-1160.92.1.el7.x86_64/kernel/net/wireless/cfg80211.ko.xz'
'/lib/modules/3.10.0-1160.92.1.el7.x86_64/kernel/drivers/net/wireless/ralink/rt2x00/rt2x00lib.ko.xz' -> '/tmp/rear.hvWqMGkcXVEGC9y/rootfs/lib/modules/3.10.0-1160.92.1.el7.x86_64/kernel/drivers/net/wireless/ralink/rt2x00/rt2x00lib.ko.xz'
'/lib/modules/3.10.0-1160.92.1.el7.x86_64/kernel/drivers/net/wireless/ralink/rt2x00/rt2x00usb.ko.xz' -> '/tmp/rear.hvWqMGkcXVEGC9y/rootfs/lib/modules/3.10.0-1160.92.1.el7.x86_64/kernel/drivers/net/wireless/ralink/rt2x00/rt2x00usb.ko.xz'
'/lib/modules/3.10.0-1160.92.1.el7.x86_64/kernel/drivers/net/wireless/ralink/rt2x00/rt73usb.ko.xz' -> '/tmp/rear.hvWqMGkcXVEGC9y/rootfs/lib/modules/3.10.0-1160.92.1.el7.x86_64/kernel/drivers/net/wireless/ralink/rt2x00/rt73usb.ko.xz'
'/lib/modules/3.10.0-1160.92.1.el7.x86_64/kernel/lib/crc-itu-t.ko.xz' -> '/tmp/rear.hvWqMGkcXVEGC9y/rootfs/lib/modules/3.10.0-1160.92.1.el7.x86_64/kernel/lib/crc-itu-t.ko.xz'
'/lib/modules/3.10.0-1160.92.1.el7.x86_64/kernel/net/mac80211/mac80211.ko.xz' -> '/tmp/rear.hvWqMGkcXVEGC9y/rootfs/lib/modules/3.10.0-1160.92.1.el7.x86_64/kernel/net/mac80211/mac80211.ko.xz'
'/lib/modules/3.10.0-1160.92.1.el7.x86_64/kernel/net/rfkill/rfkill.ko.xz' -> '/tmp/rear.hvWqMGkcXVEGC9y/rootfs/lib/modules/3.10.0-1160.92.1.el7.x86_64/kernel/net/rfkill/rfkill.ko.xz'
'/lib/modules/3.10.0-1160.92.1.el7.x86_64/kernel/net/wireless/cfg80211.ko.xz' -> '/tmp/rear.hvWqMGkcXVEGC9y/rootfs/lib/modules/3.10.0-1160.92.1.el7.x86_64/kernel/net/wireless/cfg80211.ko.xz'
'/lib/modules/3.10.0-1160.92.1.el7.x86_64/kernel/drivers/misc/eeprom/eeprom_93cx6.ko.xz' -> '/tmp/rear.hvWqMGkcXVEGC9y/rootfs/lib/modules/3.10.0-1160.92.1.el7.x86_64/kernel/drivers/misc/eeprom/eeprom_93cx6.ko.xz'
/lib/modules/3.10.0-1160.92.1.el7.x86_64/kernel/drivers/net/wireless/realtek -> /tmp/rear.hvWqMGkcXVEGC9y/rootfs/lib/modules/3.10.0-1160.92.1.el7.x86_64/kernel/drivers/net/wireless/realtek
/lib/modules/3.10.0-1160.92.1.el7.x86_64/kernel/drivers/net/wireless/realtek/rtl818x -> /tmp/rear.hvWqMGkcXVEGC9y/rootfs/lib/modules/3.10.0-1160.92.1.el7.x86_64/kernel/drivers/net/wireless/realtek/rtl818x
/lib/modules/3.10.0-1160.92.1.el7.x86_64/kernel/drivers/net/wireless/realtek/rtl818x/rtl8187 -> /tmp/rear.hvWqMGkcXVEGC9y/rootfs/lib/modules/3.10.0-1160.92.1.el7.x86_64/kernel/drivers/net/wireless/realtek/rtl818x/rtl8187
'/lib/modules/3.10.0-1160.92.1.el7.x86_64/kernel/drivers/net/wireless/realtek/rtl818x/rtl8187/rtl8187.ko.xz' -> '/tmp/rear.hvWqMGkcXVEGC9y/rootfs/lib/modules/3.10.0-1160.92.1.el7.x86_64/kernel/drivers/net/wireless/realtek/rtl818x/rtl8187/rtl8187.ko.xz'
'/lib/modules/3.10.0-1160.92.1.el7.x86_64/kernel/net/mac80211/mac80211.ko.xz' -> '/tmp/rear.hvWqMGkcXVEGC9y/rootfs/lib/modules/3.10.0-1160.92.1.el7.x86_64/kernel/net/mac80211/mac80211.ko.xz'
'/lib/modules/3.10.0-1160.92.1.el7.x86_64/kernel/net/rfkill/rfkill.ko.xz' -> '/tmp/rear.hvWqMGkcXVEGC9y/rootfs/lib/modules/3.10.0-1160.92.1.el7.x86_64/kernel/net/rfkill/rfkill.ko.xz'
'/lib/modules/3.10.0-1160.92.1.el7.x86_64/kernel/net/wireless/cfg80211.ko.xz' -> '/tmp/rear.hvWqMGkcXVEGC9y/rootfs/lib/modules/3.10.0-1160.92.1.el7.x86_64/kernel/net/wireless/cfg80211.ko.xz'
/lib/modules/3.10.0-1160.92.1.el7.x86_64/kernel/drivers/net/wireless/realtek/rtlwifi -> /tmp/rear.hvWqMGkcXVEGC9y/rootfs/lib/modules/3.10.0-1160.92.1.el7.x86_64/kernel/drivers/net/wireless/realtek/rtlwifi
/lib/modules/3.10.0-1160.92.1.el7.x86_64/kernel/drivers/net/wireless/realtek/rtlwifi/btcoexist -> /tmp/rear.hvWqMGkcXVEGC9y/rootfs/lib/modules/3.10.0-1160.92.1.el7.x86_64/kernel/drivers/net/wireless/realtek/rtlwifi/btcoexist
'/lib/modules/3.10.0-1160.92.1.el7.x86_64/kernel/drivers/net/wireless/realtek/rtlwifi/btcoexist/btcoexist.ko.xz' -> '/tmp/rear.hvWqMGkcXVEGC9y/rootfs/lib/modules/3.10.0-1160.92.1.el7.x86_64/kernel/drivers/net/wireless/realtek/rtlwifi/btcoexist/btcoexist.ko.xz'
'/lib/modules/3.10.0-1160.92.1.el7.x86_64/kernel/drivers/net/wireless/realtek/rtlwifi/rtlwifi.ko.xz' -> '/tmp/rear.hvWqMGkcXVEGC9y/rootfs/lib/modules/3.10.0-1160.92.1.el7.x86_64/kernel/drivers/net/wireless/realtek/rtlwifi/rtlwifi.ko.xz'
'/lib/modules/3.10.0-1160.92.1.el7.x86_64/kernel/net/mac80211/mac80211.ko.xz' -> '/tmp/rear.hvWqMGkcXVEGC9y/rootfs/lib/modules/3.10.0-1160.92.1.el7.x86_64/kernel/net/mac80211/mac80211.ko.xz'
'/lib/modules/3.10.0-1160.92.1.el7.x86_64/kernel/net/rfkill/rfkill.ko.xz' -> '/tmp/rear.hvWqMGkcXVEGC9y/rootfs/lib/modules/3.10.0-1160.92.1.el7.x86_64/kernel/net/rfkill/rfkill.ko.xz'
'/lib/modules/3.10.0-1160.92.1.el7.x86_64/kernel/net/wireless/cfg80211.ko.xz' -> '/tmp/rear.hvWqMGkcXVEGC9y/rootfs/lib/modules/3.10.0-1160.92.1.el7.x86_64/kernel/net/wireless/cfg80211.ko.xz'
/lib/modules/3.10.0-1160.92.1.el7.x86_64/kernel/drivers/net/wireless/realtek/rtlwifi/rtl8188ee -> /tmp/rear.hvWqMGkcXVEGC9y/rootfs/lib/modules/3.10.0-1160.92.1.el7.x86_64/kernel/drivers/net/wireless/realtek/rtlwifi/rtl8188ee
'/lib/modules/3.10.0-1160.92.1.el7.x86_64/kernel/drivers/net/wireless/realtek/rtlwifi/rtl8188ee/rtl8188ee.ko.xz' -> '/tmp/rear.hvWqMGkcXVEGC9y/rootfs/lib/modules/3.10.0-1160.92.1.el7.x86_64/kernel/drivers/net/wireless/realtek/rtlwifi/rtl8188ee/rtl8188ee.ko.xz'
'/lib/modules/3.10.0-1160.92.1.el7.x86_64/kernel/drivers/net/wireless/realtek/rtlwifi/rtl_pci.ko.xz' -> '/tmp/rear.hvWqMGkcXVEGC9y/rootfs/lib/modules/3.10.0-1160.92.1.el7.x86_64/kernel/drivers/net/wireless/realtek/rtlwifi/rtl_pci.ko.xz'
'/lib/modules/3.10.0-1160.92.1.el7.x86_64/kernel/drivers/net/wireless/realtek/rtlwifi/rtlwifi.ko.xz' -> '/tmp/rear.hvWqMGkcXVEGC9y/rootfs/lib/modules/3.10.0-1160.92.1.el7.x86_64/kernel/drivers/net/wireless/realtek/rtlwifi/rtlwifi.ko.xz'
'/lib/modules/3.10.0-1160.92.1.el7.x86_64/kernel/net/mac80211/mac80211.ko.xz' -> '/tmp/rear.hvWqMGkcXVEGC9y/rootfs/lib/modules/3.10.0-1160.92.1.el7.x86_64/kernel/net/mac80211/mac80211.ko.xz'
'/lib/modules/3.10.0-1160.92.1.el7.x86_64/kernel/net/rfkill/rfkill.ko.xz' -> '/tmp/rear.hvWqMGkcXVEGC9y/rootfs/lib/modules/3.10.0-1160.92.1.el7.x86_64/kernel/net/rfkill/rfkill.ko.xz'
'/lib/modules/3.10.0-1160.92.1.el7.x86_64/kernel/net/wireless/cfg80211.ko.xz' -> '/tmp/rear.hvWqMGkcXVEGC9y/rootfs/lib/modules/3.10.0-1160.92.1.el7.x86_64/kernel/net/wireless/cfg80211.ko.xz'
/lib/modules/3.10.0-1160.92.1.el7.x86_64/kernel/drivers/net/wireless/realtek/rtlwifi/rtl8192c -> /tmp/rear.hvWqMGkcXVEGC9y/rootfs/lib/modules/3.10.0-1160.92.1.el7.x86_64/kernel/drivers/net/wireless/realtek/rtlwifi/rtl8192c
'/lib/modules/3.10.0-1160.92.1.el7.x86_64/kernel/drivers/net/wireless/realtek/rtlwifi/rtl8192c/rtl8192c-common.ko.xz' -> '/tmp/rear.hvWqMGkcXVEGC9y/rootfs/lib/modules/3.10.0-1160.92.1.el7.x86_64/kernel/drivers/net/wireless/realtek/rtlwifi/rtl8192c/rtl8192c-common.ko.xz'
'/lib/modules/3.10.0-1160.92.1.el7.x86_64/kernel/drivers/net/wireless/realtek/rtlwifi/rtlwifi.ko.xz' -> '/tmp/rear.hvWqMGkcXVEGC9y/rootfs/lib/modules/3.10.0-1160.92.1.el7.x86_64/kernel/drivers/net/wireless/realtek/rtlwifi/rtlwifi.ko.xz'
'/lib/modules/3.10.0-1160.92.1.el7.x86_64/kernel/net/mac80211/mac80211.ko.xz' -> '/tmp/rear.hvWqMGkcXVEGC9y/rootfs/lib/modules/3.10.0-1160.92.1.el7.x86_64/kernel/net/mac80211/mac80211.ko.xz'
'/lib/modules/3.10.0-1160.92.1.el7.x86_64/kernel/net/rfkill/rfkill.ko.xz' -> '/tmp/rear.hvWqMGkcXVEGC9y/rootfs/lib/modules/3.10.0-1160.92.1.el7.x86_64/kernel/net/rfkill/rfkill.ko.xz'
'/lib/modules/3.10.0-1160.92.1.el7.x86_64/kernel/net/wireless/cfg80211.ko.xz' -> '/tmp/rear.hvWqMGkcXVEGC9y/rootfs/lib/modules/3.10.0-1160.92.1.el7.x86_64/kernel/net/wireless/cfg80211.ko.xz'
'/lib/modules/3.10.0-1160.92.1.el7.x86_64/kernel/drivers/net/wireless/realtek/rtlwifi/rtl8192c/rtl8192c-common.ko.xz' -> '/tmp/rear.hvWqMGkcXVEGC9y/rootfs/lib/modules/3.10.0-1160.92.1.el7.x86_64/kernel/drivers/net/wireless/realtek/rtlwifi/rtl8192c/rtl8192c-common.ko.xz'
/lib/modules/3.10.0-1160.92.1.el7.x86_64/kernel/drivers/net/wireless/realtek/rtlwifi/rtl8192ce -> /tmp/rear.hvWqMGkcXVEGC9y/rootfs/lib/modules/3.10.0-1160.92.1.el7.x86_64/kernel/drivers/net/wireless/realtek/rtlwifi/rtl8192ce
'/lib/modules/3.10.0-1160.92.1.el7.x86_64/kernel/drivers/net/wireless/realtek/rtlwifi/rtl8192ce/rtl8192ce.ko.xz' -> '/tmp/rear.hvWqMGkcXVEGC9y/rootfs/lib/modules/3.10.0-1160.92.1.el7.x86_64/kernel/drivers/net/wireless/realtek/rtlwifi/rtl8192ce/rtl8192ce.ko.xz'
'/lib/modules/3.10.0-1160.92.1.el7.x86_64/kernel/drivers/net/wireless/realtek/rtlwifi/rtl_pci.ko.xz' -> '/tmp/rear.hvWqMGkcXVEGC9y/rootfs/lib/modules/3.10.0-1160.92.1.el7.x86_64/kernel/drivers/net/wireless/realtek/rtlwifi/rtl_pci.ko.xz'
'/lib/modules/3.10.0-1160.92.1.el7.x86_64/kernel/drivers/net/wireless/realtek/rtlwifi/rtlwifi.ko.xz' -> '/tmp/rear.hvWqMGkcXVEGC9y/rootfs/lib/modules/3.10.0-1160.92.1.el7.x86_64/kernel/drivers/net/wireless/realtek/rtlwifi/rtlwifi.ko.xz'
'/lib/modules/3.10.0-1160.92.1.el7.x86_64/kernel/net/mac80211/mac80211.ko.xz' -> '/tmp/rear.hvWqMGkcXVEGC9y/rootfs/lib/modules/3.10.0-1160.92.1.el7.x86_64/kernel/net/mac80211/mac80211.ko.xz'
'/lib/modules/3.10.0-1160.92.1.el7.x86_64/kernel/net/rfkill/rfkill.ko.xz' -> '/tmp/rear.hvWqMGkcXVEGC9y/rootfs/lib/modules/3.10.0-1160.92.1.el7.x86_64/kernel/net/rfkill/rfkill.ko.xz'
'/lib/modules/3.10.0-1160.92.1.el7.x86_64/kernel/net/wireless/cfg80211.ko.xz' -> '/tmp/rear.hvWqMGkcXVEGC9y/rootfs/lib/modules/3.10.0-1160.92.1.el7.x86_64/kernel/net/wireless/cfg80211.ko.xz'
'/lib/modules/3.10.0-1160.92.1.el7.x86_64/kernel/drivers/net/wireless/realtek/rtlwifi/rtl8192c/rtl8192c-common.ko.xz' -> '/tmp/rear.hvWqMGkcXVEGC9y/rootfs/lib/modules/3.10.0-1160.92.1.el7.x86_64/kernel/drivers/net/wireless/realtek/rtlwifi/rtl8192c/rtl8192c-common.ko.xz'
/lib/modules/3.10.0-1160.92.1.el7.x86_64/kernel/drivers/net/wireless/realtek/rtlwifi/rtl8192cu -> /tmp/rear.hvWqMGkcXVEGC9y/rootfs/lib/modules/3.10.0-1160.92.1.el7.x86_64/kernel/drivers/net/wireless/realtek/rtlwifi/rtl8192cu
'/lib/modules/3.10.0-1160.92.1.el7.x86_64/kernel/drivers/net/wireless/realtek/rtlwifi/rtl8192cu/rtl8192cu.ko.xz' -> '/tmp/rear.hvWqMGkcXVEGC9y/rootfs/lib/modules/3.10.0-1160.92.1.el7.x86_64/kernel/drivers/net/wireless/realtek/rtlwifi/rtl8192cu/rtl8192cu.ko.xz'
'/lib/modules/3.10.0-1160.92.1.el7.x86_64/kernel/drivers/net/wireless/realtek/rtlwifi/rtl_usb.ko.xz' -> '/tmp/rear.hvWqMGkcXVEGC9y/rootfs/lib/modules/3.10.0-1160.92.1.el7.x86_64/kernel/drivers/net/wireless/realtek/rtlwifi/rtl_usb.ko.xz'
'/lib/modules/3.10.0-1160.92.1.el7.x86_64/kernel/drivers/net/wireless/realtek/rtlwifi/rtlwifi.ko.xz' -> '/tmp/rear.hvWqMGkcXVEGC9y/rootfs/lib/modules/3.10.0-1160.92.1.el7.x86_64/kernel/drivers/net/wireless/realtek/rtlwifi/rtlwifi.ko.xz'
'/lib/modules/3.10.0-1160.92.1.el7.x86_64/kernel/net/mac80211/mac80211.ko.xz' -> '/tmp/rear.hvWqMGkcXVEGC9y/rootfs/lib/modules/3.10.0-1160.92.1.el7.x86_64/kernel/net/mac80211/mac80211.ko.xz'
'/lib/modules/3.10.0-1160.92.1.el7.x86_64/kernel/net/rfkill/rfkill.ko.xz' -> '/tmp/rear.hvWqMGkcXVEGC9y/rootfs/lib/modules/3.10.0-1160.92.1.el7.x86_64/kernel/net/rfkill/rfkill.ko.xz'
'/lib/modules/3.10.0-1160.92.1.el7.x86_64/kernel/net/wireless/cfg80211.ko.xz' -> '/tmp/rear.hvWqMGkcXVEGC9y/rootfs/lib/modules/3.10.0-1160.92.1.el7.x86_64/kernel/net/wireless/cfg80211.ko.xz'
/lib/modules/3.10.0-1160.92.1.el7.x86_64/kernel/drivers/net/wireless/realtek/rtlwifi/rtl8192de -> /tmp/rear.hvWqMGkcXVEGC9y/rootfs/lib/modules/3.10.0-1160.92.1.el7.x86_64/kernel/drivers/net/wireless/realtek/rtlwifi/rtl8192de
'/lib/modules/3.10.0-1160.92.1.el7.x86_64/kernel/drivers/net/wireless/realtek/rtlwifi/rtl8192de/rtl8192de.ko.xz' -> '/tmp/rear.hvWqMGkcXVEGC9y/rootfs/lib/modules/3.10.0-1160.92.1.el7.x86_64/kernel/drivers/net/wireless/realtek/rtlwifi/rtl8192de/rtl8192de.ko.xz'
'/lib/modules/3.10.0-1160.92.1.el7.x86_64/kernel/drivers/net/wireless/realtek/rtlwifi/rtl_pci.ko.xz' -> '/tmp/rear.hvWqMGkcXVEGC9y/rootfs/lib/modules/3.10.0-1160.92.1.el7.x86_64/kernel/drivers/net/wireless/realtek/rtlwifi/rtl_pci.ko.xz'
'/lib/modules/3.10.0-1160.92.1.el7.x86_64/kernel/drivers/net/wireless/realtek/rtlwifi/rtlwifi.ko.xz' -> '/tmp/rear.hvWqMGkcXVEGC9y/rootfs/lib/modules/3.10.0-1160.92.1.el7.x86_64/kernel/drivers/net/wireless/realtek/rtlwifi/rtlwifi.ko.xz'
'/lib/modules/3.10.0-1160.92.1.el7.x86_64/kernel/net/mac80211/mac80211.ko.xz' -> '/tmp/rear.hvWqMGkcXVEGC9y/rootfs/lib/modules/3.10.0-1160.92.1.el7.x86_64/kernel/net/mac80211/mac80211.ko.xz'
'/lib/modules/3.10.0-1160.92.1.el7.x86_64/kernel/net/rfkill/rfkill.ko.xz' -> '/tmp/rear.hvWqMGkcXVEGC9y/rootfs/lib/modules/3.10.0-1160.92.1.el7.x86_64/kernel/net/rfkill/rfkill.ko.xz'
'/lib/modules/3.10.0-1160.92.1.el7.x86_64/kernel/net/wireless/cfg80211.ko.xz' -> '/tmp/rear.hvWqMGkcXVEGC9y/rootfs/lib/modules/3.10.0-1160.92.1.el7.x86_64/kernel/net/wireless/cfg80211.ko.xz'
'/lib/modules/3.10.0-1160.92.1.el7.x86_64/kernel/drivers/net/wireless/realtek/rtlwifi/btcoexist/btcoexist.ko.xz' -> '/tmp/rear.hvWqMGkcXVEGC9y/rootfs/lib/modules/3.10.0-1160.92.1.el7.x86_64/kernel/drivers/net/wireless/realtek/rtlwifi/btcoexist/btcoexist.ko.xz'
/lib/modules/3.10.0-1160.92.1.el7.x86_64/kernel/drivers/net/wireless/realtek/rtlwifi/rtl8192ee -> /tmp/rear.hvWqMGkcXVEGC9y/rootfs/lib/modules/3.10.0-1160.92.1.el7.x86_64/kernel/drivers/net/wireless/realtek/rtlwifi/rtl8192ee
'/lib/modules/3.10.0-1160.92.1.el7.x86_64/kernel/drivers/net/wireless/realtek/rtlwifi/rtl8192ee/rtl8192ee.ko.xz' -> '/tmp/rear.hvWqMGkcXVEGC9y/rootfs/lib/modules/3.10.0-1160.92.1.el7.x86_64/kernel/drivers/net/wireless/realtek/rtlwifi/rtl8192ee/rtl8192ee.ko.xz'
'/lib/modules/3.10.0-1160.92.1.el7.x86_64/kernel/drivers/net/wireless/realtek/rtlwifi/rtl_pci.ko.xz' -> '/tmp/rear.hvWqMGkcXVEGC9y/rootfs/lib/modules/3.10.0-1160.92.1.el7.x86_64/kernel/drivers/net/wireless/realtek/rtlwifi/rtl_pci.ko.xz'
'/lib/modules/3.10.0-1160.92.1.el7.x86_64/kernel/drivers/net/wireless/realtek/rtlwifi/rtlwifi.ko.xz' -> '/tmp/rear.hvWqMGkcXVEGC9y/rootfs/lib/modules/3.10.0-1160.92.1.el7.x86_64/kernel/drivers/net/wireless/realtek/rtlwifi/rtlwifi.ko.xz'
'/lib/modules/3.10.0-1160.92.1.el7.x86_64/kernel/net/mac80211/mac80211.ko.xz' -> '/tmp/rear.hvWqMGkcXVEGC9y/rootfs/lib/modules/3.10.0-1160.92.1.el7.x86_64/kernel/net/mac80211/mac80211.ko.xz'
'/lib/modules/3.10.0-1160.92.1.el7.x86_64/kernel/net/rfkill/rfkill.ko.xz' -> '/tmp/rear.hvWqMGkcXVEGC9y/rootfs/lib/modules/3.10.0-1160.92.1.el7.x86_64/kernel/net/rfkill/rfkill.ko.xz'
'/lib/modules/3.10.0-1160.92.1.el7.x86_64/kernel/net/wireless/cfg80211.ko.xz' -> '/tmp/rear.hvWqMGkcXVEGC9y/rootfs/lib/modules/3.10.0-1160.92.1.el7.x86_64/kernel/net/wireless/cfg80211.ko.xz'
/lib/modules/3.10.0-1160.92.1.el7.x86_64/kernel/drivers/net/wireless/realtek/rtlwifi/rtl8192se -> /tmp/rear.hvWqMGkcXVEGC9y/rootfs/lib/modules/3.10.0-1160.92.1.el7.x86_64/kernel/drivers/net/wireless/realtek/rtlwifi/rtl8192se
'/lib/modules/3.10.0-1160.92.1.el7.x86_64/kernel/drivers/net/wireless/realtek/rtlwifi/rtl8192se/rtl8192se.ko.xz' -> '/tmp/rear.hvWqMGkcXVEGC9y/rootfs/lib/modules/3.10.0-1160.92.1.el7.x86_64/kernel/drivers/net/wireless/realtek/rtlwifi/rtl8192se/rtl8192se.ko.xz'
'/lib/modules/3.10.0-1160.92.1.el7.x86_64/kernel/drivers/net/wireless/realtek/rtlwifi/rtl_pci.ko.xz' -> '/tmp/rear.hvWqMGkcXVEGC9y/rootfs/lib/modules/3.10.0-1160.92.1.el7.x86_64/kernel/drivers/net/wireless/realtek/rtlwifi/rtl_pci.ko.xz'
'/lib/modules/3.10.0-1160.92.1.el7.x86_64/kernel/drivers/net/wireless/realtek/rtlwifi/rtlwifi.ko.xz' -> '/tmp/rear.hvWqMGkcXVEGC9y/rootfs/lib/modules/3.10.0-1160.92.1.el7.x86_64/kernel/drivers/net/wireless/realtek/rtlwifi/rtlwifi.ko.xz'
'/lib/modules/3.10.0-1160.92.1.el7.x86_64/kernel/net/mac80211/mac80211.ko.xz' -> '/tmp/rear.hvWqMGkcXVEGC9y/rootfs/lib/modules/3.10.0-1160.92.1.el7.x86_64/kernel/net/mac80211/mac80211.ko.xz'
'/lib/modules/3.10.0-1160.92.1.el7.x86_64/kernel/net/rfkill/rfkill.ko.xz' -> '/tmp/rear.hvWqMGkcXVEGC9y/rootfs/lib/modules/3.10.0-1160.92.1.el7.x86_64/kernel/net/rfkill/rfkill.ko.xz'
'/lib/modules/3.10.0-1160.92.1.el7.x86_64/kernel/net/wireless/cfg80211.ko.xz' -> '/tmp/rear.hvWqMGkcXVEGC9y/rootfs/lib/modules/3.10.0-1160.92.1.el7.x86_64/kernel/net/wireless/cfg80211.ko.xz'
'/lib/modules/3.10.0-1160.92.1.el7.x86_64/kernel/drivers/net/wireless/realtek/rtlwifi/btcoexist/btcoexist.ko.xz' -> '/tmp/rear.hvWqMGkcXVEGC9y/rootfs/lib/modules/3.10.0-1160.92.1.el7.x86_64/kernel/drivers/net/wireless/realtek/rtlwifi/btcoexist/btcoexist.ko.xz'
/lib/modules/3.10.0-1160.92.1.el7.x86_64/kernel/drivers/net/wireless/realtek/rtlwifi/rtl8723ae -> /tmp/rear.hvWqMGkcXVEGC9y/rootfs/lib/modules/3.10.0-1160.92.1.el7.x86_64/kernel/drivers/net/wireless/realtek/rtlwifi/rtl8723ae
'/lib/modules/3.10.0-1160.92.1.el7.x86_64/kernel/drivers/net/wireless/realtek/rtlwifi/rtl8723ae/rtl8723ae.ko.xz' -> '/tmp/rear.hvWqMGkcXVEGC9y/rootfs/lib/modules/3.10.0-1160.92.1.el7.x86_64/kernel/drivers/net/wireless/realtek/rtlwifi/rtl8723ae/rtl8723ae.ko.xz'
/lib/modules/3.10.0-1160.92.1.el7.x86_64/kernel/drivers/net/wireless/realtek/rtlwifi/rtl8723com -> /tmp/rear.hvWqMGkcXVEGC9y/rootfs/lib/modules/3.10.0-1160.92.1.el7.x86_64/kernel/drivers/net/wireless/realtek/rtlwifi/rtl8723com
'/lib/modules/3.10.0-1160.92.1.el7.x86_64/kernel/drivers/net/wireless/realtek/rtlwifi/rtl8723com/rtl8723-common.ko.xz' -> '/tmp/rear.hvWqMGkcXVEGC9y/rootfs/lib/modules/3.10.0-1160.92.1.el7.x86_64/kernel/drivers/net/wireless/realtek/rtlwifi/rtl8723com/rtl8723-common.ko.xz'
'/lib/modules/3.10.0-1160.92.1.el7.x86_64/kernel/drivers/net/wireless/realtek/rtlwifi/rtl_pci.ko.xz' -> '/tmp/rear.hvWqMGkcXVEGC9y/rootfs/lib/modules/3.10.0-1160.92.1.el7.x86_64/kernel/drivers/net/wireless/realtek/rtlwifi/rtl_pci.ko.xz'
'/lib/modules/3.10.0-1160.92.1.el7.x86_64/kernel/drivers/net/wireless/realtek/rtlwifi/rtlwifi.ko.xz' -> '/tmp/rear.hvWqMGkcXVEGC9y/rootfs/lib/modules/3.10.0-1160.92.1.el7.x86_64/kernel/drivers/net/wireless/realtek/rtlwifi/rtlwifi.ko.xz'
'/lib/modules/3.10.0-1160.92.1.el7.x86_64/kernel/net/mac80211/mac80211.ko.xz' -> '/tmp/rear.hvWqMGkcXVEGC9y/rootfs/lib/modules/3.10.0-1160.92.1.el7.x86_64/kernel/net/mac80211/mac80211.ko.xz'
'/lib/modules/3.10.0-1160.92.1.el7.x86_64/kernel/net/rfkill/rfkill.ko.xz' -> '/tmp/rear.hvWqMGkcXVEGC9y/rootfs/lib/modules/3.10.0-1160.92.1.el7.x86_64/kernel/net/rfkill/rfkill.ko.xz'
'/lib/modules/3.10.0-1160.92.1.el7.x86_64/kernel/net/wireless/cfg80211.ko.xz' -> '/tmp/rear.hvWqMGkcXVEGC9y/rootfs/lib/modules/3.10.0-1160.92.1.el7.x86_64/kernel/net/wireless/cfg80211.ko.xz'
'/lib/modules/3.10.0-1160.92.1.el7.x86_64/kernel/drivers/net/wireless/realtek/rtlwifi/btcoexist/btcoexist.ko.xz' -> '/tmp/rear.hvWqMGkcXVEGC9y/rootfs/lib/modules/3.10.0-1160.92.1.el7.x86_64/kernel/drivers/net/wireless/realtek/rtlwifi/btcoexist/btcoexist.ko.xz'
/lib/modules/3.10.0-1160.92.1.el7.x86_64/kernel/drivers/net/wireless/realtek/rtlwifi/rtl8723be -> /tmp/rear.hvWqMGkcXVEGC9y/rootfs/lib/modules/3.10.0-1160.92.1.el7.x86_64/kernel/drivers/net/wireless/realtek/rtlwifi/rtl8723be
'/lib/modules/3.10.0-1160.92.1.el7.x86_64/kernel/drivers/net/wireless/realtek/rtlwifi/rtl8723be/rtl8723be.ko.xz' -> '/tmp/rear.hvWqMGkcXVEGC9y/rootfs/lib/modules/3.10.0-1160.92.1.el7.x86_64/kernel/drivers/net/wireless/realtek/rtlwifi/rtl8723be/rtl8723be.ko.xz'
'/lib/modules/3.10.0-1160.92.1.el7.x86_64/kernel/drivers/net/wireless/realtek/rtlwifi/rtl8723com/rtl8723-common.ko.xz' -> '/tmp/rear.hvWqMGkcXVEGC9y/rootfs/lib/modules/3.10.0-1160.92.1.el7.x86_64/kernel/drivers/net/wireless/realtek/rtlwifi/rtl8723com/rtl8723-common.ko.xz'
'/lib/modules/3.10.0-1160.92.1.el7.x86_64/kernel/drivers/net/wireless/realtek/rtlwifi/rtl_pci.ko.xz' -> '/tmp/rear.hvWqMGkcXVEGC9y/rootfs/lib/modules/3.10.0-1160.92.1.el7.x86_64/kernel/drivers/net/wireless/realtek/rtlwifi/rtl_pci.ko.xz'
'/lib/modules/3.10.0-1160.92.1.el7.x86_64/kernel/drivers/net/wireless/realtek/rtlwifi/rtlwifi.ko.xz' -> '/tmp/rear.hvWqMGkcXVEGC9y/rootfs/lib/modules/3.10.0-1160.92.1.el7.x86_64/kernel/drivers/net/wireless/realtek/rtlwifi/rtlwifi.ko.xz'
'/lib/modules/3.10.0-1160.92.1.el7.x86_64/kernel/net/mac80211/mac80211.ko.xz' -> '/tmp/rear.hvWqMGkcXVEGC9y/rootfs/lib/modules/3.10.0-1160.92.1.el7.x86_64/kernel/net/mac80211/mac80211.ko.xz'
'/lib/modules/3.10.0-1160.92.1.el7.x86_64/kernel/net/rfkill/rfkill.ko.xz' -> '/tmp/rear.hvWqMGkcXVEGC9y/rootfs/lib/modules/3.10.0-1160.92.1.el7.x86_64/kernel/net/rfkill/rfkill.ko.xz'
'/lib/modules/3.10.0-1160.92.1.el7.x86_64/kernel/net/wireless/cfg80211.ko.xz' -> '/tmp/rear.hvWqMGkcXVEGC9y/rootfs/lib/modules/3.10.0-1160.92.1.el7.x86_64/kernel/net/wireless/cfg80211.ko.xz'
'/lib/modules/3.10.0-1160.92.1.el7.x86_64/kernel/drivers/net/wireless/realtek/rtlwifi/rtl8723com/rtl8723-common.ko.xz' -> '/tmp/rear.hvWqMGkcXVEGC9y/rootfs/lib/modules/3.10.0-1160.92.1.el7.x86_64/kernel/drivers/net/wireless/realtek/rtlwifi/rtl8723com/rtl8723-common.ko.xz'
'/lib/modules/3.10.0-1160.92.1.el7.x86_64/kernel/drivers/net/wireless/realtek/rtlwifi/rtlwifi.ko.xz' -> '/tmp/rear.hvWqMGkcXVEGC9y/rootfs/lib/modules/3.10.0-1160.92.1.el7.x86_64/kernel/drivers/net/wireless/realtek/rtlwifi/rtlwifi.ko.xz'
'/lib/modules/3.10.0-1160.92.1.el7.x86_64/kernel/net/mac80211/mac80211.ko.xz' -> '/tmp/rear.hvWqMGkcXVEGC9y/rootfs/lib/modules/3.10.0-1160.92.1.el7.x86_64/kernel/net/mac80211/mac80211.ko.xz'
'/lib/modules/3.10.0-1160.92.1.el7.x86_64/kernel/net/rfkill/rfkill.ko.xz' -> '/tmp/rear.hvWqMGkcXVEGC9y/rootfs/lib/modules/3.10.0-1160.92.1.el7.x86_64/kernel/net/rfkill/rfkill.ko.xz'
'/lib/modules/3.10.0-1160.92.1.el7.x86_64/kernel/net/wireless/cfg80211.ko.xz' -> '/tmp/rear.hvWqMGkcXVEGC9y/rootfs/lib/modules/3.10.0-1160.92.1.el7.x86_64/kernel/net/wireless/cfg80211.ko.xz'
'/lib/modules/3.10.0-1160.92.1.el7.x86_64/kernel/drivers/net/wireless/realtek/rtlwifi/btcoexist/btcoexist.ko.xz' -> '/tmp/rear.hvWqMGkcXVEGC9y/rootfs/lib/modules/3.10.0-1160.92.1.el7.x86_64/kernel/drivers/net/wireless/realtek/rtlwifi/btcoexist/btcoexist.ko.xz'
/lib/modules/3.10.0-1160.92.1.el7.x86_64/kernel/drivers/net/wireless/realtek/rtlwifi/rtl8821ae -> /tmp/rear.hvWqMGkcXVEGC9y/rootfs/lib/modules/3.10.0-1160.92.1.el7.x86_64/kernel/drivers/net/wireless/realtek/rtlwifi/rtl8821ae
'/lib/modules/3.10.0-1160.92.1.el7.x86_64/kernel/drivers/net/wireless/realtek/rtlwifi/rtl8821ae/rtl8821ae.ko.xz' -> '/tmp/rear.hvWqMGkcXVEGC9y/rootfs/lib/modules/3.10.0-1160.92.1.el7.x86_64/kernel/drivers/net/wireless/realtek/rtlwifi/rtl8821ae/rtl8821ae.ko.xz'
'/lib/modules/3.10.0-1160.92.1.el7.x86_64/kernel/drivers/net/wireless/realtek/rtlwifi/rtl_pci.ko.xz' -> '/tmp/rear.hvWqMGkcXVEGC9y/rootfs/lib/modules/3.10.0-1160.92.1.el7.x86_64/kernel/drivers/net/wireless/realtek/rtlwifi/rtl_pci.ko.xz'
'/lib/modules/3.10.0-1160.92.1.el7.x86_64/kernel/drivers/net/wireless/realtek/rtlwifi/rtlwifi.ko.xz' -> '/tmp/rear.hvWqMGkcXVEGC9y/rootfs/lib/modules/3.10.0-1160.92.1.el7.x86_64/kernel/drivers/net/wireless/realtek/rtlwifi/rtlwifi.ko.xz'
'/lib/modules/3.10.0-1160.92.1.el7.x86_64/kernel/net/mac80211/mac80211.ko.xz' -> '/tmp/rear.hvWqMGkcXVEGC9y/rootfs/lib/modules/3.10.0-1160.92.1.el7.x86_64/kernel/net/mac80211/mac80211.ko.xz'
'/lib/modules/3.10.0-1160.92.1.el7.x86_64/kernel/net/rfkill/rfkill.ko.xz' -> '/tmp/rear.hvWqMGkcXVEGC9y/rootfs/lib/modules/3.10.0-1160.92.1.el7.x86_64/kernel/net/rfkill/rfkill.ko.xz'
'/lib/modules/3.10.0-1160.92.1.el7.x86_64/kernel/net/wireless/cfg80211.ko.xz' -> '/tmp/rear.hvWqMGkcXVEGC9y/rootfs/lib/modules/3.10.0-1160.92.1.el7.x86_64/kernel/net/wireless/cfg80211.ko.xz'
'/lib/modules/3.10.0-1160.92.1.el7.x86_64/kernel/drivers/net/wireless/realtek/rtlwifi/rtl_pci.ko.xz' -> '/tmp/rear.hvWqMGkcXVEGC9y/rootfs/lib/modules/3.10.0-1160.92.1.el7.x86_64/kernel/drivers/net/wireless/realtek/rtlwifi/rtl_pci.ko.xz'
'/lib/modules/3.10.0-1160.92.1.el7.x86_64/kernel/drivers/net/wireless/realtek/rtlwifi/rtlwifi.ko.xz' -> '/tmp/rear.hvWqMGkcXVEGC9y/rootfs/lib/modules/3.10.0-1160.92.1.el7.x86_64/kernel/drivers/net/wireless/realtek/rtlwifi/rtlwifi.ko.xz'
'/lib/modules/3.10.0-1160.92.1.el7.x86_64/kernel/net/mac80211/mac80211.ko.xz' -> '/tmp/rear.hvWqMGkcXVEGC9y/rootfs/lib/modules/3.10.0-1160.92.1.el7.x86_64/kernel/net/mac80211/mac80211.ko.xz'
'/lib/modules/3.10.0-1160.92.1.el7.x86_64/kernel/net/rfkill/rfkill.ko.xz' -> '/tmp/rear.hvWqMGkcXVEGC9y/rootfs/lib/modules/3.10.0-1160.92.1.el7.x86_64/kernel/net/rfkill/rfkill.ko.xz'
'/lib/modules/3.10.0-1160.92.1.el7.x86_64/kernel/net/wireless/cfg80211.ko.xz' -> '/tmp/rear.hvWqMGkcXVEGC9y/rootfs/lib/modules/3.10.0-1160.92.1.el7.x86_64/kernel/net/wireless/cfg80211.ko.xz'
'/lib/modules/3.10.0-1160.92.1.el7.x86_64/kernel/drivers/net/wireless/realtek/rtlwifi/rtl_usb.ko.xz' -> '/tmp/rear.hvWqMGkcXVEGC9y/rootfs/lib/modules/3.10.0-1160.92.1.el7.x86_64/kernel/drivers/net/wireless/realtek/rtlwifi/rtl_usb.ko.xz'
'/lib/modules/3.10.0-1160.92.1.el7.x86_64/kernel/drivers/net/wireless/realtek/rtlwifi/rtlwifi.ko.xz' -> '/tmp/rear.hvWqMGkcXVEGC9y/rootfs/lib/modules/3.10.0-1160.92.1.el7.x86_64/kernel/drivers/net/wireless/realtek/rtlwifi/rtlwifi.ko.xz'
'/lib/modules/3.10.0-1160.92.1.el7.x86_64/kernel/net/mac80211/mac80211.ko.xz' -> '/tmp/rear.hvWqMGkcXVEGC9y/rootfs/lib/modules/3.10.0-1160.92.1.el7.x86_64/kernel/net/mac80211/mac80211.ko.xz'
'/lib/modules/3.10.0-1160.92.1.el7.x86_64/kernel/net/rfkill/rfkill.ko.xz' -> '/tmp/rear.hvWqMGkcXVEGC9y/rootfs/lib/modules/3.10.0-1160.92.1.el7.x86_64/kernel/net/rfkill/rfkill.ko.xz'
'/lib/modules/3.10.0-1160.92.1.el7.x86_64/kernel/net/wireless/cfg80211.ko.xz' -> '/tmp/rear.hvWqMGkcXVEGC9y/rootfs/lib/modules/3.10.0-1160.92.1.el7.x86_64/kernel/net/wireless/cfg80211.ko.xz'
'/lib/modules/3.10.0-1160.92.1.el7.x86_64/kernel/drivers/net/wireless/realtek/rtlwifi/rtlwifi.ko.xz' -> '/tmp/rear.hvWqMGkcXVEGC9y/rootfs/lib/modules/3.10.0-1160.92.1.el7.x86_64/kernel/drivers/net/wireless/realtek/rtlwifi/rtlwifi.ko.xz'
'/lib/modules/3.10.0-1160.92.1.el7.x86_64/kernel/net/mac80211/mac80211.ko.xz' -> '/tmp/rear.hvWqMGkcXVEGC9y/rootfs/lib/modules/3.10.0-1160.92.1.el7.x86_64/kernel/net/mac80211/mac80211.ko.xz'
'/lib/modules/3.10.0-1160.92.1.el7.x86_64/kernel/net/rfkill/rfkill.ko.xz' -> '/tmp/rear.hvWqMGkcXVEGC9y/rootfs/lib/modules/3.10.0-1160.92.1.el7.x86_64/kernel/net/rfkill/rfkill.ko.xz'
'/lib/modules/3.10.0-1160.92.1.el7.x86_64/kernel/net/wireless/cfg80211.ko.xz' -> '/tmp/rear.hvWqMGkcXVEGC9y/rootfs/lib/modules/3.10.0-1160.92.1.el7.x86_64/kernel/net/wireless/cfg80211.ko.xz'
/lib/modules/3.10.0-1160.92.1.el7.x86_64/kernel/drivers/net/wireless/realtek/rtw88 -> /tmp/rear.hvWqMGkcXVEGC9y/rootfs/lib/modules/3.10.0-1160.92.1.el7.x86_64/kernel/drivers/net/wireless/realtek/rtw88
'/lib/modules/3.10.0-1160.92.1.el7.x86_64/kernel/drivers/net/wireless/realtek/rtw88/rtw88.ko.xz' -> '/tmp/rear.hvWqMGkcXVEGC9y/rootfs/lib/modules/3.10.0-1160.92.1.el7.x86_64/kernel/drivers/net/wireless/realtek/rtw88/rtw88.ko.xz'
'/lib/modules/3.10.0-1160.92.1.el7.x86_64/kernel/net/mac80211/mac80211.ko.xz' -> '/tmp/rear.hvWqMGkcXVEGC9y/rootfs/lib/modules/3.10.0-1160.92.1.el7.x86_64/kernel/net/mac80211/mac80211.ko.xz'
'/lib/modules/3.10.0-1160.92.1.el7.x86_64/kernel/net/rfkill/rfkill.ko.xz' -> '/tmp/rear.hvWqMGkcXVEGC9y/rootfs/lib/modules/3.10.0-1160.92.1.el7.x86_64/kernel/net/rfkill/rfkill.ko.xz'
'/lib/modules/3.10.0-1160.92.1.el7.x86_64/kernel/net/wireless/cfg80211.ko.xz' -> '/tmp/rear.hvWqMGkcXVEGC9y/rootfs/lib/modules/3.10.0-1160.92.1.el7.x86_64/kernel/net/wireless/cfg80211.ko.xz'
'/lib/modules/3.10.0-1160.92.1.el7.x86_64/kernel/drivers/net/wireless/realtek/rtw88/rtw88.ko.xz' -> '/tmp/rear.hvWqMGkcXVEGC9y/rootfs/lib/modules/3.10.0-1160.92.1.el7.x86_64/kernel/drivers/net/wireless/realtek/rtw88/rtw88.ko.xz'
'/lib/modules/3.10.0-1160.92.1.el7.x86_64/kernel/drivers/net/wireless/realtek/rtw88/rtwpci.ko.xz' -> '/tmp/rear.hvWqMGkcXVEGC9y/rootfs/lib/modules/3.10.0-1160.92.1.el7.x86_64/kernel/drivers/net/wireless/realtek/rtw88/rtwpci.ko.xz'
'/lib/modules/3.10.0-1160.92.1.el7.x86_64/kernel/net/mac80211/mac80211.ko.xz' -> '/tmp/rear.hvWqMGkcXVEGC9y/rootfs/lib/modules/3.10.0-1160.92.1.el7.x86_64/kernel/net/mac80211/mac80211.ko.xz'
'/lib/modules/3.10.0-1160.92.1.el7.x86_64/kernel/net/rfkill/rfkill.ko.xz' -> '/tmp/rear.hvWqMGkcXVEGC9y/rootfs/lib/modules/3.10.0-1160.92.1.el7.x86_64/kernel/net/rfkill/rfkill.ko.xz'
'/lib/modules/3.10.0-1160.92.1.el7.x86_64/kernel/net/wireless/cfg80211.ko.xz' -> '/tmp/rear.hvWqMGkcXVEGC9y/rootfs/lib/modules/3.10.0-1160.92.1.el7.x86_64/kernel/net/wireless/cfg80211.ko.xz'
'/lib/modules/3.10.0-1160.92.1.el7.x86_64/kernel/drivers/net/xen-netfront.ko.xz' -> '/tmp/rear.hvWqMGkcXVEGC9y/rootfs/lib/modules/3.10.0-1160.92.1.el7.x86_64/kernel/drivers/net/xen-netfront.ko.xz'
'/lib/modules/3.10.0-1160.92.1.el7.x86_64/kernel/crypto/algif_rng.ko.xz' -> '/tmp/rear.hvWqMGkcXVEGC9y/rootfs/lib/modules/3.10.0-1160.92.1.el7.x86_64/kernel/crypto/algif_rng.ko.xz'
'/lib/modules/3.10.0-1160.92.1.el7.x86_64/kernel/crypto/ansi_cprng.ko.xz' -> '/tmp/rear.hvWqMGkcXVEGC9y/rootfs/lib/modules/3.10.0-1160.92.1.el7.x86_64/kernel/crypto/ansi_cprng.ko.xz'
'/lib/modules/3.10.0-1160.92.1.el7.x86_64/kernel/crypto/anubis.ko.xz' -> '/tmp/rear.hvWqMGkcXVEGC9y/rootfs/lib/modules/3.10.0-1160.92.1.el7.x86_64/kernel/crypto/anubis.ko.xz'
'/lib/modules/3.10.0-1160.92.1.el7.x86_64/kernel/crypto/arc4.ko.xz' -> '/tmp/rear.hvWqMGkcXVEGC9y/rootfs/lib/modules/3.10.0-1160.92.1.el7.x86_64/kernel/crypto/arc4.ko.xz'
'/lib/modules/3.10.0-1160.92.1.el7.x86_64/kernel/crypto/async_tx/async_memcpy.ko.xz' -> '/tmp/rear.hvWqMGkcXVEGC9y/rootfs/lib/modules/3.10.0-1160.92.1.el7.x86_64/kernel/crypto/async_tx/async_memcpy.ko.xz'
'/lib/modules/3.10.0-1160.92.1.el7.x86_64/kernel/crypto/async_tx/async_tx.ko.xz' -> '/tmp/rear.hvWqMGkcXVEGC9y/rootfs/lib/modules/3.10.0-1160.92.1.el7.x86_64/kernel/crypto/async_tx/async_tx.ko.xz'
'/lib/modules/3.10.0-1160.92.1.el7.x86_64/kernel/crypto/async_tx/async_pq.ko.xz' -> '/tmp/rear.hvWqMGkcXVEGC9y/rootfs/lib/modules/3.10.0-1160.92.1.el7.x86_64/kernel/crypto/async_tx/async_pq.ko.xz'
'/lib/modules/3.10.0-1160.92.1.el7.x86_64/kernel/crypto/async_tx/async_tx.ko.xz' -> '/tmp/rear.hvWqMGkcXVEGC9y/rootfs/lib/modules/3.10.0-1160.92.1.el7.x86_64/kernel/crypto/async_tx/async_tx.ko.xz'
'/lib/modules/3.10.0-1160.92.1.el7.x86_64/kernel/crypto/async_tx/async_xor.ko.xz' -> '/tmp/rear.hvWqMGkcXVEGC9y/rootfs/lib/modules/3.10.0-1160.92.1.el7.x86_64/kernel/crypto/async_tx/async_xor.ko.xz'
'/lib/modules/3.10.0-1160.92.1.el7.x86_64/kernel/crypto/xor.ko.xz' -> '/tmp/rear.hvWqMGkcXVEGC9y/rootfs/lib/modules/3.10.0-1160.92.1.el7.x86_64/kernel/crypto/xor.ko.xz'
'/lib/modules/3.10.0-1160.92.1.el7.x86_64/kernel/lib/raid6/raid6_pq.ko.xz' -> '/tmp/rear.hvWqMGkcXVEGC9y/rootfs/lib/modules/3.10.0-1160.92.1.el7.x86_64/kernel/lib/raid6/raid6_pq.ko.xz'
'/lib/modules/3.10.0-1160.92.1.el7.x86_64/kernel/crypto/async_tx/async_memcpy.ko.xz' -> '/tmp/rear.hvWqMGkcXVEGC9y/rootfs/lib/modules/3.10.0-1160.92.1.el7.x86_64/kernel/crypto/async_tx/async_memcpy.ko.xz'
'/lib/modules/3.10.0-1160.92.1.el7.x86_64/kernel/crypto/async_tx/async_pq.ko.xz' -> '/tmp/rear.hvWqMGkcXVEGC9y/rootfs/lib/modules/3.10.0-1160.92.1.el7.x86_64/kernel/crypto/async_tx/async_pq.ko.xz'
'/lib/modules/3.10.0-1160.92.1.el7.x86_64/kernel/crypto/async_tx/async_raid6_recov.ko.xz' -> '/tmp/rear.hvWqMGkcXVEGC9y/rootfs/lib/modules/3.10.0-1160.92.1.el7.x86_64/kernel/crypto/async_tx/async_raid6_recov.ko.xz'
'/lib/modules/3.10.0-1160.92.1.el7.x86_64/kernel/crypto/async_tx/async_tx.ko.xz' -> '/tmp/rear.hvWqMGkcXVEGC9y/rootfs/lib/modules/3.10.0-1160.92.1.el7.x86_64/kernel/crypto/async_tx/async_tx.ko.xz'
'/lib/modules/3.10.0-1160.92.1.el7.x86_64/kernel/crypto/async_tx/async_xor.ko.xz' -> '/tmp/rear.hvWqMGkcXVEGC9y/rootfs/lib/modules/3.10.0-1160.92.1.el7.x86_64/kernel/crypto/async_tx/async_xor.ko.xz'
'/lib/modules/3.10.0-1160.92.1.el7.x86_64/kernel/crypto/xor.ko.xz' -> '/tmp/rear.hvWqMGkcXVEGC9y/rootfs/lib/modules/3.10.0-1160.92.1.el7.x86_64/kernel/crypto/xor.ko.xz'
'/lib/modules/3.10.0-1160.92.1.el7.x86_64/kernel/lib/raid6/raid6_pq.ko.xz' -> '/tmp/rear.hvWqMGkcXVEGC9y/rootfs/lib/modules/3.10.0-1160.92.1.el7.x86_64/kernel/lib/raid6/raid6_pq.ko.xz'
'/lib/modules/3.10.0-1160.92.1.el7.x86_64/kernel/crypto/async_tx/async_tx.ko.xz' -> '/tmp/rear.hvWqMGkcXVEGC9y/rootfs/lib/modules/3.10.0-1160.92.1.el7.x86_64/kernel/crypto/async_tx/async_tx.ko.xz'
'/lib/modules/3.10.0-1160.92.1.el7.x86_64/kernel/crypto/async_tx/async_tx.ko.xz' -> '/tmp/rear.hvWqMGkcXVEGC9y/rootfs/lib/modules/3.10.0-1160.92.1.el7.x86_64/kernel/crypto/async_tx/async_tx.ko.xz'
'/lib/modules/3.10.0-1160.92.1.el7.x86_64/kernel/crypto/async_tx/async_xor.ko.xz' -> '/tmp/rear.hvWqMGkcXVEGC9y/rootfs/lib/modules/3.10.0-1160.92.1.el7.x86_64/kernel/crypto/async_tx/async_xor.ko.xz'
'/lib/modules/3.10.0-1160.92.1.el7.x86_64/kernel/crypto/xor.ko.xz' -> '/tmp/rear.hvWqMGkcXVEGC9y/rootfs/lib/modules/3.10.0-1160.92.1.el7.x86_64/kernel/crypto/xor.ko.xz'
'/lib/modules/3.10.0-1160.92.1.el7.x86_64/kernel/crypto/async_tx/async_memcpy.ko.xz' -> '/tmp/rear.hvWqMGkcXVEGC9y/rootfs/lib/modules/3.10.0-1160.92.1.el7.x86_64/kernel/crypto/async_tx/async_memcpy.ko.xz'
'/lib/modules/3.10.0-1160.92.1.el7.x86_64/kernel/crypto/async_tx/async_pq.ko.xz' -> '/tmp/rear.hvWqMGkcXVEGC9y/rootfs/lib/modules/3.10.0-1160.92.1.el7.x86_64/kernel/crypto/async_tx/async_pq.ko.xz'
'/lib/modules/3.10.0-1160.92.1.el7.x86_64/kernel/crypto/async_tx/async_raid6_recov.ko.xz' -> '/tmp/rear.hvWqMGkcXVEGC9y/rootfs/lib/modules/3.10.0-1160.92.1.el7.x86_64/kernel/crypto/async_tx/async_raid6_recov.ko.xz'
'/lib/modules/3.10.0-1160.92.1.el7.x86_64/kernel/crypto/async_tx/async_tx.ko.xz' -> '/tmp/rear.hvWqMGkcXVEGC9y/rootfs/lib/modules/3.10.0-1160.92.1.el7.x86_64/kernel/crypto/async_tx/async_tx.ko.xz'
'/lib/modules/3.10.0-1160.92.1.el7.x86_64/kernel/crypto/async_tx/async_xor.ko.xz' -> '/tmp/rear.hvWqMGkcXVEGC9y/rootfs/lib/modules/3.10.0-1160.92.1.el7.x86_64/kernel/crypto/async_tx/async_xor.ko.xz'
'/lib/modules/3.10.0-1160.92.1.el7.x86_64/kernel/crypto/async_tx/raid6test.ko.xz' -> '/tmp/rear.hvWqMGkcXVEGC9y/rootfs/lib/modules/3.10.0-1160.92.1.el7.x86_64/kernel/crypto/async_tx/raid6test.ko.xz'
'/lib/modules/3.10.0-1160.92.1.el7.x86_64/kernel/crypto/xor.ko.xz' -> '/tmp/rear.hvWqMGkcXVEGC9y/rootfs/lib/modules/3.10.0-1160.92.1.el7.x86_64/kernel/crypto/xor.ko.xz'
'/lib/modules/3.10.0-1160.92.1.el7.x86_64/kernel/lib/raid6/raid6_pq.ko.xz' -> '/tmp/rear.hvWqMGkcXVEGC9y/rootfs/lib/modules/3.10.0-1160.92.1.el7.x86_64/kernel/lib/raid6/raid6_pq.ko.xz'
'/lib/modules/3.10.0-1160.92.1.el7.x86_64/kernel/crypto/authenc.ko.xz' -> '/tmp/rear.hvWqMGkcXVEGC9y/rootfs/lib/modules/3.10.0-1160.92.1.el7.x86_64/kernel/crypto/authenc.ko.xz'
'/lib/modules/3.10.0-1160.92.1.el7.x86_64/kernel/crypto/authencesn.ko.xz' -> '/tmp/rear.hvWqMGkcXVEGC9y/rootfs/lib/modules/3.10.0-1160.92.1.el7.x86_64/kernel/crypto/authencesn.ko.xz'
'/lib/modules/3.10.0-1160.92.1.el7.x86_64/kernel/crypto/twofish_common.ko.xz' -> '/tmp/rear.hvWqMGkcXVEGC9y/rootfs/lib/modules/3.10.0-1160.92.1.el7.x86_64/kernel/crypto/twofish_common.ko.xz'
'/lib/modules/3.10.0-1160.92.1.el7.x86_64/kernel/crypto/twofish_generic.ko.xz' -> '/tmp/rear.hvWqMGkcXVEGC9y/rootfs/lib/modules/3.10.0-1160.92.1.el7.x86_64/kernel/crypto/twofish_generic.ko.xz'
'/lib/modules/3.10.0-1160.92.1.el7.x86_64/kernel/crypto/blowfish_common.ko.xz' -> '/tmp/rear.hvWqMGkcXVEGC9y/rootfs/lib/modules/3.10.0-1160.92.1.el7.x86_64/kernel/crypto/blowfish_common.ko.xz'
'/lib/modules/3.10.0-1160.92.1.el7.x86_64/kernel/crypto/wp512.ko.xz' -> '/tmp/rear.hvWqMGkcXVEGC9y/rootfs/lib/modules/3.10.0-1160.92.1.el7.x86_64/kernel/crypto/wp512.ko.xz'
'/lib/modules/3.10.0-1160.92.1.el7.x86_64/kernel/crypto/blowfish_common.ko.xz' -> '/tmp/rear.hvWqMGkcXVEGC9y/rootfs/lib/modules/3.10.0-1160.92.1.el7.x86_64/kernel/crypto/blowfish_common.ko.xz'
'/lib/modules/3.10.0-1160.92.1.el7.x86_64/kernel/crypto/blowfish_generic.ko.xz' -> '/tmp/rear.hvWqMGkcXVEGC9y/rootfs/lib/modules/3.10.0-1160.92.1.el7.x86_64/kernel/crypto/blowfish_generic.ko.xz'
'/lib/modules/3.10.0-1160.92.1.el7.x86_64/kernel/crypto/vmac.ko.xz' -> '/tmp/rear.hvWqMGkcXVEGC9y/rootfs/lib/modules/3.10.0-1160.92.1.el7.x86_64/kernel/crypto/vmac.ko.xz'
'/lib/modules/3.10.0-1160.92.1.el7.x86_64/kernel/crypto/camellia_generic.ko.xz' -> '/tmp/rear.hvWqMGkcXVEGC9y/rootfs/lib/modules/3.10.0-1160.92.1.el7.x86_64/kernel/crypto/camellia_generic.ko.xz'
'/lib/modules/3.10.0-1160.92.1.el7.x86_64/kernel/crypto/cast5_generic.ko.xz' -> '/tmp/rear.hvWqMGkcXVEGC9y/rootfs/lib/modules/3.10.0-1160.92.1.el7.x86_64/kernel/crypto/cast5_generic.ko.xz'
'/lib/modules/3.10.0-1160.92.1.el7.x86_64/kernel/crypto/cast_common.ko.xz' -> '/tmp/rear.hvWqMGkcXVEGC9y/rootfs/lib/modules/3.10.0-1160.92.1.el7.x86_64/kernel/crypto/cast_common.ko.xz'
'/lib/modules/3.10.0-1160.92.1.el7.x86_64/kernel/crypto/cast6_generic.ko.xz' -> '/tmp/rear.hvWqMGkcXVEGC9y/rootfs/lib/modules/3.10.0-1160.92.1.el7.x86_64/kernel/crypto/cast6_generic.ko.xz'
'/lib/modules/3.10.0-1160.92.1.el7.x86_64/kernel/crypto/cast_common.ko.xz' -> '/tmp/rear.hvWqMGkcXVEGC9y/rootfs/lib/modules/3.10.0-1160.92.1.el7.x86_64/kernel/crypto/cast_common.ko.xz'
'/lib/modules/3.10.0-1160.92.1.el7.x86_64/kernel/crypto/cast_common.ko.xz' -> '/tmp/rear.hvWqMGkcXVEGC9y/rootfs/lib/modules/3.10.0-1160.92.1.el7.x86_64/kernel/crypto/cast_common.ko.xz'
'/lib/modules/3.10.0-1160.92.1.el7.x86_64/kernel/crypto/ccm.ko.xz' -> '/tmp/rear.hvWqMGkcXVEGC9y/rootfs/lib/modules/3.10.0-1160.92.1.el7.x86_64/kernel/crypto/ccm.ko.xz'
'/lib/modules/3.10.0-1160.92.1.el7.x86_64/kernel/crypto/cmac.ko.xz' -> '/tmp/rear.hvWqMGkcXVEGC9y/rootfs/lib/modules/3.10.0-1160.92.1.el7.x86_64/kernel/crypto/cmac.ko.xz'
'/lib/modules/3.10.0-1160.92.1.el7.x86_64/kernel/crypto/crc32_generic.ko.xz' -> '/tmp/rear.hvWqMGkcXVEGC9y/rootfs/lib/modules/3.10.0-1160.92.1.el7.x86_64/kernel/crypto/crc32_generic.ko.xz'
'/lib/modules/3.10.0-1160.92.1.el7.x86_64/kernel/crypto/xcbc.ko.xz' -> '/tmp/rear.hvWqMGkcXVEGC9y/rootfs/lib/modules/3.10.0-1160.92.1.el7.x86_64/kernel/crypto/xcbc.ko.xz'
'/lib/modules/3.10.0-1160.92.1.el7.x86_64/kernel/crypto/crct10dif_common.ko.xz' -> '/tmp/rear.hvWqMGkcXVEGC9y/rootfs/lib/modules/3.10.0-1160.92.1.el7.x86_64/kernel/crypto/crct10dif_common.ko.xz'
'/lib/modules/3.10.0-1160.92.1.el7.x86_64/kernel/crypto/xor.ko.xz' -> '/tmp/rear.hvWqMGkcXVEGC9y/rootfs/lib/modules/3.10.0-1160.92.1.el7.x86_64/kernel/crypto/xor.ko.xz'
'/lib/modules/3.10.0-1160.92.1.el7.x86_64/kernel/crypto/crct10dif_common.ko.xz' -> '/tmp/rear.hvWqMGkcXVEGC9y/rootfs/lib/modules/3.10.0-1160.92.1.el7.x86_64/kernel/crypto/crct10dif_common.ko.xz'
'/lib/modules/3.10.0-1160.92.1.el7.x86_64/kernel/crypto/crct10dif_generic.ko.xz' -> '/tmp/rear.hvWqMGkcXVEGC9y/rootfs/lib/modules/3.10.0-1160.92.1.el7.x86_64/kernel/crypto/crct10dif_generic.ko.xz'
'/lib/modules/3.10.0-1160.92.1.el7.x86_64/kernel/crypto/cryptd.ko.xz' -> '/tmp/rear.hvWqMGkcXVEGC9y/rootfs/lib/modules/3.10.0-1160.92.1.el7.x86_64/kernel/crypto/cryptd.ko.xz'
'/lib/modules/3.10.0-1160.92.1.el7.x86_64/kernel/crypto/crypto_null.ko.xz' -> '/tmp/rear.hvWqMGkcXVEGC9y/rootfs/lib/modules/3.10.0-1160.92.1.el7.x86_64/kernel/crypto/crypto_null.ko.xz'
'/lib/modules/3.10.0-1160.92.1.el7.x86_64/kernel/crypto/crypto_user.ko.xz' -> '/tmp/rear.hvWqMGkcXVEGC9y/rootfs/lib/modules/3.10.0-1160.92.1.el7.x86_64/kernel/crypto/crypto_user.ko.xz'
'/lib/modules/3.10.0-1160.92.1.el7.x86_64/kernel/crypto/cts.ko.xz' -> '/tmp/rear.hvWqMGkcXVEGC9y/rootfs/lib/modules/3.10.0-1160.92.1.el7.x86_64/kernel/crypto/cts.ko.xz'
'/lib/modules/3.10.0-1160.92.1.el7.x86_64/kernel/crypto/deflate.ko.xz' -> '/tmp/rear.hvWqMGkcXVEGC9y/rootfs/lib/modules/3.10.0-1160.92.1.el7.x86_64/kernel/crypto/deflate.ko.xz'
'/lib/modules/3.10.0-1160.92.1.el7.x86_64/kernel/crypto/des_generic.ko.xz' -> '/tmp/rear.hvWqMGkcXVEGC9y/rootfs/lib/modules/3.10.0-1160.92.1.el7.x86_64/kernel/crypto/des_generic.ko.xz'
'/lib/modules/3.10.0-1160.92.1.el7.x86_64/kernel/crypto/dh_generic.ko.xz' -> '/tmp/rear.hvWqMGkcXVEGC9y/rootfs/lib/modules/3.10.0-1160.92.1.el7.x86_64/kernel/crypto/dh_generic.ko.xz'
'/lib/modules/3.10.0-1160.92.1.el7.x86_64/kernel/crypto/drbg.ko.xz' -> '/tmp/rear.hvWqMGkcXVEGC9y/rootfs/lib/modules/3.10.0-1160.92.1.el7.x86_64/kernel/crypto/drbg.ko.xz'
'/lib/modules/3.10.0-1160.92.1.el7.x86_64/kernel/crypto/fcrypt.ko.xz' -> '/tmp/rear.hvWqMGkcXVEGC9y/rootfs/lib/modules/3.10.0-1160.92.1.el7.x86_64/kernel/crypto/fcrypt.ko.xz'
'/lib/modules/3.10.0-1160.92.1.el7.x86_64/kernel/crypto/gcm.ko.xz' -> '/tmp/rear.hvWqMGkcXVEGC9y/rootfs/lib/modules/3.10.0-1160.92.1.el7.x86_64/kernel/crypto/gcm.ko.xz'
'/lib/modules/3.10.0-1160.92.1.el7.x86_64/kernel/crypto/gf128mul.ko.xz' -> '/tmp/rear.hvWqMGkcXVEGC9y/rootfs/lib/modules/3.10.0-1160.92.1.el7.x86_64/kernel/crypto/gf128mul.ko.xz'
'/lib/modules/3.10.0-1160.92.1.el7.x86_64/kernel/crypto/gf128mul.ko.xz' -> '/tmp/rear.hvWqMGkcXVEGC9y/rootfs/lib/modules/3.10.0-1160.92.1.el7.x86_64/kernel/crypto/gf128mul.ko.xz'
'/lib/modules/3.10.0-1160.92.1.el7.x86_64/kernel/crypto/ghash-generic.ko.xz' -> '/tmp/rear.hvWqMGkcXVEGC9y/rootfs/lib/modules/3.10.0-1160.92.1.el7.x86_64/kernel/crypto/ghash-generic.ko.xz'
'/lib/modules/3.10.0-1160.92.1.el7.x86_64/kernel/crypto/gf128mul.ko.xz' -> '/tmp/rear.hvWqMGkcXVEGC9y/rootfs/lib/modules/3.10.0-1160.92.1.el7.x86_64/kernel/crypto/gf128mul.ko.xz'
'/lib/modules/3.10.0-1160.92.1.el7.x86_64/kernel/crypto/xts.ko.xz' -> '/tmp/rear.hvWqMGkcXVEGC9y/rootfs/lib/modules/3.10.0-1160.92.1.el7.x86_64/kernel/crypto/xts.ko.xz'
'/lib/modules/3.10.0-1160.92.1.el7.x86_64/kernel/crypto/jitterentropy_rng.ko.xz' -> '/tmp/rear.hvWqMGkcXVEGC9y/rootfs/lib/modules/3.10.0-1160.92.1.el7.x86_64/kernel/crypto/jitterentropy_rng.ko.xz'
'/lib/modules/3.10.0-1160.92.1.el7.x86_64/kernel/crypto/khazad.ko.xz' -> '/tmp/rear.hvWqMGkcXVEGC9y/rootfs/lib/modules/3.10.0-1160.92.1.el7.x86_64/kernel/crypto/khazad.ko.xz'
'/lib/modules/3.10.0-1160.92.1.el7.x86_64/kernel/crypto/gf128mul.ko.xz' -> '/tmp/rear.hvWqMGkcXVEGC9y/rootfs/lib/modules/3.10.0-1160.92.1.el7.x86_64/kernel/crypto/gf128mul.ko.xz'
'/lib/modules/3.10.0-1160.92.1.el7.x86_64/kernel/crypto/lrw.ko.xz' -> '/tmp/rear.hvWqMGkcXVEGC9y/rootfs/lib/modules/3.10.0-1160.92.1.el7.x86_64/kernel/crypto/lrw.ko.xz'
'/lib/modules/3.10.0-1160.92.1.el7.x86_64/kernel/crypto/mcryptd.ko.xz' -> '/tmp/rear.hvWqMGkcXVEGC9y/rootfs/lib/modules/3.10.0-1160.92.1.el7.x86_64/kernel/crypto/mcryptd.ko.xz'
'/lib/modules/3.10.0-1160.92.1.el7.x86_64/kernel/crypto/md4.ko.xz' -> '/tmp/rear.hvWqMGkcXVEGC9y/rootfs/lib/modules/3.10.0-1160.92.1.el7.x86_64/kernel/crypto/md4.ko.xz'
'/lib/modules/3.10.0-1160.92.1.el7.x86_64/kernel/crypto/michael_mic.ko.xz' -> '/tmp/rear.hvWqMGkcXVEGC9y/rootfs/lib/modules/3.10.0-1160.92.1.el7.x86_64/kernel/crypto/michael_mic.ko.xz'
'/lib/modules/3.10.0-1160.92.1.el7.x86_64/kernel/crypto/pcbc.ko.xz' -> '/tmp/rear.hvWqMGkcXVEGC9y/rootfs/lib/modules/3.10.0-1160.92.1.el7.x86_64/kernel/crypto/pcbc.ko.xz'
'/lib/modules/3.10.0-1160.92.1.el7.x86_64/kernel/crypto/pcrypt.ko.xz' -> '/tmp/rear.hvWqMGkcXVEGC9y/rootfs/lib/modules/3.10.0-1160.92.1.el7.x86_64/kernel/crypto/pcrypt.ko.xz'
'/lib/modules/3.10.0-1160.92.1.el7.x86_64/kernel/crypto/rmd128.ko.xz' -> '/tmp/rear.hvWqMGkcXVEGC9y/rootfs/lib/modules/3.10.0-1160.92.1.el7.x86_64/kernel/crypto/rmd128.ko.xz'
'/lib/modules/3.10.0-1160.92.1.el7.x86_64/kernel/crypto/rmd160.ko.xz' -> '/tmp/rear.hvWqMGkcXVEGC9y/rootfs/lib/modules/3.10.0-1160.92.1.el7.x86_64/kernel/crypto/rmd160.ko.xz'
'/lib/modules/3.10.0-1160.92.1.el7.x86_64/kernel/crypto/rmd256.ko.xz' -> '/tmp/rear.hvWqMGkcXVEGC9y/rootfs/lib/modules/3.10.0-1160.92.1.el7.x86_64/kernel/crypto/rmd256.ko.xz'
'/lib/modules/3.10.0-1160.92.1.el7.x86_64/kernel/crypto/rmd320.ko.xz' -> '/tmp/rear.hvWqMGkcXVEGC9y/rootfs/lib/modules/3.10.0-1160.92.1.el7.x86_64/kernel/crypto/rmd320.ko.xz'
'/lib/modules/3.10.0-1160.92.1.el7.x86_64/kernel/crypto/rsa_generic.ko.xz' -> '/tmp/rear.hvWqMGkcXVEGC9y/rootfs/lib/modules/3.10.0-1160.92.1.el7.x86_64/kernel/crypto/rsa_generic.ko.xz'
'/lib/modules/3.10.0-1160.92.1.el7.x86_64/kernel/crypto/zlib.ko.xz' -> '/tmp/rear.hvWqMGkcXVEGC9y/rootfs/lib/modules/3.10.0-1160.92.1.el7.x86_64/kernel/crypto/zlib.ko.xz'
'/lib/modules/3.10.0-1160.92.1.el7.x86_64/kernel/crypto/salsa20_generic.ko.xz' -> '/tmp/rear.hvWqMGkcXVEGC9y/rootfs/lib/modules/3.10.0-1160.92.1.el7.x86_64/kernel/crypto/salsa20_generic.ko.xz'
'/lib/modules/3.10.0-1160.92.1.el7.x86_64/kernel/crypto/seed.ko.xz' -> '/tmp/rear.hvWqMGkcXVEGC9y/rootfs/lib/modules/3.10.0-1160.92.1.el7.x86_64/kernel/crypto/seed.ko.xz'
'/lib/modules/3.10.0-1160.92.1.el7.x86_64/kernel/crypto/serpent_generic.ko.xz' -> '/tmp/rear.hvWqMGkcXVEGC9y/rootfs/lib/modules/3.10.0-1160.92.1.el7.x86_64/kernel/crypto/serpent_generic.ko.xz'
'/lib/modules/3.10.0-1160.92.1.el7.x86_64/kernel/crypto/sha512_generic.ko.xz' -> '/tmp/rear.hvWqMGkcXVEGC9y/rootfs/lib/modules/3.10.0-1160.92.1.el7.x86_64/kernel/crypto/sha512_generic.ko.xz'
'/lib/modules/3.10.0-1160.92.1.el7.x86_64/kernel/crypto/tcrypt.ko.xz' -> '/tmp/rear.hvWqMGkcXVEGC9y/rootfs/lib/modules/3.10.0-1160.92.1.el7.x86_64/kernel/crypto/tcrypt.ko.xz'
'/lib/modules/3.10.0-1160.92.1.el7.x86_64/kernel/crypto/tea.ko.xz' -> '/tmp/rear.hvWqMGkcXVEGC9y/rootfs/lib/modules/3.10.0-1160.92.1.el7.x86_64/kernel/crypto/tea.ko.xz'
'/lib/modules/3.10.0-1160.92.1.el7.x86_64/kernel/crypto/tgr192.ko.xz' -> '/tmp/rear.hvWqMGkcXVEGC9y/rootfs/lib/modules/3.10.0-1160.92.1.el7.x86_64/kernel/crypto/tgr192.ko.xz'
'/lib/modules/3.10.0-1160.92.1.el7.x86_64/kernel/crypto/twofish_common.ko.xz' -> '/tmp/rear.hvWqMGkcXVEGC9y/rootfs/lib/modules/3.10.0-1160.92.1.el7.x86_64/kernel/crypto/twofish_common.ko.xz'
'/lib/modules/3.10.0-1160.92.1.el7.x86_64/kernel/drivers/virtio/virtio.ko.xz' -> '/tmp/rear.hvWqMGkcXVEGC9y/rootfs/lib/modules/3.10.0-1160.92.1.el7.x86_64/kernel/drivers/virtio/virtio.ko.xz'
'/lib/modules/3.10.0-1160.92.1.el7.x86_64/kernel/drivers/virtio/virtio.ko.xz' -> '/tmp/rear.hvWqMGkcXVEGC9y/rootfs/lib/modules/3.10.0-1160.92.1.el7.x86_64/kernel/drivers/virtio/virtio.ko.xz'
'/lib/modules/3.10.0-1160.92.1.el7.x86_64/kernel/drivers/virtio/virtio_balloon.ko.xz' -> '/tmp/rear.hvWqMGkcXVEGC9y/rootfs/lib/modules/3.10.0-1160.92.1.el7.x86_64/kernel/drivers/virtio/virtio_balloon.ko.xz'
'/lib/modules/3.10.0-1160.92.1.el7.x86_64/kernel/drivers/virtio/virtio_ring.ko.xz' -> '/tmp/rear.hvWqMGkcXVEGC9y/rootfs/lib/modules/3.10.0-1160.92.1.el7.x86_64/kernel/drivers/virtio/virtio_ring.ko.xz'
'/lib/modules/3.10.0-1160.92.1.el7.x86_64/kernel/drivers/virtio/virtio.ko.xz' -> '/tmp/rear.hvWqMGkcXVEGC9y/rootfs/lib/modules/3.10.0-1160.92.1.el7.x86_64/kernel/drivers/virtio/virtio.ko.xz'
'/lib/modules/3.10.0-1160.92.1.el7.x86_64/kernel/drivers/virtio/virtio_input.ko.xz' -> '/tmp/rear.hvWqMGkcXVEGC9y/rootfs/lib/modules/3.10.0-1160.92.1.el7.x86_64/kernel/drivers/virtio/virtio_input.ko.xz'
'/lib/modules/3.10.0-1160.92.1.el7.x86_64/kernel/drivers/virtio/virtio_ring.ko.xz' -> '/tmp/rear.hvWqMGkcXVEGC9y/rootfs/lib/modules/3.10.0-1160.92.1.el7.x86_64/kernel/drivers/virtio/virtio_ring.ko.xz'
'/lib/modules/3.10.0-1160.92.1.el7.x86_64/kernel/drivers/virtio/virtio.ko.xz' -> '/tmp/rear.hvWqMGkcXVEGC9y/rootfs/lib/modules/3.10.0-1160.92.1.el7.x86_64/kernel/drivers/virtio/virtio.ko.xz'
'/lib/modules/3.10.0-1160.92.1.el7.x86_64/kernel/drivers/virtio/virtio_pci.ko.xz' -> '/tmp/rear.hvWqMGkcXVEGC9y/rootfs/lib/modules/3.10.0-1160.92.1.el7.x86_64/kernel/drivers/virtio/virtio_pci.ko.xz'
'/lib/modules/3.10.0-1160.92.1.el7.x86_64/kernel/drivers/virtio/virtio_ring.ko.xz' -> '/tmp/rear.hvWqMGkcXVEGC9y/rootfs/lib/modules/3.10.0-1160.92.1.el7.x86_64/kernel/drivers/virtio/virtio_ring.ko.xz'
'/lib/modules/3.10.0-1160.92.1.el7.x86_64/kernel/drivers/virtio/virtio_ring.ko.xz' -> '/tmp/rear.hvWqMGkcXVEGC9y/rootfs/lib/modules/3.10.0-1160.92.1.el7.x86_64/kernel/drivers/virtio/virtio_ring.ko.xz'
/lib/modules/3.10.0-1160.92.1.el7.x86_64/kernel/drivers/xen -> /tmp/rear.hvWqMGkcXVEGC9y/rootfs/lib/modules/3.10.0-1160.92.1.el7.x86_64/kernel/drivers/xen
'/lib/modules/3.10.0-1160.92.1.el7.x86_64/kernel/drivers/xen/xen-acpi-processor.ko.xz' -> '/tmp/rear.hvWqMGkcXVEGC9y/rootfs/lib/modules/3.10.0-1160.92.1.el7.x86_64/kernel/drivers/xen/xen-acpi-processor.ko.xz'
'/lib/modules/3.10.0-1160.92.1.el7.x86_64/kernel/drivers/xen/xen-evtchn.ko.xz' -> '/tmp/rear.hvWqMGkcXVEGC9y/rootfs/lib/modules/3.10.0-1160.92.1.el7.x86_64/kernel/drivers/xen/xen-evtchn.ko.xz'
'/lib/modules/3.10.0-1160.92.1.el7.x86_64/kernel/drivers/xen/xen-privcmd.ko.xz' -> '/tmp/rear.hvWqMGkcXVEGC9y/rootfs/lib/modules/3.10.0-1160.92.1.el7.x86_64/kernel/drivers/xen/xen-privcmd.ko.xz'
'/lib/modules/3.10.0-1160.92.1.el7.x86_64/kernel/drivers/xen/xen-privcmd.ko.xz' -> '/tmp/rear.hvWqMGkcXVEGC9y/rootfs/lib/modules/3.10.0-1160.92.1.el7.x86_64/kernel/drivers/xen/xen-privcmd.ko.xz'
/lib/modules/3.10.0-1160.92.1.el7.x86_64/kernel/drivers/xen/xenfs -> /tmp/rear.hvWqMGkcXVEGC9y/rootfs/lib/modules/3.10.0-1160.92.1.el7.x86_64/kernel/drivers/xen/xenfs
'/lib/modules/3.10.0-1160.92.1.el7.x86_64/kernel/drivers/xen/xenfs/xenfs.ko.xz' -> '/tmp/rear.hvWqMGkcXVEGC9y/rootfs/lib/modules/3.10.0-1160.92.1.el7.x86_64/kernel/drivers/xen/xenfs/xenfs.ko.xz'
'/lib/modules/3.10.0-1160.92.1.el7.x86_64/kernel/net/ipv4/tcp_lp.ko.xz' -> '/tmp/rear.hvWqMGkcXVEGC9y/rootfs/lib/modules/3.10.0-1160.92.1.el7.x86_64/kernel/net/ipv4/tcp_lp.ko.xz'
'/lib/modules/3.10.0-1160.92.1.el7.x86_64/kernel/fs/nls/nls_utf8.ko.xz' -> '/tmp/rear.hvWqMGkcXVEGC9y/rootfs/lib/modules/3.10.0-1160.92.1.el7.x86_64/kernel/fs/nls/nls_utf8.ko.xz'
'/lib/modules/3.10.0-1160.92.1.el7.x86_64/kernel/fs/isofs/isofs.ko.xz' -> '/tmp/rear.hvWqMGkcXVEGC9y/rootfs/lib/modules/3.10.0-1160.92.1.el7.x86_64/kernel/fs/isofs/isofs.ko.xz'
/lib/modules/3.10.0-1160.92.1.el7.x86_64/kernel/net/netfilter -> /tmp/rear.hvWqMGkcXVEGC9y/rootfs/lib/modules/3.10.0-1160.92.1.el7.x86_64/kernel/net/netfilter
'/lib/modules/3.10.0-1160.92.1.el7.x86_64/kernel/net/netfilter/xt_CHECKSUM.ko.xz' -> '/tmp/rear.hvWqMGkcXVEGC9y/rootfs/lib/modules/3.10.0-1160.92.1.el7.x86_64/kernel/net/netfilter/xt_CHECKSUM.ko.xz'
'/lib/modules/3.10.0-1160.92.1.el7.x86_64/kernel/lib/libcrc32c.ko.xz' -> '/tmp/rear.hvWqMGkcXVEGC9y/rootfs/lib/modules/3.10.0-1160.92.1.el7.x86_64/kernel/lib/libcrc32c.ko.xz'
/lib/modules/3.10.0-1160.92.1.el7.x86_64/kernel/net/ipv4/netfilter -> /tmp/rear.hvWqMGkcXVEGC9y/rootfs/lib/modules/3.10.0-1160.92.1.el7.x86_64/kernel/net/ipv4/netfilter
'/lib/modules/3.10.0-1160.92.1.el7.x86_64/kernel/net/ipv4/netfilter/ipt_MASQUERADE.ko.xz' -> '/tmp/rear.hvWqMGkcXVEGC9y/rootfs/lib/modules/3.10.0-1160.92.1.el7.x86_64/kernel/net/ipv4/netfilter/ipt_MASQUERADE.ko.xz'
'/lib/modules/3.10.0-1160.92.1.el7.x86_64/kernel/net/ipv4/netfilter/nf_nat_masquerade_ipv4.ko.xz' -> '/tmp/rear.hvWqMGkcXVEGC9y/rootfs/lib/modules/3.10.0-1160.92.1.el7.x86_64/kernel/net/ipv4/netfilter/nf_nat_masquerade_ipv4.ko.xz'
'/lib/modules/3.10.0-1160.92.1.el7.x86_64/kernel/net/netfilter/nf_nat.ko.xz' -> '/tmp/rear.hvWqMGkcXVEGC9y/rootfs/lib/modules/3.10.0-1160.92.1.el7.x86_64/kernel/net/netfilter/nf_nat.ko.xz'
'/lib/modules/3.10.0-1160.92.1.el7.x86_64/kernel/lib/libcrc32c.ko.xz' -> '/tmp/rear.hvWqMGkcXVEGC9y/rootfs/lib/modules/3.10.0-1160.92.1.el7.x86_64/kernel/lib/libcrc32c.ko.xz'
'/lib/modules/3.10.0-1160.92.1.el7.x86_64/kernel/net/ipv4/netfilter/nf_nat_masquerade_ipv4.ko.xz' -> '/tmp/rear.hvWqMGkcXVEGC9y/rootfs/lib/modules/3.10.0-1160.92.1.el7.x86_64/kernel/net/ipv4/netfilter/nf_nat_masquerade_ipv4.ko.xz'
'/lib/modules/3.10.0-1160.92.1.el7.x86_64/kernel/net/netfilter/nf_nat.ko.xz' -> '/tmp/rear.hvWqMGkcXVEGC9y/rootfs/lib/modules/3.10.0-1160.92.1.el7.x86_64/kernel/net/netfilter/nf_nat.ko.xz'
'/lib/modules/3.10.0-1160.92.1.el7.x86_64/kernel/drivers/net/tun.ko.xz' -> '/tmp/rear.hvWqMGkcXVEGC9y/rootfs/lib/modules/3.10.0-1160.92.1.el7.x86_64/kernel/drivers/net/tun.ko.xz'
'/lib/modules/3.10.0-1160.92.1.el7.x86_64/kernel/net/core/devlink.ko.xz' -> '/tmp/rear.hvWqMGkcXVEGC9y/rootfs/lib/modules/3.10.0-1160.92.1.el7.x86_64/kernel/net/core/devlink.ko.xz'
'/lib/modules/3.10.0-1160.92.1.el7.x86_64/kernel/lib/libcrc32c.ko.xz' -> '/tmp/rear.hvWqMGkcXVEGC9y/rootfs/lib/modules/3.10.0-1160.92.1.el7.x86_64/kernel/lib/libcrc32c.ko.xz'
'/lib/modules/3.10.0-1160.92.1.el7.x86_64/kernel/net/netfilter/nf_conntrack_ftp.ko.xz' -> '/tmp/rear.hvWqMGkcXVEGC9y/rootfs/lib/modules/3.10.0-1160.92.1.el7.x86_64/kernel/net/netfilter/nf_conntrack_ftp.ko.xz'
'/lib/modules/3.10.0-1160.92.1.el7.x86_64/kernel/net/netfilter/nf_nat.ko.xz' -> '/tmp/rear.hvWqMGkcXVEGC9y/rootfs/lib/modules/3.10.0-1160.92.1.el7.x86_64/kernel/net/netfilter/nf_nat.ko.xz'
'/lib/modules/3.10.0-1160.92.1.el7.x86_64/kernel/net/netfilter/nf_nat_ftp.ko.xz' -> '/tmp/rear.hvWqMGkcXVEGC9y/rootfs/lib/modules/3.10.0-1160.92.1.el7.x86_64/kernel/net/netfilter/nf_nat_ftp.ko.xz'
'/lib/modules/3.10.0-1160.92.1.el7.x86_64/kernel/lib/libcrc32c.ko.xz' -> '/tmp/rear.hvWqMGkcXVEGC9y/rootfs/lib/modules/3.10.0-1160.92.1.el7.x86_64/kernel/lib/libcrc32c.ko.xz'
'/lib/modules/3.10.0-1160.92.1.el7.x86_64/kernel/net/netfilter/nf_conntrack_ftp.ko.xz' -> '/tmp/rear.hvWqMGkcXVEGC9y/rootfs/lib/modules/3.10.0-1160.92.1.el7.x86_64/kernel/net/netfilter/nf_conntrack_ftp.ko.xz'
'/lib/modules/3.10.0-1160.92.1.el7.x86_64/kernel/lib/libcrc32c.ko.xz' -> '/tmp/rear.hvWqMGkcXVEGC9y/rootfs/lib/modules/3.10.0-1160.92.1.el7.x86_64/kernel/lib/libcrc32c.ko.xz'
'/lib/modules/3.10.0-1160.92.1.el7.x86_64/kernel/net/netfilter/nf_conntrack_broadcast.ko.xz' -> '/tmp/rear.hvWqMGkcXVEGC9y/rootfs/lib/modules/3.10.0-1160.92.1.el7.x86_64/kernel/net/netfilter/nf_conntrack_broadcast.ko.xz'
'/lib/modules/3.10.0-1160.92.1.el7.x86_64/kernel/net/netfilter/nf_conntrack_netbios_ns.ko.xz' -> '/tmp/rear.hvWqMGkcXVEGC9y/rootfs/lib/modules/3.10.0-1160.92.1.el7.x86_64/kernel/net/netfilter/nf_conntrack_netbios_ns.ko.xz'
'/lib/modules/3.10.0-1160.92.1.el7.x86_64/kernel/lib/libcrc32c.ko.xz' -> '/tmp/rear.hvWqMGkcXVEGC9y/rootfs/lib/modules/3.10.0-1160.92.1.el7.x86_64/kernel/lib/libcrc32c.ko.xz'
'/lib/modules/3.10.0-1160.92.1.el7.x86_64/kernel/net/netfilter/nf_conntrack_broadcast.ko.xz' -> '/tmp/rear.hvWqMGkcXVEGC9y/rootfs/lib/modules/3.10.0-1160.92.1.el7.x86_64/kernel/net/netfilter/nf_conntrack_broadcast.ko.xz'
/lib/modules/3.10.0-1160.92.1.el7.x86_64/kernel/net/ipv6/netfilter -> /tmp/rear.hvWqMGkcXVEGC9y/rootfs/lib/modules/3.10.0-1160.92.1.el7.x86_64/kernel/net/ipv6/netfilter
'/lib/modules/3.10.0-1160.92.1.el7.x86_64/kernel/net/ipv6/netfilter/ip6t_rpfilter.ko.xz' -> '/tmp/rear.hvWqMGkcXVEGC9y/rootfs/lib/modules/3.10.0-1160.92.1.el7.x86_64/kernel/net/ipv6/netfilter/ip6t_rpfilter.ko.xz'
'/lib/modules/3.10.0-1160.92.1.el7.x86_64/kernel/net/ipv6/netfilter/ip6t_REJECT.ko.xz' -> '/tmp/rear.hvWqMGkcXVEGC9y/rootfs/lib/modules/3.10.0-1160.92.1.el7.x86_64/kernel/net/ipv6/netfilter/ip6t_REJECT.ko.xz'
'/lib/modules/3.10.0-1160.92.1.el7.x86_64/kernel/net/ipv6/netfilter/nf_reject_ipv6.ko.xz' -> '/tmp/rear.hvWqMGkcXVEGC9y/rootfs/lib/modules/3.10.0-1160.92.1.el7.x86_64/kernel/net/ipv6/netfilter/nf_reject_ipv6.ko.xz'
'/lib/modules/3.10.0-1160.92.1.el7.x86_64/kernel/net/ipv6/netfilter/nf_reject_ipv6.ko.xz' -> '/tmp/rear.hvWqMGkcXVEGC9y/rootfs/lib/modules/3.10.0-1160.92.1.el7.x86_64/kernel/net/ipv6/netfilter/nf_reject_ipv6.ko.xz'
'/lib/modules/3.10.0-1160.92.1.el7.x86_64/kernel/net/ipv4/netfilter/ipt_REJECT.ko.xz' -> '/tmp/rear.hvWqMGkcXVEGC9y/rootfs/lib/modules/3.10.0-1160.92.1.el7.x86_64/kernel/net/ipv4/netfilter/ipt_REJECT.ko.xz'
'/lib/modules/3.10.0-1160.92.1.el7.x86_64/kernel/net/ipv4/netfilter/nf_reject_ipv4.ko.xz' -> '/tmp/rear.hvWqMGkcXVEGC9y/rootfs/lib/modules/3.10.0-1160.92.1.el7.x86_64/kernel/net/ipv4/netfilter/nf_reject_ipv4.ko.xz'
'/lib/modules/3.10.0-1160.92.1.el7.x86_64/kernel/net/ipv4/netfilter/nf_reject_ipv4.ko.xz' -> '/tmp/rear.hvWqMGkcXVEGC9y/rootfs/lib/modules/3.10.0-1160.92.1.el7.x86_64/kernel/net/ipv4/netfilter/nf_reject_ipv4.ko.xz'
'/lib/modules/3.10.0-1160.92.1.el7.x86_64/kernel/lib/libcrc32c.ko.xz' -> '/tmp/rear.hvWqMGkcXVEGC9y/rootfs/lib/modules/3.10.0-1160.92.1.el7.x86_64/kernel/lib/libcrc32c.ko.xz'
'/lib/modules/3.10.0-1160.92.1.el7.x86_64/kernel/net/netfilter/xt_conntrack.ko.xz' -> '/tmp/rear.hvWqMGkcXVEGC9y/rootfs/lib/modules/3.10.0-1160.92.1.el7.x86_64/kernel/net/netfilter/xt_conntrack.ko.xz'
/lib/modules/3.10.0-1160.92.1.el7.x86_64/kernel/net/bridge/netfilter -> /tmp/rear.hvWqMGkcXVEGC9y/rootfs/lib/modules/3.10.0-1160.92.1.el7.x86_64/kernel/net/bridge/netfilter
'/lib/modules/3.10.0-1160.92.1.el7.x86_64/kernel/net/bridge/netfilter/ebtable_nat.ko.xz' -> '/tmp/rear.hvWqMGkcXVEGC9y/rootfs/lib/modules/3.10.0-1160.92.1.el7.x86_64/kernel/net/bridge/netfilter/ebtable_nat.ko.xz'
'/lib/modules/3.10.0-1160.92.1.el7.x86_64/kernel/net/bridge/netfilter/ebtables.ko.xz' -> '/tmp/rear.hvWqMGkcXVEGC9y/rootfs/lib/modules/3.10.0-1160.92.1.el7.x86_64/kernel/net/bridge/netfilter/ebtables.ko.xz'
'/lib/modules/3.10.0-1160.92.1.el7.x86_64/kernel/net/802/stp.ko.xz' -> '/tmp/rear.hvWqMGkcXVEGC9y/rootfs/lib/modules/3.10.0-1160.92.1.el7.x86_64/kernel/net/802/stp.ko.xz'
'/lib/modules/3.10.0-1160.92.1.el7.x86_64/kernel/net/bridge/bridge.ko.xz' -> '/tmp/rear.hvWqMGkcXVEGC9y/rootfs/lib/modules/3.10.0-1160.92.1.el7.x86_64/kernel/net/bridge/bridge.ko.xz'
'/lib/modules/3.10.0-1160.92.1.el7.x86_64/kernel/net/bridge/netfilter/ebtable_broute.ko.xz' -> '/tmp/rear.hvWqMGkcXVEGC9y/rootfs/lib/modules/3.10.0-1160.92.1.el7.x86_64/kernel/net/bridge/netfilter/ebtable_broute.ko.xz'
'/lib/modules/3.10.0-1160.92.1.el7.x86_64/kernel/net/bridge/netfilter/ebtables.ko.xz' -> '/tmp/rear.hvWqMGkcXVEGC9y/rootfs/lib/modules/3.10.0-1160.92.1.el7.x86_64/kernel/net/bridge/netfilter/ebtables.ko.xz'
'/lib/modules/3.10.0-1160.92.1.el7.x86_64/kernel/net/llc/llc.ko.xz' -> '/tmp/rear.hvWqMGkcXVEGC9y/rootfs/lib/modules/3.10.0-1160.92.1.el7.x86_64/kernel/net/llc/llc.ko.xz'
'/lib/modules/3.10.0-1160.92.1.el7.x86_64/kernel/net/802/stp.ko.xz' -> '/tmp/rear.hvWqMGkcXVEGC9y/rootfs/lib/modules/3.10.0-1160.92.1.el7.x86_64/kernel/net/802/stp.ko.xz'
'/lib/modules/3.10.0-1160.92.1.el7.x86_64/kernel/net/bridge/bridge.ko.xz' -> '/tmp/rear.hvWqMGkcXVEGC9y/rootfs/lib/modules/3.10.0-1160.92.1.el7.x86_64/kernel/net/bridge/bridge.ko.xz'
'/lib/modules/3.10.0-1160.92.1.el7.x86_64/kernel/net/llc/llc.ko.xz' -> '/tmp/rear.hvWqMGkcXVEGC9y/rootfs/lib/modules/3.10.0-1160.92.1.el7.x86_64/kernel/net/llc/llc.ko.xz'
'/lib/modules/3.10.0-1160.92.1.el7.x86_64/kernel/net/802/stp.ko.xz' -> '/tmp/rear.hvWqMGkcXVEGC9y/rootfs/lib/modules/3.10.0-1160.92.1.el7.x86_64/kernel/net/802/stp.ko.xz'
'/lib/modules/3.10.0-1160.92.1.el7.x86_64/kernel/net/llc/llc.ko.xz' -> '/tmp/rear.hvWqMGkcXVEGC9y/rootfs/lib/modules/3.10.0-1160.92.1.el7.x86_64/kernel/net/llc/llc.ko.xz'
'/lib/modules/3.10.0-1160.92.1.el7.x86_64/kernel/net/llc/llc.ko.xz' -> '/tmp/rear.hvWqMGkcXVEGC9y/rootfs/lib/modules/3.10.0-1160.92.1.el7.x86_64/kernel/net/llc/llc.ko.xz'
'/lib/modules/3.10.0-1160.92.1.el7.x86_64/kernel/lib/libcrc32c.ko.xz' -> '/tmp/rear.hvWqMGkcXVEGC9y/rootfs/lib/modules/3.10.0-1160.92.1.el7.x86_64/kernel/lib/libcrc32c.ko.xz'
'/lib/modules/3.10.0-1160.92.1.el7.x86_64/kernel/net/ipv6/netfilter/ip6_tables.ko.xz' -> '/tmp/rear.hvWqMGkcXVEGC9y/rootfs/lib/modules/3.10.0-1160.92.1.el7.x86_64/kernel/net/ipv6/netfilter/ip6_tables.ko.xz'
'/lib/modules/3.10.0-1160.92.1.el7.x86_64/kernel/net/ipv6/netfilter/ip6table_nat.ko.xz' -> '/tmp/rear.hvWqMGkcXVEGC9y/rootfs/lib/modules/3.10.0-1160.92.1.el7.x86_64/kernel/net/ipv6/netfilter/ip6table_nat.ko.xz'
'/lib/modules/3.10.0-1160.92.1.el7.x86_64/kernel/net/ipv6/netfilter/nf_nat_ipv6.ko.xz' -> '/tmp/rear.hvWqMGkcXVEGC9y/rootfs/lib/modules/3.10.0-1160.92.1.el7.x86_64/kernel/net/ipv6/netfilter/nf_nat_ipv6.ko.xz'
'/lib/modules/3.10.0-1160.92.1.el7.x86_64/kernel/net/netfilter/nf_nat.ko.xz' -> '/tmp/rear.hvWqMGkcXVEGC9y/rootfs/lib/modules/3.10.0-1160.92.1.el7.x86_64/kernel/net/netfilter/nf_nat.ko.xz'
'/lib/modules/3.10.0-1160.92.1.el7.x86_64/kernel/lib/libcrc32c.ko.xz' -> '/tmp/rear.hvWqMGkcXVEGC9y/rootfs/lib/modules/3.10.0-1160.92.1.el7.x86_64/kernel/lib/libcrc32c.ko.xz'
'/lib/modules/3.10.0-1160.92.1.el7.x86_64/kernel/net/ipv6/netfilter/nf_conntrack_ipv6.ko.xz' -> '/tmp/rear.hvWqMGkcXVEGC9y/rootfs/lib/modules/3.10.0-1160.92.1.el7.x86_64/kernel/net/ipv6/netfilter/nf_conntrack_ipv6.ko.xz'
'/lib/modules/3.10.0-1160.92.1.el7.x86_64/kernel/net/ipv6/netfilter/nf_defrag_ipv6.ko.xz' -> '/tmp/rear.hvWqMGkcXVEGC9y/rootfs/lib/modules/3.10.0-1160.92.1.el7.x86_64/kernel/net/ipv6/netfilter/nf_defrag_ipv6.ko.xz'
'/lib/modules/3.10.0-1160.92.1.el7.x86_64/kernel/net/ipv6/netfilter/nf_defrag_ipv6.ko.xz' -> '/tmp/rear.hvWqMGkcXVEGC9y/rootfs/lib/modules/3.10.0-1160.92.1.el7.x86_64/kernel/net/ipv6/netfilter/nf_defrag_ipv6.ko.xz'
'/lib/modules/3.10.0-1160.92.1.el7.x86_64/kernel/lib/libcrc32c.ko.xz' -> '/tmp/rear.hvWqMGkcXVEGC9y/rootfs/lib/modules/3.10.0-1160.92.1.el7.x86_64/kernel/lib/libcrc32c.ko.xz'
'/lib/modules/3.10.0-1160.92.1.el7.x86_64/kernel/net/ipv6/netfilter/nf_nat_ipv6.ko.xz' -> '/tmp/rear.hvWqMGkcXVEGC9y/rootfs/lib/modules/3.10.0-1160.92.1.el7.x86_64/kernel/net/ipv6/netfilter/nf_nat_ipv6.ko.xz'
'/lib/modules/3.10.0-1160.92.1.el7.x86_64/kernel/net/netfilter/nf_nat.ko.xz' -> '/tmp/rear.hvWqMGkcXVEGC9y/rootfs/lib/modules/3.10.0-1160.92.1.el7.x86_64/kernel/net/netfilter/nf_nat.ko.xz'
'/lib/modules/3.10.0-1160.92.1.el7.x86_64/kernel/net/ipv6/netfilter/ip6_tables.ko.xz' -> '/tmp/rear.hvWqMGkcXVEGC9y/rootfs/lib/modules/3.10.0-1160.92.1.el7.x86_64/kernel/net/ipv6/netfilter/ip6_tables.ko.xz'
'/lib/modules/3.10.0-1160.92.1.el7.x86_64/kernel/net/ipv6/netfilter/ip6table_mangle.ko.xz' -> '/tmp/rear.hvWqMGkcXVEGC9y/rootfs/lib/modules/3.10.0-1160.92.1.el7.x86_64/kernel/net/ipv6/netfilter/ip6table_mangle.ko.xz'
'/lib/modules/3.10.0-1160.92.1.el7.x86_64/kernel/net/ipv6/netfilter/ip6_tables.ko.xz' -> '/tmp/rear.hvWqMGkcXVEGC9y/rootfs/lib/modules/3.10.0-1160.92.1.el7.x86_64/kernel/net/ipv6/netfilter/ip6_tables.ko.xz'
'/lib/modules/3.10.0-1160.92.1.el7.x86_64/kernel/net/ipv6/netfilter/ip6table_security.ko.xz' -> '/tmp/rear.hvWqMGkcXVEGC9y/rootfs/lib/modules/3.10.0-1160.92.1.el7.x86_64/kernel/net/ipv6/netfilter/ip6table_security.ko.xz'
'/lib/modules/3.10.0-1160.92.1.el7.x86_64/kernel/net/ipv6/netfilter/ip6_tables.ko.xz' -> '/tmp/rear.hvWqMGkcXVEGC9y/rootfs/lib/modules/3.10.0-1160.92.1.el7.x86_64/kernel/net/ipv6/netfilter/ip6_tables.ko.xz'
'/lib/modules/3.10.0-1160.92.1.el7.x86_64/kernel/net/ipv6/netfilter/ip6table_raw.ko.xz' -> '/tmp/rear.hvWqMGkcXVEGC9y/rootfs/lib/modules/3.10.0-1160.92.1.el7.x86_64/kernel/net/ipv6/netfilter/ip6table_raw.ko.xz'
'/lib/modules/3.10.0-1160.92.1.el7.x86_64/kernel/lib/libcrc32c.ko.xz' -> '/tmp/rear.hvWqMGkcXVEGC9y/rootfs/lib/modules/3.10.0-1160.92.1.el7.x86_64/kernel/lib/libcrc32c.ko.xz'
'/lib/modules/3.10.0-1160.92.1.el7.x86_64/kernel/net/ipv4/netfilter/ip_tables.ko.xz' -> '/tmp/rear.hvWqMGkcXVEGC9y/rootfs/lib/modules/3.10.0-1160.92.1.el7.x86_64/kernel/net/ipv4/netfilter/ip_tables.ko.xz'
'/lib/modules/3.10.0-1160.92.1.el7.x86_64/kernel/net/ipv4/netfilter/iptable_nat.ko.xz' -> '/tmp/rear.hvWqMGkcXVEGC9y/rootfs/lib/modules/3.10.0-1160.92.1.el7.x86_64/kernel/net/ipv4/netfilter/iptable_nat.ko.xz'
'/lib/modules/3.10.0-1160.92.1.el7.x86_64/kernel/net/ipv4/netfilter/nf_nat_ipv4.ko.xz' -> '/tmp/rear.hvWqMGkcXVEGC9y/rootfs/lib/modules/3.10.0-1160.92.1.el7.x86_64/kernel/net/ipv4/netfilter/nf_nat_ipv4.ko.xz'
'/lib/modules/3.10.0-1160.92.1.el7.x86_64/kernel/net/netfilter/nf_nat.ko.xz' -> '/tmp/rear.hvWqMGkcXVEGC9y/rootfs/lib/modules/3.10.0-1160.92.1.el7.x86_64/kernel/net/netfilter/nf_nat.ko.xz'
'/lib/modules/3.10.0-1160.92.1.el7.x86_64/kernel/lib/libcrc32c.ko.xz' -> '/tmp/rear.hvWqMGkcXVEGC9y/rootfs/lib/modules/3.10.0-1160.92.1.el7.x86_64/kernel/lib/libcrc32c.ko.xz'
'/lib/modules/3.10.0-1160.92.1.el7.x86_64/kernel/net/ipv4/netfilter/nf_conntrack_ipv4.ko.xz' -> '/tmp/rear.hvWqMGkcXVEGC9y/rootfs/lib/modules/3.10.0-1160.92.1.el7.x86_64/kernel/net/ipv4/netfilter/nf_conntrack_ipv4.ko.xz'
'/lib/modules/3.10.0-1160.92.1.el7.x86_64/kernel/net/ipv4/netfilter/nf_defrag_ipv4.ko.xz' -> '/tmp/rear.hvWqMGkcXVEGC9y/rootfs/lib/modules/3.10.0-1160.92.1.el7.x86_64/kernel/net/ipv4/netfilter/nf_defrag_ipv4.ko.xz'
'/lib/modules/3.10.0-1160.92.1.el7.x86_64/kernel/net/ipv4/netfilter/nf_defrag_ipv4.ko.xz' -> '/tmp/rear.hvWqMGkcXVEGC9y/rootfs/lib/modules/3.10.0-1160.92.1.el7.x86_64/kernel/net/ipv4/netfilter/nf_defrag_ipv4.ko.xz'
'/lib/modules/3.10.0-1160.92.1.el7.x86_64/kernel/lib/libcrc32c.ko.xz' -> '/tmp/rear.hvWqMGkcXVEGC9y/rootfs/lib/modules/3.10.0-1160.92.1.el7.x86_64/kernel/lib/libcrc32c.ko.xz'
'/lib/modules/3.10.0-1160.92.1.el7.x86_64/kernel/net/ipv4/netfilter/nf_nat_ipv4.ko.xz' -> '/tmp/rear.hvWqMGkcXVEGC9y/rootfs/lib/modules/3.10.0-1160.92.1.el7.x86_64/kernel/net/ipv4/netfilter/nf_nat_ipv4.ko.xz'
'/lib/modules/3.10.0-1160.92.1.el7.x86_64/kernel/net/netfilter/nf_nat.ko.xz' -> '/tmp/rear.hvWqMGkcXVEGC9y/rootfs/lib/modules/3.10.0-1160.92.1.el7.x86_64/kernel/net/netfilter/nf_nat.ko.xz'
'/lib/modules/3.10.0-1160.92.1.el7.x86_64/kernel/lib/libcrc32c.ko.xz' -> '/tmp/rear.hvWqMGkcXVEGC9y/rootfs/lib/modules/3.10.0-1160.92.1.el7.x86_64/kernel/lib/libcrc32c.ko.xz'
'/lib/modules/3.10.0-1160.92.1.el7.x86_64/kernel/net/netfilter/nf_nat.ko.xz' -> '/tmp/rear.hvWqMGkcXVEGC9y/rootfs/lib/modules/3.10.0-1160.92.1.el7.x86_64/kernel/net/netfilter/nf_nat.ko.xz'
'/lib/modules/3.10.0-1160.92.1.el7.x86_64/kernel/net/ipv4/netfilter/ip_tables.ko.xz' -> '/tmp/rear.hvWqMGkcXVEGC9y/rootfs/lib/modules/3.10.0-1160.92.1.el7.x86_64/kernel/net/ipv4/netfilter/ip_tables.ko.xz'
'/lib/modules/3.10.0-1160.92.1.el7.x86_64/kernel/net/ipv4/netfilter/iptable_mangle.ko.xz' -> '/tmp/rear.hvWqMGkcXVEGC9y/rootfs/lib/modules/3.10.0-1160.92.1.el7.x86_64/kernel/net/ipv4/netfilter/iptable_mangle.ko.xz'
'/lib/modules/3.10.0-1160.92.1.el7.x86_64/kernel/net/ipv4/netfilter/ip_tables.ko.xz' -> '/tmp/rear.hvWqMGkcXVEGC9y/rootfs/lib/modules/3.10.0-1160.92.1.el7.x86_64/kernel/net/ipv4/netfilter/ip_tables.ko.xz'
'/lib/modules/3.10.0-1160.92.1.el7.x86_64/kernel/net/ipv4/netfilter/iptable_security.ko.xz' -> '/tmp/rear.hvWqMGkcXVEGC9y/rootfs/lib/modules/3.10.0-1160.92.1.el7.x86_64/kernel/net/ipv4/netfilter/iptable_security.ko.xz'
'/lib/modules/3.10.0-1160.92.1.el7.x86_64/kernel/net/ipv4/netfilter/ip_tables.ko.xz' -> '/tmp/rear.hvWqMGkcXVEGC9y/rootfs/lib/modules/3.10.0-1160.92.1.el7.x86_64/kernel/net/ipv4/netfilter/ip_tables.ko.xz'
'/lib/modules/3.10.0-1160.92.1.el7.x86_64/kernel/net/ipv4/netfilter/iptable_raw.ko.xz' -> '/tmp/rear.hvWqMGkcXVEGC9y/rootfs/lib/modules/3.10.0-1160.92.1.el7.x86_64/kernel/net/ipv4/netfilter/iptable_raw.ko.xz'
'/lib/modules/3.10.0-1160.92.1.el7.x86_64/kernel/lib/libcrc32c.ko.xz' -> '/tmp/rear.hvWqMGkcXVEGC9y/rootfs/lib/modules/3.10.0-1160.92.1.el7.x86_64/kernel/lib/libcrc32c.ko.xz'
'/lib/modules/3.10.0-1160.92.1.el7.x86_64/kernel/net/netfilter/nf_conntrack.ko.xz' -> '/tmp/rear.hvWqMGkcXVEGC9y/rootfs/lib/modules/3.10.0-1160.92.1.el7.x86_64/kernel/net/netfilter/nf_conntrack.ko.xz'
/lib/modules/3.10.0-1160.92.1.el7.x86_64/kernel/net/netfilter/ipset -> /tmp/rear.hvWqMGkcXVEGC9y/rootfs/lib/modules/3.10.0-1160.92.1.el7.x86_64/kernel/net/netfilter/ipset
'/lib/modules/3.10.0-1160.92.1.el7.x86_64/kernel/net/netfilter/ipset/ip_set.ko.xz' -> '/tmp/rear.hvWqMGkcXVEGC9y/rootfs/lib/modules/3.10.0-1160.92.1.el7.x86_64/kernel/net/netfilter/ipset/ip_set.ko.xz'
'/lib/modules/3.10.0-1160.92.1.el7.x86_64/kernel/net/bridge/netfilter/ebtable_filter.ko.xz' -> '/tmp/rear.hvWqMGkcXVEGC9y/rootfs/lib/modules/3.10.0-1160.92.1.el7.x86_64/kernel/net/bridge/netfilter/ebtable_filter.ko.xz'
'/lib/modules/3.10.0-1160.92.1.el7.x86_64/kernel/net/bridge/netfilter/ebtables.ko.xz' -> '/tmp/rear.hvWqMGkcXVEGC9y/rootfs/lib/modules/3.10.0-1160.92.1.el7.x86_64/kernel/net/bridge/netfilter/ebtables.ko.xz'
'/lib/modules/3.10.0-1160.92.1.el7.x86_64/kernel/net/bridge/netfilter/ebtables.ko.xz' -> '/tmp/rear.hvWqMGkcXVEGC9y/rootfs/lib/modules/3.10.0-1160.92.1.el7.x86_64/kernel/net/bridge/netfilter/ebtables.ko.xz'
'/lib/modules/3.10.0-1160.92.1.el7.x86_64/kernel/net/ipv6/netfilter/ip6_tables.ko.xz' -> '/tmp/rear.hvWqMGkcXVEGC9y/rootfs/lib/modules/3.10.0-1160.92.1.el7.x86_64/kernel/net/ipv6/netfilter/ip6_tables.ko.xz'
'/lib/modules/3.10.0-1160.92.1.el7.x86_64/kernel/net/ipv6/netfilter/ip6table_filter.ko.xz' -> '/tmp/rear.hvWqMGkcXVEGC9y/rootfs/lib/modules/3.10.0-1160.92.1.el7.x86_64/kernel/net/ipv6/netfilter/ip6table_filter.ko.xz'
'/lib/modules/3.10.0-1160.92.1.el7.x86_64/kernel/net/ipv6/netfilter/ip6_tables.ko.xz' -> '/tmp/rear.hvWqMGkcXVEGC9y/rootfs/lib/modules/3.10.0-1160.92.1.el7.x86_64/kernel/net/ipv6/netfilter/ip6_tables.ko.xz'
'/lib/modules/3.10.0-1160.92.1.el7.x86_64/kernel/net/ipv4/netfilter/ip_tables.ko.xz' -> '/tmp/rear.hvWqMGkcXVEGC9y/rootfs/lib/modules/3.10.0-1160.92.1.el7.x86_64/kernel/net/ipv4/netfilter/ip_tables.ko.xz'
'/lib/modules/3.10.0-1160.92.1.el7.x86_64/kernel/net/ipv4/netfilter/iptable_filter.ko.xz' -> '/tmp/rear.hvWqMGkcXVEGC9y/rootfs/lib/modules/3.10.0-1160.92.1.el7.x86_64/kernel/net/ipv4/netfilter/iptable_filter.ko.xz'
/lib/modules/3.10.0-1160.92.1.el7.x86_64/kernel/drivers/misc/vmw_vmci -> /tmp/rear.hvWqMGkcXVEGC9y/rootfs/lib/modules/3.10.0-1160.92.1.el7.x86_64/kernel/drivers/misc/vmw_vmci
'/lib/modules/3.10.0-1160.92.1.el7.x86_64/kernel/drivers/misc/vmw_vmci/vmw_vmci.ko.xz' -> '/tmp/rear.hvWqMGkcXVEGC9y/rootfs/lib/modules/3.10.0-1160.92.1.el7.x86_64/kernel/drivers/misc/vmw_vmci/vmw_vmci.ko.xz'
'/lib/modules/3.10.0-1160.92.1.el7.x86_64/kernel/net/vmw_vsock/vmw_vsock_vmci_transport.ko.xz' -> '/tmp/rear.hvWqMGkcXVEGC9y/rootfs/lib/modules/3.10.0-1160.92.1.el7.x86_64/kernel/net/vmw_vsock/vmw_vsock_vmci_transport.ko.xz'
'/lib/modules/3.10.0-1160.92.1.el7.x86_64/kernel/net/vmw_vsock/vsock.ko.xz' -> '/tmp/rear.hvWqMGkcXVEGC9y/rootfs/lib/modules/3.10.0-1160.92.1.el7.x86_64/kernel/net/vmw_vsock/vsock.ko.xz'
'/lib/modules/3.10.0-1160.92.1.el7.x86_64/kernel/net/vmw_vsock/vsock.ko.xz' -> '/tmp/rear.hvWqMGkcXVEGC9y/rootfs/lib/modules/3.10.0-1160.92.1.el7.x86_64/kernel/net/vmw_vsock/vsock.ko.xz'
'/lib/modules/3.10.0-1160.92.1.el7.x86_64/kernel/net/sunrpc/sunrpc.ko.xz' -> '/tmp/rear.hvWqMGkcXVEGC9y/rootfs/lib/modules/3.10.0-1160.92.1.el7.x86_64/kernel/net/sunrpc/sunrpc.ko.xz'
'/lib/modules/3.10.0-1160.92.1.el7.x86_64/kernel/drivers/md/dm-log.ko.xz' -> '/tmp/rear.hvWqMGkcXVEGC9y/rootfs/lib/modules/3.10.0-1160.92.1.el7.x86_64/kernel/drivers/md/dm-log.ko.xz'
'/lib/modules/3.10.0-1160.92.1.el7.x86_64/kernel/drivers/md/dm-mirror.ko.xz' -> '/tmp/rear.hvWqMGkcXVEGC9y/rootfs/lib/modules/3.10.0-1160.92.1.el7.x86_64/kernel/drivers/md/dm-mirror.ko.xz'
'/lib/modules/3.10.0-1160.92.1.el7.x86_64/kernel/drivers/md/dm-mod.ko.xz' -> '/tmp/rear.hvWqMGkcXVEGC9y/rootfs/lib/modules/3.10.0-1160.92.1.el7.x86_64/kernel/drivers/md/dm-mod.ko.xz'
'/lib/modules/3.10.0-1160.92.1.el7.x86_64/kernel/drivers/md/dm-region-hash.ko.xz' -> '/tmp/rear.hvWqMGkcXVEGC9y/rootfs/lib/modules/3.10.0-1160.92.1.el7.x86_64/kernel/drivers/md/dm-region-hash.ko.xz'
'/lib/modules/3.10.0-1160.92.1.el7.x86_64/kernel/drivers/md/dm-log.ko.xz' -> '/tmp/rear.hvWqMGkcXVEGC9y/rootfs/lib/modules/3.10.0-1160.92.1.el7.x86_64/kernel/drivers/md/dm-log.ko.xz'
'/lib/modules/3.10.0-1160.92.1.el7.x86_64/kernel/drivers/md/dm-mod.ko.xz' -> '/tmp/rear.hvWqMGkcXVEGC9y/rootfs/lib/modules/3.10.0-1160.92.1.el7.x86_64/kernel/drivers/md/dm-mod.ko.xz'
'/lib/modules/3.10.0-1160.92.1.el7.x86_64/kernel/drivers/md/dm-region-hash.ko.xz' -> '/tmp/rear.hvWqMGkcXVEGC9y/rootfs/lib/modules/3.10.0-1160.92.1.el7.x86_64/kernel/drivers/md/dm-region-hash.ko.xz'
'/lib/modules/3.10.0-1160.92.1.el7.x86_64/kernel/drivers/md/dm-log.ko.xz' -> '/tmp/rear.hvWqMGkcXVEGC9y/rootfs/lib/modules/3.10.0-1160.92.1.el7.x86_64/kernel/drivers/md/dm-log.ko.xz'
'/lib/modules/3.10.0-1160.92.1.el7.x86_64/kernel/drivers/md/dm-mod.ko.xz' -> '/tmp/rear.hvWqMGkcXVEGC9y/rootfs/lib/modules/3.10.0-1160.92.1.el7.x86_64/kernel/drivers/md/dm-mod.ko.xz'
'/lib/modules/3.10.0-1160.92.1.el7.x86_64/kernel/drivers/md/dm-mod.ko.xz' -> '/tmp/rear.hvWqMGkcXVEGC9y/rootfs/lib/modules/3.10.0-1160.92.1.el7.x86_64/kernel/drivers/md/dm-mod.ko.xz'
/lib/modules/3.10.0-1160.92.1.el7.x86_64/kernel/sound -> /tmp/rear.hvWqMGkcXVEGC9y/rootfs/lib/modules/3.10.0-1160.92.1.el7.x86_64/kernel/sound
/lib/modules/3.10.0-1160.92.1.el7.x86_64/kernel/sound/core -> /tmp/rear.hvWqMGkcXVEGC9y/rootfs/lib/modules/3.10.0-1160.92.1.el7.x86_64/kernel/sound/core
/lib/modules/3.10.0-1160.92.1.el7.x86_64/kernel/sound/core/seq -> /tmp/rear.hvWqMGkcXVEGC9y/rootfs/lib/modules/3.10.0-1160.92.1.el7.x86_64/kernel/sound/core/seq
'/lib/modules/3.10.0-1160.92.1.el7.x86_64/kernel/sound/core/seq/snd-seq-midi-event.ko.xz' -> '/tmp/rear.hvWqMGkcXVEGC9y/rootfs/lib/modules/3.10.0-1160.92.1.el7.x86_64/kernel/sound/core/seq/snd-seq-midi-event.ko.xz'
'/lib/modules/3.10.0-1160.92.1.el7.x86_64/kernel/sound/core/seq/snd-seq-midi.ko.xz' -> '/tmp/rear.hvWqMGkcXVEGC9y/rootfs/lib/modules/3.10.0-1160.92.1.el7.x86_64/kernel/sound/core/seq/snd-seq-midi.ko.xz'
'/lib/modules/3.10.0-1160.92.1.el7.x86_64/kernel/sound/core/seq/snd-seq.ko.xz' -> '/tmp/rear.hvWqMGkcXVEGC9y/rootfs/lib/modules/3.10.0-1160.92.1.el7.x86_64/kernel/sound/core/seq/snd-seq.ko.xz'
'/lib/modules/3.10.0-1160.92.1.el7.x86_64/kernel/sound/core/snd-rawmidi.ko.xz' -> '/tmp/rear.hvWqMGkcXVEGC9y/rootfs/lib/modules/3.10.0-1160.92.1.el7.x86_64/kernel/sound/core/snd-rawmidi.ko.xz'
'/lib/modules/3.10.0-1160.92.1.el7.x86_64/kernel/sound/core/snd-seq-device.ko.xz' -> '/tmp/rear.hvWqMGkcXVEGC9y/rootfs/lib/modules/3.10.0-1160.92.1.el7.x86_64/kernel/sound/core/snd-seq-device.ko.xz'
'/lib/modules/3.10.0-1160.92.1.el7.x86_64/kernel/sound/core/snd-timer.ko.xz' -> '/tmp/rear.hvWqMGkcXVEGC9y/rootfs/lib/modules/3.10.0-1160.92.1.el7.x86_64/kernel/sound/core/snd-timer.ko.xz'
'/lib/modules/3.10.0-1160.92.1.el7.x86_64/kernel/sound/core/snd.ko.xz' -> '/tmp/rear.hvWqMGkcXVEGC9y/rootfs/lib/modules/3.10.0-1160.92.1.el7.x86_64/kernel/sound/core/snd.ko.xz'
'/lib/modules/3.10.0-1160.92.1.el7.x86_64/kernel/sound/soundcore.ko.xz' -> '/tmp/rear.hvWqMGkcXVEGC9y/rootfs/lib/modules/3.10.0-1160.92.1.el7.x86_64/kernel/sound/soundcore.ko.xz'
'/lib/modules/3.10.0-1160.92.1.el7.x86_64/kernel/sound/core/seq/snd-seq-midi-event.ko.xz' -> '/tmp/rear.hvWqMGkcXVEGC9y/rootfs/lib/modules/3.10.0-1160.92.1.el7.x86_64/kernel/sound/core/seq/snd-seq-midi-event.ko.xz'
'/lib/modules/3.10.0-1160.92.1.el7.x86_64/kernel/sound/core/seq/snd-seq.ko.xz' -> '/tmp/rear.hvWqMGkcXVEGC9y/rootfs/lib/modules/3.10.0-1160.92.1.el7.x86_64/kernel/sound/core/seq/snd-seq.ko.xz'
'/lib/modules/3.10.0-1160.92.1.el7.x86_64/kernel/sound/core/snd-seq-device.ko.xz' -> '/tmp/rear.hvWqMGkcXVEGC9y/rootfs/lib/modules/3.10.0-1160.92.1.el7.x86_64/kernel/sound/core/snd-seq-device.ko.xz'
'/lib/modules/3.10.0-1160.92.1.el7.x86_64/kernel/sound/core/snd-timer.ko.xz' -> '/tmp/rear.hvWqMGkcXVEGC9y/rootfs/lib/modules/3.10.0-1160.92.1.el7.x86_64/kernel/sound/core/snd-timer.ko.xz'
'/lib/modules/3.10.0-1160.92.1.el7.x86_64/kernel/sound/core/snd.ko.xz' -> '/tmp/rear.hvWqMGkcXVEGC9y/rootfs/lib/modules/3.10.0-1160.92.1.el7.x86_64/kernel/sound/core/snd.ko.xz'
'/lib/modules/3.10.0-1160.92.1.el7.x86_64/kernel/sound/soundcore.ko.xz' -> '/tmp/rear.hvWqMGkcXVEGC9y/rootfs/lib/modules/3.10.0-1160.92.1.el7.x86_64/kernel/sound/soundcore.ko.xz'
/lib/modules/3.10.0-1160.92.1.el7.x86_64/kernel/arch/x86/platform -> /tmp/rear.hvWqMGkcXVEGC9y/rootfs/lib/modules/3.10.0-1160.92.1.el7.x86_64/kernel/arch/x86/platform
/lib/modules/3.10.0-1160.92.1.el7.x86_64/kernel/arch/x86/platform/intel -> /tmp/rear.hvWqMGkcXVEGC9y/rootfs/lib/modules/3.10.0-1160.92.1.el7.x86_64/kernel/arch/x86/platform/intel
'/lib/modules/3.10.0-1160.92.1.el7.x86_64/kernel/arch/x86/platform/intel/iosf_mbi.ko.xz' -> '/tmp/rear.hvWqMGkcXVEGC9y/rootfs/lib/modules/3.10.0-1160.92.1.el7.x86_64/kernel/arch/x86/platform/intel/iosf_mbi.ko.xz'
'/lib/modules/3.10.0-1160.92.1.el7.x86_64/kernel/arch/x86/crypto/crc32-pclmul.ko.xz' -> '/tmp/rear.hvWqMGkcXVEGC9y/rootfs/lib/modules/3.10.0-1160.92.1.el7.x86_64/kernel/arch/x86/crypto/crc32-pclmul.ko.xz'
'/lib/modules/3.10.0-1160.92.1.el7.x86_64/kernel/sound/ac97_bus.ko.xz' -> '/tmp/rear.hvWqMGkcXVEGC9y/rootfs/lib/modules/3.10.0-1160.92.1.el7.x86_64/kernel/sound/ac97_bus.ko.xz'
'/lib/modules/3.10.0-1160.92.1.el7.x86_64/kernel/sound/core/snd-rawmidi.ko.xz' -> '/tmp/rear.hvWqMGkcXVEGC9y/rootfs/lib/modules/3.10.0-1160.92.1.el7.x86_64/kernel/sound/core/snd-rawmidi.ko.xz'
'/lib/modules/3.10.0-1160.92.1.el7.x86_64/kernel/sound/core/snd-seq-device.ko.xz' -> '/tmp/rear.hvWqMGkcXVEGC9y/rootfs/lib/modules/3.10.0-1160.92.1.el7.x86_64/kernel/sound/core/snd-seq-device.ko.xz'
'/lib/modules/3.10.0-1160.92.1.el7.x86_64/kernel/sound/core/snd-timer.ko.xz' -> '/tmp/rear.hvWqMGkcXVEGC9y/rootfs/lib/modules/3.10.0-1160.92.1.el7.x86_64/kernel/sound/core/snd-timer.ko.xz'
'/lib/modules/3.10.0-1160.92.1.el7.x86_64/kernel/sound/core/snd.ko.xz' -> '/tmp/rear.hvWqMGkcXVEGC9y/rootfs/lib/modules/3.10.0-1160.92.1.el7.x86_64/kernel/sound/core/snd.ko.xz'
/lib/modules/3.10.0-1160.92.1.el7.x86_64/kernel/sound/pci -> /tmp/rear.hvWqMGkcXVEGC9y/rootfs/lib/modules/3.10.0-1160.92.1.el7.x86_64/kernel/sound/pci
/lib/modules/3.10.0-1160.92.1.el7.x86_64/kernel/sound/pci/ac97 -> /tmp/rear.hvWqMGkcXVEGC9y/rootfs/lib/modules/3.10.0-1160.92.1.el7.x86_64/kernel/sound/pci/ac97
'/lib/modules/3.10.0-1160.92.1.el7.x86_64/kernel/sound/pci/ac97/snd-ac97-codec.ko.xz' -> '/tmp/rear.hvWqMGkcXVEGC9y/rootfs/lib/modules/3.10.0-1160.92.1.el7.x86_64/kernel/sound/pci/ac97/snd-ac97-codec.ko.xz'
'/lib/modules/3.10.0-1160.92.1.el7.x86_64/kernel/sound/pci/snd-ens1371.ko.xz' -> '/tmp/rear.hvWqMGkcXVEGC9y/rootfs/lib/modules/3.10.0-1160.92.1.el7.x86_64/kernel/sound/pci/snd-ens1371.ko.xz'
'/lib/modules/3.10.0-1160.92.1.el7.x86_64/kernel/sound/soundcore.ko.xz' -> '/tmp/rear.hvWqMGkcXVEGC9y/rootfs/lib/modules/3.10.0-1160.92.1.el7.x86_64/kernel/sound/soundcore.ko.xz'
'/lib/modules/3.10.0-1160.92.1.el7.x86_64/kernel/arch/x86/crypto/ghash-clmulni-intel.ko.xz' -> '/tmp/rear.hvWqMGkcXVEGC9y/rootfs/lib/modules/3.10.0-1160.92.1.el7.x86_64/kernel/arch/x86/crypto/ghash-clmulni-intel.ko.xz'
'/lib/modules/3.10.0-1160.92.1.el7.x86_64/kernel/crypto/cryptd.ko.xz' -> '/tmp/rear.hvWqMGkcXVEGC9y/rootfs/lib/modules/3.10.0-1160.92.1.el7.x86_64/kernel/crypto/cryptd.ko.xz'
'/lib/modules/3.10.0-1160.92.1.el7.x86_64/kernel/sound/core/snd-rawmidi.ko.xz' -> '/tmp/rear.hvWqMGkcXVEGC9y/rootfs/lib/modules/3.10.0-1160.92.1.el7.x86_64/kernel/sound/core/snd-rawmidi.ko.xz'
'/lib/modules/3.10.0-1160.92.1.el7.x86_64/kernel/sound/core/snd-seq-device.ko.xz' -> '/tmp/rear.hvWqMGkcXVEGC9y/rootfs/lib/modules/3.10.0-1160.92.1.el7.x86_64/kernel/sound/core/snd-seq-device.ko.xz'
'/lib/modules/3.10.0-1160.92.1.el7.x86_64/kernel/sound/core/snd.ko.xz' -> '/tmp/rear.hvWqMGkcXVEGC9y/rootfs/lib/modules/3.10.0-1160.92.1.el7.x86_64/kernel/sound/core/snd.ko.xz'
'/lib/modules/3.10.0-1160.92.1.el7.x86_64/kernel/sound/soundcore.ko.xz' -> '/tmp/rear.hvWqMGkcXVEGC9y/rootfs/lib/modules/3.10.0-1160.92.1.el7.x86_64/kernel/sound/soundcore.ko.xz'
'/lib/modules/3.10.0-1160.92.1.el7.x86_64/kernel/sound/ac97_bus.ko.xz' -> '/tmp/rear.hvWqMGkcXVEGC9y/rootfs/lib/modules/3.10.0-1160.92.1.el7.x86_64/kernel/sound/ac97_bus.ko.xz'
'/lib/modules/3.10.0-1160.92.1.el7.x86_64/kernel/sound/core/snd-timer.ko.xz' -> '/tmp/rear.hvWqMGkcXVEGC9y/rootfs/lib/modules/3.10.0-1160.92.1.el7.x86_64/kernel/sound/core/snd-timer.ko.xz'
'/lib/modules/3.10.0-1160.92.1.el7.x86_64/kernel/sound/core/snd.ko.xz' -> '/tmp/rear.hvWqMGkcXVEGC9y/rootfs/lib/modules/3.10.0-1160.92.1.el7.x86_64/kernel/sound/core/snd.ko.xz'
'/lib/modules/3.10.0-1160.92.1.el7.x86_64/kernel/sound/pci/ac97/snd-ac97-codec.ko.xz' -> '/tmp/rear.hvWqMGkcXVEGC9y/rootfs/lib/modules/3.10.0-1160.92.1.el7.x86_64/kernel/sound/pci/ac97/snd-ac97-codec.ko.xz'
'/lib/modules/3.10.0-1160.92.1.el7.x86_64/kernel/sound/soundcore.ko.xz' -> '/tmp/rear.hvWqMGkcXVEGC9y/rootfs/lib/modules/3.10.0-1160.92.1.el7.x86_64/kernel/sound/soundcore.ko.xz'
/lib/modules/3.10.0-1160.92.1.el7.x86_64/kernel/drivers/char -> /tmp/rear.hvWqMGkcXVEGC9y/rootfs/lib/modules/3.10.0-1160.92.1.el7.x86_64/kernel/drivers/char
'/lib/modules/3.10.0-1160.92.1.el7.x86_64/kernel/drivers/char/ppdev.ko.xz' -> '/tmp/rear.hvWqMGkcXVEGC9y/rootfs/lib/modules/3.10.0-1160.92.1.el7.x86_64/kernel/drivers/char/ppdev.ko.xz'
/lib/modules/3.10.0-1160.92.1.el7.x86_64/kernel/drivers/parport -> /tmp/rear.hvWqMGkcXVEGC9y/rootfs/lib/modules/3.10.0-1160.92.1.el7.x86_64/kernel/drivers/parport
'/lib/modules/3.10.0-1160.92.1.el7.x86_64/kernel/drivers/parport/parport.ko.xz' -> '/tmp/rear.hvWqMGkcXVEGC9y/rootfs/lib/modules/3.10.0-1160.92.1.el7.x86_64/kernel/drivers/parport/parport.ko.xz'
'/lib/modules/3.10.0-1160.92.1.el7.x86_64/kernel/sound/ac97_bus.ko.xz' -> '/tmp/rear.hvWqMGkcXVEGC9y/rootfs/lib/modules/3.10.0-1160.92.1.el7.x86_64/kernel/sound/ac97_bus.ko.xz'
'/lib/modules/3.10.0-1160.92.1.el7.x86_64/kernel/sound/core/seq/snd-seq.ko.xz' -> '/tmp/rear.hvWqMGkcXVEGC9y/rootfs/lib/modules/3.10.0-1160.92.1.el7.x86_64/kernel/sound/core/seq/snd-seq.ko.xz'
'/lib/modules/3.10.0-1160.92.1.el7.x86_64/kernel/sound/core/snd-seq-device.ko.xz' -> '/tmp/rear.hvWqMGkcXVEGC9y/rootfs/lib/modules/3.10.0-1160.92.1.el7.x86_64/kernel/sound/core/snd-seq-device.ko.xz'
'/lib/modules/3.10.0-1160.92.1.el7.x86_64/kernel/sound/core/snd-timer.ko.xz' -> '/tmp/rear.hvWqMGkcXVEGC9y/rootfs/lib/modules/3.10.0-1160.92.1.el7.x86_64/kernel/sound/core/snd-timer.ko.xz'
'/lib/modules/3.10.0-1160.92.1.el7.x86_64/kernel/sound/core/snd.ko.xz' -> '/tmp/rear.hvWqMGkcXVEGC9y/rootfs/lib/modules/3.10.0-1160.92.1.el7.x86_64/kernel/sound/core/snd.ko.xz'
'/lib/modules/3.10.0-1160.92.1.el7.x86_64/kernel/sound/soundcore.ko.xz' -> '/tmp/rear.hvWqMGkcXVEGC9y/rootfs/lib/modules/3.10.0-1160.92.1.el7.x86_64/kernel/sound/soundcore.ko.xz'
'/lib/modules/3.10.0-1160.92.1.el7.x86_64/kernel/sound/core/snd-seq-device.ko.xz' -> '/tmp/rear.hvWqMGkcXVEGC9y/rootfs/lib/modules/3.10.0-1160.92.1.el7.x86_64/kernel/sound/core/snd-seq-device.ko.xz'
'/lib/modules/3.10.0-1160.92.1.el7.x86_64/kernel/sound/core/snd.ko.xz' -> '/tmp/rear.hvWqMGkcXVEGC9y/rootfs/lib/modules/3.10.0-1160.92.1.el7.x86_64/kernel/sound/core/snd.ko.xz'
'/lib/modules/3.10.0-1160.92.1.el7.x86_64/kernel/sound/soundcore.ko.xz' -> '/tmp/rear.hvWqMGkcXVEGC9y/rootfs/lib/modules/3.10.0-1160.92.1.el7.x86_64/kernel/sound/soundcore.ko.xz'
'/lib/modules/3.10.0-1160.92.1.el7.x86_64/kernel/sound/core/snd-pcm.ko.xz' -> '/tmp/rear.hvWqMGkcXVEGC9y/rootfs/lib/modules/3.10.0-1160.92.1.el7.x86_64/kernel/sound/core/snd-pcm.ko.xz'
'/lib/modules/3.10.0-1160.92.1.el7.x86_64/kernel/sound/core/snd-timer.ko.xz' -> '/tmp/rear.hvWqMGkcXVEGC9y/rootfs/lib/modules/3.10.0-1160.92.1.el7.x86_64/kernel/sound/core/snd-timer.ko.xz'
'/lib/modules/3.10.0-1160.92.1.el7.x86_64/kernel/sound/core/snd.ko.xz' -> '/tmp/rear.hvWqMGkcXVEGC9y/rootfs/lib/modules/3.10.0-1160.92.1.el7.x86_64/kernel/sound/core/snd.ko.xz'
'/lib/modules/3.10.0-1160.92.1.el7.x86_64/kernel/sound/soundcore.ko.xz' -> '/tmp/rear.hvWqMGkcXVEGC9y/rootfs/lib/modules/3.10.0-1160.92.1.el7.x86_64/kernel/sound/soundcore.ko.xz'
'/lib/modules/3.10.0-1160.92.1.el7.x86_64/kernel/drivers/misc/vmw_balloon.ko.xz' -> '/tmp/rear.hvWqMGkcXVEGC9y/rootfs/lib/modules/3.10.0-1160.92.1.el7.x86_64/kernel/drivers/misc/vmw_balloon.ko.xz'
'/lib/modules/3.10.0-1160.92.1.el7.x86_64/kernel/arch/x86/crypto/ablk_helper.ko.xz' -> '/tmp/rear.hvWqMGkcXVEGC9y/rootfs/lib/modules/3.10.0-1160.92.1.el7.x86_64/kernel/arch/x86/crypto/ablk_helper.ko.xz'
'/lib/modules/3.10.0-1160.92.1.el7.x86_64/kernel/arch/x86/crypto/aesni-intel.ko.xz' -> '/tmp/rear.hvWqMGkcXVEGC9y/rootfs/lib/modules/3.10.0-1160.92.1.el7.x86_64/kernel/arch/x86/crypto/aesni-intel.ko.xz'
'/lib/modules/3.10.0-1160.92.1.el7.x86_64/kernel/arch/x86/crypto/glue_helper.ko.xz' -> '/tmp/rear.hvWqMGkcXVEGC9y/rootfs/lib/modules/3.10.0-1160.92.1.el7.x86_64/kernel/arch/x86/crypto/glue_helper.ko.xz'
'/lib/modules/3.10.0-1160.92.1.el7.x86_64/kernel/crypto/cryptd.ko.xz' -> '/tmp/rear.hvWqMGkcXVEGC9y/rootfs/lib/modules/3.10.0-1160.92.1.el7.x86_64/kernel/crypto/cryptd.ko.xz'
'/lib/modules/3.10.0-1160.92.1.el7.x86_64/kernel/crypto/gf128mul.ko.xz' -> '/tmp/rear.hvWqMGkcXVEGC9y/rootfs/lib/modules/3.10.0-1160.92.1.el7.x86_64/kernel/crypto/gf128mul.ko.xz'
'/lib/modules/3.10.0-1160.92.1.el7.x86_64/kernel/crypto/lrw.ko.xz' -> '/tmp/rear.hvWqMGkcXVEGC9y/rootfs/lib/modules/3.10.0-1160.92.1.el7.x86_64/kernel/crypto/lrw.ko.xz'
'/lib/modules/3.10.0-1160.92.1.el7.x86_64/kernel/crypto/gf128mul.ko.xz' -> '/tmp/rear.hvWqMGkcXVEGC9y/rootfs/lib/modules/3.10.0-1160.92.1.el7.x86_64/kernel/crypto/gf128mul.ko.xz'
'/lib/modules/3.10.0-1160.92.1.el7.x86_64/kernel/crypto/lrw.ko.xz' -> '/tmp/rear.hvWqMGkcXVEGC9y/rootfs/lib/modules/3.10.0-1160.92.1.el7.x86_64/kernel/crypto/lrw.ko.xz'
'/lib/modules/3.10.0-1160.92.1.el7.x86_64/kernel/crypto/gf128mul.ko.xz' -> '/tmp/rear.hvWqMGkcXVEGC9y/rootfs/lib/modules/3.10.0-1160.92.1.el7.x86_64/kernel/crypto/gf128mul.ko.xz'
'/lib/modules/3.10.0-1160.92.1.el7.x86_64/kernel/arch/x86/crypto/glue_helper.ko.xz' -> '/tmp/rear.hvWqMGkcXVEGC9y/rootfs/lib/modules/3.10.0-1160.92.1.el7.x86_64/kernel/arch/x86/crypto/glue_helper.ko.xz'
'/lib/modules/3.10.0-1160.92.1.el7.x86_64/kernel/arch/x86/crypto/ablk_helper.ko.xz' -> '/tmp/rear.hvWqMGkcXVEGC9y/rootfs/lib/modules/3.10.0-1160.92.1.el7.x86_64/kernel/arch/x86/crypto/ablk_helper.ko.xz'
'/lib/modules/3.10.0-1160.92.1.el7.x86_64/kernel/crypto/cryptd.ko.xz' -> '/tmp/rear.hvWqMGkcXVEGC9y/rootfs/lib/modules/3.10.0-1160.92.1.el7.x86_64/kernel/crypto/cryptd.ko.xz'
'/lib/modules/3.10.0-1160.92.1.el7.x86_64/kernel/crypto/cryptd.ko.xz' -> '/tmp/rear.hvWqMGkcXVEGC9y/rootfs/lib/modules/3.10.0-1160.92.1.el7.x86_64/kernel/crypto/cryptd.ko.xz'
/lib/modules/3.10.0-1160.92.1.el7.x86_64/kernel/drivers/input -> /tmp/rear.hvWqMGkcXVEGC9y/rootfs/lib/modules/3.10.0-1160.92.1.el7.x86_64/kernel/drivers/input
'/lib/modules/3.10.0-1160.92.1.el7.x86_64/kernel/drivers/input/joydev.ko.xz' -> '/tmp/rear.hvWqMGkcXVEGC9y/rootfs/lib/modules/3.10.0-1160.92.1.el7.x86_64/kernel/drivers/input/joydev.ko.xz'
/lib/modules/3.10.0-1160.92.1.el7.x86_64/kernel/drivers/input/misc -> /tmp/rear.hvWqMGkcXVEGC9y/rootfs/lib/modules/3.10.0-1160.92.1.el7.x86_64/kernel/drivers/input/misc
'/lib/modules/3.10.0-1160.92.1.el7.x86_64/kernel/drivers/input/misc/pcspkr.ko.xz' -> '/tmp/rear.hvWqMGkcXVEGC9y/rootfs/lib/modules/3.10.0-1160.92.1.el7.x86_64/kernel/drivers/input/misc/pcspkr.ko.xz'
'/lib/modules/3.10.0-1160.92.1.el7.x86_64/kernel/drivers/scsi/sg.ko.xz' -> '/tmp/rear.hvWqMGkcXVEGC9y/rootfs/lib/modules/3.10.0-1160.92.1.el7.x86_64/kernel/drivers/scsi/sg.ko.xz'
'/lib/modules/3.10.0-1160.92.1.el7.x86_64/kernel/sound/core/snd-timer.ko.xz' -> '/tmp/rear.hvWqMGkcXVEGC9y/rootfs/lib/modules/3.10.0-1160.92.1.el7.x86_64/kernel/sound/core/snd-timer.ko.xz'
'/lib/modules/3.10.0-1160.92.1.el7.x86_64/kernel/sound/core/snd.ko.xz' -> '/tmp/rear.hvWqMGkcXVEGC9y/rootfs/lib/modules/3.10.0-1160.92.1.el7.x86_64/kernel/sound/core/snd.ko.xz'
'/lib/modules/3.10.0-1160.92.1.el7.x86_64/kernel/sound/soundcore.ko.xz' -> '/tmp/rear.hvWqMGkcXVEGC9y/rootfs/lib/modules/3.10.0-1160.92.1.el7.x86_64/kernel/sound/soundcore.ko.xz'
'/lib/modules/3.10.0-1160.92.1.el7.x86_64/kernel/sound/core/snd.ko.xz' -> '/tmp/rear.hvWqMGkcXVEGC9y/rootfs/lib/modules/3.10.0-1160.92.1.el7.x86_64/kernel/sound/core/snd.ko.xz'
'/lib/modules/3.10.0-1160.92.1.el7.x86_64/kernel/sound/soundcore.ko.xz' -> '/tmp/rear.hvWqMGkcXVEGC9y/rootfs/lib/modules/3.10.0-1160.92.1.el7.x86_64/kernel/sound/soundcore.ko.xz'
'/lib/modules/3.10.0-1160.92.1.el7.x86_64/kernel/drivers/misc/vmw_vmci/vmw_vmci.ko.xz' -> '/tmp/rear.hvWqMGkcXVEGC9y/rootfs/lib/modules/3.10.0-1160.92.1.el7.x86_64/kernel/drivers/misc/vmw_vmci/vmw_vmci.ko.xz'
/lib/modules/3.10.0-1160.92.1.el7.x86_64/kernel/drivers/i2c/busses -> /tmp/rear.hvWqMGkcXVEGC9y/rootfs/lib/modules/3.10.0-1160.92.1.el7.x86_64/kernel/drivers/i2c/busses
'/lib/modules/3.10.0-1160.92.1.el7.x86_64/kernel/drivers/i2c/busses/i2c-piix4.ko.xz' -> '/tmp/rear.hvWqMGkcXVEGC9y/rootfs/lib/modules/3.10.0-1160.92.1.el7.x86_64/kernel/drivers/i2c/busses/i2c-piix4.ko.xz'
'/lib/modules/3.10.0-1160.92.1.el7.x86_64/kernel/sound/soundcore.ko.xz' -> '/tmp/rear.hvWqMGkcXVEGC9y/rootfs/lib/modules/3.10.0-1160.92.1.el7.x86_64/kernel/sound/soundcore.ko.xz'
'/lib/modules/3.10.0-1160.92.1.el7.x86_64/kernel/drivers/parport/parport.ko.xz' -> '/tmp/rear.hvWqMGkcXVEGC9y/rootfs/lib/modules/3.10.0-1160.92.1.el7.x86_64/kernel/drivers/parport/parport.ko.xz'
'/lib/modules/3.10.0-1160.92.1.el7.x86_64/kernel/drivers/parport/parport_pc.ko.xz' -> '/tmp/rear.hvWqMGkcXVEGC9y/rootfs/lib/modules/3.10.0-1160.92.1.el7.x86_64/kernel/drivers/parport/parport_pc.ko.xz'
'/lib/modules/3.10.0-1160.92.1.el7.x86_64/kernel/drivers/parport/parport.ko.xz' -> '/tmp/rear.hvWqMGkcXVEGC9y/rootfs/lib/modules/3.10.0-1160.92.1.el7.x86_64/kernel/drivers/parport/parport.ko.xz'
'/lib/modules/3.10.0-1160.92.1.el7.x86_64/kernel/net/ipv4/netfilter/ip_tables.ko.xz' -> '/tmp/rear.hvWqMGkcXVEGC9y/rootfs/lib/modules/3.10.0-1160.92.1.el7.x86_64/kernel/net/ipv4/netfilter/ip_tables.ko.xz'
/lib/modules/3.10.0-1160.92.1.el7.x86_64/kernel/fs/xfs -> /tmp/rear.hvWqMGkcXVEGC9y/rootfs/lib/modules/3.10.0-1160.92.1.el7.x86_64/kernel/fs/xfs
'/lib/modules/3.10.0-1160.92.1.el7.x86_64/kernel/fs/xfs/xfs.ko.xz' -> '/tmp/rear.hvWqMGkcXVEGC9y/rootfs/lib/modules/3.10.0-1160.92.1.el7.x86_64/kernel/fs/xfs/xfs.ko.xz'
'/lib/modules/3.10.0-1160.92.1.el7.x86_64/kernel/lib/libcrc32c.ko.xz' -> '/tmp/rear.hvWqMGkcXVEGC9y/rootfs/lib/modules/3.10.0-1160.92.1.el7.x86_64/kernel/lib/libcrc32c.ko.xz'
'/lib/modules/3.10.0-1160.92.1.el7.x86_64/kernel/lib/libcrc32c.ko.xz' -> '/tmp/rear.hvWqMGkcXVEGC9y/rootfs/lib/modules/3.10.0-1160.92.1.el7.x86_64/kernel/lib/libcrc32c.ko.xz'
'/lib/modules/3.10.0-1160.92.1.el7.x86_64/kernel/arch/x86/crypto/crct10dif-pclmul.ko.xz' -> '/tmp/rear.hvWqMGkcXVEGC9y/rootfs/lib/modules/3.10.0-1160.92.1.el7.x86_64/kernel/arch/x86/crypto/crct10dif-pclmul.ko.xz'
'/lib/modules/3.10.0-1160.92.1.el7.x86_64/kernel/crypto/crct10dif_common.ko.xz' -> '/tmp/rear.hvWqMGkcXVEGC9y/rootfs/lib/modules/3.10.0-1160.92.1.el7.x86_64/kernel/crypto/crct10dif_common.ko.xz'
'/lib/modules/3.10.0-1160.92.1.el7.x86_64/kernel/crypto/crct10dif_generic.ko.xz' -> '/tmp/rear.hvWqMGkcXVEGC9y/rootfs/lib/modules/3.10.0-1160.92.1.el7.x86_64/kernel/crypto/crct10dif_generic.ko.xz'
'/lib/modules/3.10.0-1160.92.1.el7.x86_64/kernel/drivers/scsi/sd_mod.ko.xz' -> '/tmp/rear.hvWqMGkcXVEGC9y/rootfs/lib/modules/3.10.0-1160.92.1.el7.x86_64/kernel/drivers/scsi/sd_mod.ko.xz'
'/lib/modules/3.10.0-1160.92.1.el7.x86_64/kernel/lib/crc-t10dif.ko.xz' -> '/tmp/rear.hvWqMGkcXVEGC9y/rootfs/lib/modules/3.10.0-1160.92.1.el7.x86_64/kernel/lib/crc-t10dif.ko.xz'
'/lib/modules/3.10.0-1160.92.1.el7.x86_64/kernel/crypto/crct10dif_common.ko.xz' -> '/tmp/rear.hvWqMGkcXVEGC9y/rootfs/lib/modules/3.10.0-1160.92.1.el7.x86_64/kernel/crypto/crct10dif_common.ko.xz'
'/lib/modules/3.10.0-1160.92.1.el7.x86_64/kernel/lib/crc-t10dif.ko.xz' -> '/tmp/rear.hvWqMGkcXVEGC9y/rootfs/lib/modules/3.10.0-1160.92.1.el7.x86_64/kernel/lib/crc-t10dif.ko.xz'
'/lib/modules/3.10.0-1160.92.1.el7.x86_64/kernel/crypto/crct10dif_common.ko.xz' -> '/tmp/rear.hvWqMGkcXVEGC9y/rootfs/lib/modules/3.10.0-1160.92.1.el7.x86_64/kernel/crypto/crct10dif_common.ko.xz'
'/lib/modules/3.10.0-1160.92.1.el7.x86_64/kernel/crypto/crct10dif_generic.ko.xz' -> '/tmp/rear.hvWqMGkcXVEGC9y/rootfs/lib/modules/3.10.0-1160.92.1.el7.x86_64/kernel/crypto/crct10dif_generic.ko.xz'
'/lib/modules/3.10.0-1160.92.1.el7.x86_64/kernel/drivers/cdrom/cdrom.ko.xz' -> '/tmp/rear.hvWqMGkcXVEGC9y/rootfs/lib/modules/3.10.0-1160.92.1.el7.x86_64/kernel/drivers/cdrom/cdrom.ko.xz'
'/lib/modules/3.10.0-1160.92.1.el7.x86_64/kernel/drivers/scsi/sr_mod.ko.xz' -> '/tmp/rear.hvWqMGkcXVEGC9y/rootfs/lib/modules/3.10.0-1160.92.1.el7.x86_64/kernel/drivers/scsi/sr_mod.ko.xz'
'/lib/modules/3.10.0-1160.92.1.el7.x86_64/kernel/drivers/cdrom/cdrom.ko.xz' -> '/tmp/rear.hvWqMGkcXVEGC9y/rootfs/lib/modules/3.10.0-1160.92.1.el7.x86_64/kernel/drivers/cdrom/cdrom.ko.xz'
'/lib/modules/3.10.0-1160.92.1.el7.x86_64/kernel/drivers/ata/ata_generic.ko.xz' -> '/tmp/rear.hvWqMGkcXVEGC9y/rootfs/lib/modules/3.10.0-1160.92.1.el7.x86_64/kernel/drivers/ata/ata_generic.ko.xz'
'/lib/modules/3.10.0-1160.92.1.el7.x86_64/kernel/drivers/ata/libata.ko.xz' -> '/tmp/rear.hvWqMGkcXVEGC9y/rootfs/lib/modules/3.10.0-1160.92.1.el7.x86_64/kernel/drivers/ata/libata.ko.xz'
'/lib/modules/3.10.0-1160.92.1.el7.x86_64/kernel/drivers/ata/libata.ko.xz' -> '/tmp/rear.hvWqMGkcXVEGC9y/rootfs/lib/modules/3.10.0-1160.92.1.el7.x86_64/kernel/drivers/ata/libata.ko.xz'
'/lib/modules/3.10.0-1160.92.1.el7.x86_64/kernel/drivers/ata/pata_acpi.ko.xz' -> '/tmp/rear.hvWqMGkcXVEGC9y/rootfs/lib/modules/3.10.0-1160.92.1.el7.x86_64/kernel/drivers/ata/pata_acpi.ko.xz'
/lib/modules/3.10.0-1160.92.1.el7.x86_64/kernel/drivers/gpu -> /tmp/rear.hvWqMGkcXVEGC9y/rootfs/lib/modules/3.10.0-1160.92.1.el7.x86_64/kernel/drivers/gpu
/lib/modules/3.10.0-1160.92.1.el7.x86_64/kernel/drivers/gpu/drm -> /tmp/rear.hvWqMGkcXVEGC9y/rootfs/lib/modules/3.10.0-1160.92.1.el7.x86_64/kernel/drivers/gpu/drm
'/lib/modules/3.10.0-1160.92.1.el7.x86_64/kernel/drivers/gpu/drm/drm.ko.xz' -> '/tmp/rear.hvWqMGkcXVEGC9y/rootfs/lib/modules/3.10.0-1160.92.1.el7.x86_64/kernel/drivers/gpu/drm/drm.ko.xz'
'/lib/modules/3.10.0-1160.92.1.el7.x86_64/kernel/drivers/gpu/drm/drm_kms_helper.ko.xz' -> '/tmp/rear.hvWqMGkcXVEGC9y/rootfs/lib/modules/3.10.0-1160.92.1.el7.x86_64/kernel/drivers/gpu/drm/drm_kms_helper.ko.xz'
'/lib/modules/3.10.0-1160.92.1.el7.x86_64/kernel/drivers/gpu/drm/drm_panel_orientation_quirks.ko.xz' -> '/tmp/rear.hvWqMGkcXVEGC9y/rootfs/lib/modules/3.10.0-1160.92.1.el7.x86_64/kernel/drivers/gpu/drm/drm_panel_orientation_quirks.ko.xz'
/lib/modules/3.10.0-1160.92.1.el7.x86_64/kernel/drivers/gpu/drm/ttm -> /tmp/rear.hvWqMGkcXVEGC9y/rootfs/lib/modules/3.10.0-1160.92.1.el7.x86_64/kernel/drivers/gpu/drm/ttm
'/lib/modules/3.10.0-1160.92.1.el7.x86_64/kernel/drivers/gpu/drm/ttm/ttm.ko.xz' -> '/tmp/rear.hvWqMGkcXVEGC9y/rootfs/lib/modules/3.10.0-1160.92.1.el7.x86_64/kernel/drivers/gpu/drm/ttm/ttm.ko.xz'
/lib/modules/3.10.0-1160.92.1.el7.x86_64/kernel/drivers/gpu/drm/vmwgfx -> /tmp/rear.hvWqMGkcXVEGC9y/rootfs/lib/modules/3.10.0-1160.92.1.el7.x86_64/kernel/drivers/gpu/drm/vmwgfx
'/lib/modules/3.10.0-1160.92.1.el7.x86_64/kernel/drivers/gpu/drm/vmwgfx/vmwgfx.ko.xz' -> '/tmp/rear.hvWqMGkcXVEGC9y/rootfs/lib/modules/3.10.0-1160.92.1.el7.x86_64/kernel/drivers/gpu/drm/vmwgfx/vmwgfx.ko.xz'
/lib/modules/3.10.0-1160.92.1.el7.x86_64/kernel/drivers/video -> /tmp/rear.hvWqMGkcXVEGC9y/rootfs/lib/modules/3.10.0-1160.92.1.el7.x86_64/kernel/drivers/video
'/lib/modules/3.10.0-1160.92.1.el7.x86_64/kernel/drivers/video/fb_sys_fops.ko.xz' -> '/tmp/rear.hvWqMGkcXVEGC9y/rootfs/lib/modules/3.10.0-1160.92.1.el7.x86_64/kernel/drivers/video/fb_sys_fops.ko.xz'
'/lib/modules/3.10.0-1160.92.1.el7.x86_64/kernel/drivers/video/syscopyarea.ko.xz' -> '/tmp/rear.hvWqMGkcXVEGC9y/rootfs/lib/modules/3.10.0-1160.92.1.el7.x86_64/kernel/drivers/video/syscopyarea.ko.xz'
'/lib/modules/3.10.0-1160.92.1.el7.x86_64/kernel/drivers/video/sysfillrect.ko.xz' -> '/tmp/rear.hvWqMGkcXVEGC9y/rootfs/lib/modules/3.10.0-1160.92.1.el7.x86_64/kernel/drivers/video/sysfillrect.ko.xz'
'/lib/modules/3.10.0-1160.92.1.el7.x86_64/kernel/drivers/video/sysimgblt.ko.xz' -> '/tmp/rear.hvWqMGkcXVEGC9y/rootfs/lib/modules/3.10.0-1160.92.1.el7.x86_64/kernel/drivers/video/sysimgblt.ko.xz'
'/lib/modules/3.10.0-1160.92.1.el7.x86_64/kernel/arch/x86/crypto/crct10dif-pclmul.ko.xz' -> '/tmp/rear.hvWqMGkcXVEGC9y/rootfs/lib/modules/3.10.0-1160.92.1.el7.x86_64/kernel/arch/x86/crypto/crct10dif-pclmul.ko.xz'
'/lib/modules/3.10.0-1160.92.1.el7.x86_64/kernel/crypto/crct10dif_common.ko.xz' -> '/tmp/rear.hvWqMGkcXVEGC9y/rootfs/lib/modules/3.10.0-1160.92.1.el7.x86_64/kernel/crypto/crct10dif_common.ko.xz'
'/lib/modules/3.10.0-1160.92.1.el7.x86_64/kernel/crypto/crct10dif_common.ko.xz' -> '/tmp/rear.hvWqMGkcXVEGC9y/rootfs/lib/modules/3.10.0-1160.92.1.el7.x86_64/kernel/crypto/crct10dif_common.ko.xz'
'/lib/modules/3.10.0-1160.92.1.el7.x86_64/kernel/arch/x86/crypto/crc32c-intel.ko.xz' -> '/tmp/rear.hvWqMGkcXVEGC9y/rootfs/lib/modules/3.10.0-1160.92.1.el7.x86_64/kernel/arch/x86/crypto/crc32c-intel.ko.xz'
'/lib/modules/3.10.0-1160.92.1.el7.x86_64/kernel/drivers/gpu/drm/drm.ko.xz' -> '/tmp/rear.hvWqMGkcXVEGC9y/rootfs/lib/modules/3.10.0-1160.92.1.el7.x86_64/kernel/drivers/gpu/drm/drm.ko.xz'
'/lib/modules/3.10.0-1160.92.1.el7.x86_64/kernel/drivers/gpu/drm/drm_kms_helper.ko.xz' -> '/tmp/rear.hvWqMGkcXVEGC9y/rootfs/lib/modules/3.10.0-1160.92.1.el7.x86_64/kernel/drivers/gpu/drm/drm_kms_helper.ko.xz'
'/lib/modules/3.10.0-1160.92.1.el7.x86_64/kernel/drivers/gpu/drm/drm_panel_orientation_quirks.ko.xz' -> '/tmp/rear.hvWqMGkcXVEGC9y/rootfs/lib/modules/3.10.0-1160.92.1.el7.x86_64/kernel/drivers/gpu/drm/drm_panel_orientation_quirks.ko.xz'
'/lib/modules/3.10.0-1160.92.1.el7.x86_64/kernel/drivers/video/fb_sys_fops.ko.xz' -> '/tmp/rear.hvWqMGkcXVEGC9y/rootfs/lib/modules/3.10.0-1160.92.1.el7.x86_64/kernel/drivers/video/fb_sys_fops.ko.xz'
'/lib/modules/3.10.0-1160.92.1.el7.x86_64/kernel/drivers/video/syscopyarea.ko.xz' -> '/tmp/rear.hvWqMGkcXVEGC9y/rootfs/lib/modules/3.10.0-1160.92.1.el7.x86_64/kernel/drivers/video/syscopyarea.ko.xz'
'/lib/modules/3.10.0-1160.92.1.el7.x86_64/kernel/drivers/video/sysfillrect.ko.xz' -> '/tmp/rear.hvWqMGkcXVEGC9y/rootfs/lib/modules/3.10.0-1160.92.1.el7.x86_64/kernel/drivers/video/sysfillrect.ko.xz'
'/lib/modules/3.10.0-1160.92.1.el7.x86_64/kernel/drivers/video/sysimgblt.ko.xz' -> '/tmp/rear.hvWqMGkcXVEGC9y/rootfs/lib/modules/3.10.0-1160.92.1.el7.x86_64/kernel/drivers/video/sysimgblt.ko.xz'
'/lib/modules/3.10.0-1160.92.1.el7.x86_64/kernel/drivers/video/syscopyarea.ko.xz' -> '/tmp/rear.hvWqMGkcXVEGC9y/rootfs/lib/modules/3.10.0-1160.92.1.el7.x86_64/kernel/drivers/video/syscopyarea.ko.xz'
'/lib/modules/3.10.0-1160.92.1.el7.x86_64/kernel/drivers/video/sysfillrect.ko.xz' -> '/tmp/rear.hvWqMGkcXVEGC9y/rootfs/lib/modules/3.10.0-1160.92.1.el7.x86_64/kernel/drivers/video/sysfillrect.ko.xz'
'/lib/modules/3.10.0-1160.92.1.el7.x86_64/kernel/drivers/video/sysimgblt.ko.xz' -> '/tmp/rear.hvWqMGkcXVEGC9y/rootfs/lib/modules/3.10.0-1160.92.1.el7.x86_64/kernel/drivers/video/sysimgblt.ko.xz'
'/lib/modules/3.10.0-1160.92.1.el7.x86_64/kernel/drivers/video/fb_sys_fops.ko.xz' -> '/tmp/rear.hvWqMGkcXVEGC9y/rootfs/lib/modules/3.10.0-1160.92.1.el7.x86_64/kernel/drivers/video/fb_sys_fops.ko.xz'
'/lib/modules/3.10.0-1160.92.1.el7.x86_64/kernel/drivers/gpu/drm/drm.ko.xz' -> '/tmp/rear.hvWqMGkcXVEGC9y/rootfs/lib/modules/3.10.0-1160.92.1.el7.x86_64/kernel/drivers/gpu/drm/drm.ko.xz'
'/lib/modules/3.10.0-1160.92.1.el7.x86_64/kernel/drivers/gpu/drm/drm_panel_orientation_quirks.ko.xz' -> '/tmp/rear.hvWqMGkcXVEGC9y/rootfs/lib/modules/3.10.0-1160.92.1.el7.x86_64/kernel/drivers/gpu/drm/drm_panel_orientation_quirks.ko.xz'
'/lib/modules/3.10.0-1160.92.1.el7.x86_64/kernel/drivers/gpu/drm/ttm/ttm.ko.xz' -> '/tmp/rear.hvWqMGkcXVEGC9y/rootfs/lib/modules/3.10.0-1160.92.1.el7.x86_64/kernel/drivers/gpu/drm/ttm/ttm.ko.xz'
/lib/modules/3.10.0-1160.92.1.el7.x86_64/kernel/drivers/input/serio -> /tmp/rear.hvWqMGkcXVEGC9y/rootfs/lib/modules/3.10.0-1160.92.1.el7.x86_64/kernel/drivers/input/serio
'/lib/modules/3.10.0-1160.92.1.el7.x86_64/kernel/drivers/input/serio/serio_raw.ko.xz' -> '/tmp/rear.hvWqMGkcXVEGC9y/rootfs/lib/modules/3.10.0-1160.92.1.el7.x86_64/kernel/drivers/input/serio/serio_raw.ko.xz'
/lib/modules/3.10.0-1160.92.1.el7.x86_64/kernel/drivers/acpi -> /tmp/rear.hvWqMGkcXVEGC9y/rootfs/lib/modules/3.10.0-1160.92.1.el7.x86_64/kernel/drivers/acpi
/lib/modules/3.10.0-1160.92.1.el7.x86_64/kernel/drivers/acpi/nfit -> /tmp/rear.hvWqMGkcXVEGC9y/rootfs/lib/modules/3.10.0-1160.92.1.el7.x86_64/kernel/drivers/acpi/nfit
'/lib/modules/3.10.0-1160.92.1.el7.x86_64/kernel/drivers/acpi/nfit/nfit.ko.xz' -> '/tmp/rear.hvWqMGkcXVEGC9y/rootfs/lib/modules/3.10.0-1160.92.1.el7.x86_64/kernel/drivers/acpi/nfit/nfit.ko.xz'
/lib/modules/3.10.0-1160.92.1.el7.x86_64/kernel/drivers/nvdimm -> /tmp/rear.hvWqMGkcXVEGC9y/rootfs/lib/modules/3.10.0-1160.92.1.el7.x86_64/kernel/drivers/nvdimm
'/lib/modules/3.10.0-1160.92.1.el7.x86_64/kernel/drivers/nvdimm/libnvdimm.ko.xz' -> '/tmp/rear.hvWqMGkcXVEGC9y/rootfs/lib/modules/3.10.0-1160.92.1.el7.x86_64/kernel/drivers/nvdimm/libnvdimm.ko.xz'
'/lib/modules/3.10.0-1160.92.1.el7.x86_64/kernel/drivers/gpu/drm/drm.ko.xz' -> '/tmp/rear.hvWqMGkcXVEGC9y/rootfs/lib/modules/3.10.0-1160.92.1.el7.x86_64/kernel/drivers/gpu/drm/drm.ko.xz'
'/lib/modules/3.10.0-1160.92.1.el7.x86_64/kernel/drivers/gpu/drm/drm_panel_orientation_quirks.ko.xz' -> '/tmp/rear.hvWqMGkcXVEGC9y/rootfs/lib/modules/3.10.0-1160.92.1.el7.x86_64/kernel/drivers/gpu/drm/drm_panel_orientation_quirks.ko.xz'
'/lib/modules/3.10.0-1160.92.1.el7.x86_64/kernel/drivers/ata/ata_piix.ko.xz' -> '/tmp/rear.hvWqMGkcXVEGC9y/rootfs/lib/modules/3.10.0-1160.92.1.el7.x86_64/kernel/drivers/ata/ata_piix.ko.xz'
'/lib/modules/3.10.0-1160.92.1.el7.x86_64/kernel/drivers/ata/libata.ko.xz' -> '/tmp/rear.hvWqMGkcXVEGC9y/rootfs/lib/modules/3.10.0-1160.92.1.el7.x86_64/kernel/drivers/ata/libata.ko.xz'
'/lib/modules/3.10.0-1160.92.1.el7.x86_64/kernel/drivers/message/fusion/mptbase.ko.xz' -> '/tmp/rear.hvWqMGkcXVEGC9y/rootfs/lib/modules/3.10.0-1160.92.1.el7.x86_64/kernel/drivers/message/fusion/mptbase.ko.xz'
'/lib/modules/3.10.0-1160.92.1.el7.x86_64/kernel/drivers/message/fusion/mptscsih.ko.xz' -> '/tmp/rear.hvWqMGkcXVEGC9y/rootfs/lib/modules/3.10.0-1160.92.1.el7.x86_64/kernel/drivers/message/fusion/mptscsih.ko.xz'
'/lib/modules/3.10.0-1160.92.1.el7.x86_64/kernel/drivers/message/fusion/mptspi.ko.xz' -> '/tmp/rear.hvWqMGkcXVEGC9y/rootfs/lib/modules/3.10.0-1160.92.1.el7.x86_64/kernel/drivers/message/fusion/mptspi.ko.xz'
'/lib/modules/3.10.0-1160.92.1.el7.x86_64/kernel/drivers/scsi/scsi_transport_spi.ko.xz' -> '/tmp/rear.hvWqMGkcXVEGC9y/rootfs/lib/modules/3.10.0-1160.92.1.el7.x86_64/kernel/drivers/scsi/scsi_transport_spi.ko.xz'
'/lib/modules/3.10.0-1160.92.1.el7.x86_64/kernel/drivers/ata/libata.ko.xz' -> '/tmp/rear.hvWqMGkcXVEGC9y/rootfs/lib/modules/3.10.0-1160.92.1.el7.x86_64/kernel/drivers/ata/libata.ko.xz'
'/lib/modules/3.10.0-1160.92.1.el7.x86_64/kernel/drivers/scsi/scsi_transport_spi.ko.xz' -> '/tmp/rear.hvWqMGkcXVEGC9y/rootfs/lib/modules/3.10.0-1160.92.1.el7.x86_64/kernel/drivers/scsi/scsi_transport_spi.ko.xz'
'/lib/modules/3.10.0-1160.92.1.el7.x86_64/kernel/drivers/net/ethernet/intel/e1000/e1000.ko.xz' -> '/tmp/rear.hvWqMGkcXVEGC9y/rootfs/lib/modules/3.10.0-1160.92.1.el7.x86_64/kernel/drivers/net/ethernet/intel/e1000/e1000.ko.xz'
'/lib/modules/3.10.0-1160.92.1.el7.x86_64/kernel/drivers/message/fusion/mptbase.ko.xz' -> '/tmp/rear.hvWqMGkcXVEGC9y/rootfs/lib/modules/3.10.0-1160.92.1.el7.x86_64/kernel/drivers/message/fusion/mptbase.ko.xz'
'/lib/modules/3.10.0-1160.92.1.el7.x86_64/kernel/drivers/message/fusion/mptscsih.ko.xz' -> '/tmp/rear.hvWqMGkcXVEGC9y/rootfs/lib/modules/3.10.0-1160.92.1.el7.x86_64/kernel/drivers/message/fusion/mptscsih.ko.xz'
'/lib/modules/3.10.0-1160.92.1.el7.x86_64/kernel/drivers/message/fusion/mptbase.ko.xz' -> '/tmp/rear.hvWqMGkcXVEGC9y/rootfs/lib/modules/3.10.0-1160.92.1.el7.x86_64/kernel/drivers/message/fusion/mptbase.ko.xz'
'/lib/modules/3.10.0-1160.92.1.el7.x86_64/kernel/drivers/gpu/drm/drm_panel_orientation_quirks.ko.xz' -> '/tmp/rear.hvWqMGkcXVEGC9y/rootfs/lib/modules/3.10.0-1160.92.1.el7.x86_64/kernel/drivers/gpu/drm/drm_panel_orientation_quirks.ko.xz'
/lib/modules/3.10.0-1160.92.1.el7.x86_64/kernel/fs/fuse -> /tmp/rear.hvWqMGkcXVEGC9y/rootfs/lib/modules/3.10.0-1160.92.1.el7.x86_64/kernel/fs/fuse
'/lib/modules/3.10.0-1160.92.1.el7.x86_64/kernel/fs/fuse/fuse.ko.xz' -> '/tmp/rear.hvWqMGkcXVEGC9y/rootfs/lib/modules/3.10.0-1160.92.1.el7.x86_64/kernel/fs/fuse/fuse.ko.xz'
removed '/tmp/rear.hvWqMGkcXVEGC9y/rootfs/lib/modules/3.10.0-1160.92.1.el7.x86_64/kernel/drivers/scsi/scsi_debug.ko.xz'
grep: /tmp/rear.hvWqMGkcXVEGC9y/rootfs/etc/modules: No such file or directory
2023-06-30 03:25:46.438064543 Including build/GNU/Linux/420_copy_firmware_files.sh
2023-06-30 03:25:46.440416992 Copying all files in /lib*/firmware/
'/lib/firmware' -> '/tmp/rear.hvWqMGkcXVEGC9y/rootfs/lib/firmware'
'/lib/firmware/3com' -> '/tmp/rear.hvWqMGkcXVEGC9y/rootfs/lib/firmware/3com'
'/lib/firmware/3com/3C359.bin' -> '/tmp/rear.hvWqMGkcXVEGC9y/rootfs/lib/firmware/3com/3C359.bin'
'/lib/firmware/3com/typhoon.bin' -> '/tmp/rear.hvWqMGkcXVEGC9y/rootfs/lib/firmware/3com/typhoon.bin'
'/lib/firmware/RTL8192E' -> '/tmp/rear.hvWqMGkcXVEGC9y/rootfs/lib/firmware/RTL8192E'
'/lib/firmware/RTL8192E/boot.img' -> '/tmp/rear.hvWqMGkcXVEGC9y/rootfs/lib/firmware/RTL8192E/boot.img'
'/lib/firmware/RTL8192E/data.img' -> '/tmp/rear.hvWqMGkcXVEGC9y/rootfs/lib/firmware/RTL8192E/data.img'
'/lib/firmware/RTL8192E/main.img' -> '/tmp/rear.hvWqMGkcXVEGC9y/rootfs/lib/firmware/RTL8192E/main.img'
'/lib/firmware/dvb-usb-dib0700-1.20.fw' -> '/tmp/rear.hvWqMGkcXVEGC9y/rootfs/lib/firmware/dvb-usb-dib0700-1.20.fw'
'/lib/firmware/TDA7706_OM_v2.5.1_boot.txt' -> '/tmp/rear.hvWqMGkcXVEGC9y/rootfs/lib/firmware/TDA7706_OM_v2.5.1_boot.txt'
'/lib/firmware/dvb-usb-it9135-01.fw' -> '/tmp/rear.hvWqMGkcXVEGC9y/rootfs/lib/firmware/dvb-usb-it9135-01.fw'
'/lib/firmware/rsi' -> '/tmp/rear.hvWqMGkcXVEGC9y/rootfs/lib/firmware/rsi'
'/lib/firmware/rsi/rs9113_ap_bt_dual_mode.rps' -> '/tmp/rear.hvWqMGkcXVEGC9y/rootfs/lib/firmware/rsi/rs9113_ap_bt_dual_mode.rps'
'/lib/firmware/rsi/rs9113_wlan_bt_dual_mode.rps' -> '/tmp/rear.hvWqMGkcXVEGC9y/rootfs/lib/firmware/rsi/rs9113_wlan_bt_dual_mode.rps'
'/lib/firmware/rsi/rs9113_wlan_qspi.rps' -> '/tmp/rear.hvWqMGkcXVEGC9y/rootfs/lib/firmware/rsi/rs9113_wlan_qspi.rps'
'/lib/firmware/rsi/rs9116_wlan.rps' -> '/tmp/rear.hvWqMGkcXVEGC9y/rootfs/lib/firmware/rsi/rs9116_wlan.rps'
'/lib/firmware/rsi/rs9116_wlan_bt_classic.rps' -> '/tmp/rear.hvWqMGkcXVEGC9y/rootfs/lib/firmware/rsi/rs9116_wlan_bt_classic.rps'
'/lib/firmware/TDA7706_OM_v3.0.2_boot.txt' -> '/tmp/rear.hvWqMGkcXVEGC9y/rootfs/lib/firmware/TDA7706_OM_v3.0.2_boot.txt'
'/lib/firmware/mts_edge.fw' -> '/tmp/rear.hvWqMGkcXVEGC9y/rootfs/lib/firmware/mts_edge.fw'
'/lib/firmware/a300_pfp.fw' -> '/tmp/rear.hvWqMGkcXVEGC9y/rootfs/lib/firmware/a300_pfp.fw'
'/lib/firmware/mts_gsm.fw' -> '/tmp/rear.hvWqMGkcXVEGC9y/rootfs/lib/firmware/mts_gsm.fw'
'/lib/firmware/a300_pm4.fw' -> '/tmp/rear.hvWqMGkcXVEGC9y/rootfs/lib/firmware/a300_pm4.fw'
'/lib/firmware/acenic' -> '/tmp/rear.hvWqMGkcXVEGC9y/rootfs/lib/firmware/acenic'
'/lib/firmware/acenic/tg1.bin' -> '/tmp/rear.hvWqMGkcXVEGC9y/rootfs/lib/firmware/acenic/tg1.bin'
'/lib/firmware/acenic/tg2.bin' -> '/tmp/rear.hvWqMGkcXVEGC9y/rootfs/lib/firmware/acenic/tg2.bin'
'/lib/firmware/adaptec' -> '/tmp/rear.hvWqMGkcXVEGC9y/rootfs/lib/firmware/adaptec'
'/lib/firmware/adaptec/starfire_rx.bin' -> '/tmp/rear.hvWqMGkcXVEGC9y/rootfs/lib/firmware/adaptec/starfire_rx.bin'
'/lib/firmware/adaptec/starfire_tx.bin' -> '/tmp/rear.hvWqMGkcXVEGC9y/rootfs/lib/firmware/adaptec/starfire_tx.bin'
'/lib/firmware/advansys' -> '/tmp/rear.hvWqMGkcXVEGC9y/rootfs/lib/firmware/advansys'
'/lib/firmware/advansys/3550.bin' -> '/tmp/rear.hvWqMGkcXVEGC9y/rootfs/lib/firmware/advansys/3550.bin'
'/lib/firmware/advansys/38C0800.bin' -> '/tmp/rear.hvWqMGkcXVEGC9y/rootfs/lib/firmware/advansys/38C0800.bin'
'/lib/firmware/advansys/38C1600.bin' -> '/tmp/rear.hvWqMGkcXVEGC9y/rootfs/lib/firmware/advansys/38C1600.bin'
'/lib/firmware/advansys/mcode.bin' -> '/tmp/rear.hvWqMGkcXVEGC9y/rootfs/lib/firmware/advansys/mcode.bin'
'/lib/firmware/isdbt_nova_12mhz.inp' -> '/tmp/rear.hvWqMGkcXVEGC9y/rootfs/lib/firmware/isdbt_nova_12mhz.inp'
'/lib/firmware/agere_ap_fw.bin' -> '/tmp/rear.hvWqMGkcXVEGC9y/rootfs/lib/firmware/agere_ap_fw.bin'
'/lib/firmware/isdbt_nova_12mhz_b0.inp' -> '/tmp/rear.hvWqMGkcXVEGC9y/rootfs/lib/firmware/isdbt_nova_12mhz_b0.inp'
'/lib/firmware/agere_sta_fw.bin' -> '/tmp/rear.hvWqMGkcXVEGC9y/rootfs/lib/firmware/agere_sta_fw.bin'
'/lib/firmware/amd' -> '/tmp/rear.hvWqMGkcXVEGC9y/rootfs/lib/firmware/amd'
'/lib/firmware/amd/amd_sev_fam17h_model0xh.sbin' -> '/tmp/rear.hvWqMGkcXVEGC9y/rootfs/lib/firmware/amd/amd_sev_fam17h_model0xh.sbin'
'/lib/firmware/amd-ucode' -> '/tmp/rear.hvWqMGkcXVEGC9y/rootfs/lib/firmware/amd-ucode'
'/lib/firmware/amd-ucode/microcode_amd.bin' -> '/tmp/rear.hvWqMGkcXVEGC9y/rootfs/lib/firmware/amd-ucode/microcode_amd.bin'
'/lib/firmware/amd-ucode/microcode_amd_fam15h.bin' -> '/tmp/rear.hvWqMGkcXVEGC9y/rootfs/lib/firmware/amd-ucode/microcode_amd_fam15h.bin'
'/lib/firmware/amd-ucode/microcode_amd_fam16h.bin' -> '/tmp/rear.hvWqMGkcXVEGC9y/rootfs/lib/firmware/amd-ucode/microcode_amd_fam16h.bin'
'/lib/firmware/amd-ucode/microcode_amd_fam17h.bin' -> '/tmp/rear.hvWqMGkcXVEGC9y/rootfs/lib/firmware/amd-ucode/microcode_amd_fam17h.bin'
'/lib/firmware/amdgpu' -> '/tmp/rear.hvWqMGkcXVEGC9y/rootfs/lib/firmware/amdgpu'
'/lib/firmware/amdgpu/hawaii_sdma1.bin' -> '/tmp/rear.hvWqMGkcXVEGC9y/rootfs/lib/firmware/amdgpu/hawaii_sdma1.bin'
'/lib/firmware/amdgpu/banks_k_2_smc.bin' -> '/tmp/rear.hvWqMGkcXVEGC9y/rootfs/lib/firmware/amdgpu/banks_k_2_smc.bin'
'/lib/firmware/amdgpu/hawaii_smc.bin' -> '/tmp/rear.hvWqMGkcXVEGC9y/rootfs/lib/firmware/amdgpu/hawaii_smc.bin'
'/lib/firmware/amdgpu/bonaire_ce.bin' -> '/tmp/rear.hvWqMGkcXVEGC9y/rootfs/lib/firmware/amdgpu/bonaire_ce.bin'
'/lib/firmware/amdgpu/hawaii_uvd.bin' -> '/tmp/rear.hvWqMGkcXVEGC9y/rootfs/lib/firmware/amdgpu/hawaii_uvd.bin'
'/lib/firmware/amdgpu/bonaire_k_smc.bin' -> '/tmp/rear.hvWqMGkcXVEGC9y/rootfs/lib/firmware/amdgpu/bonaire_k_smc.bin'
'/lib/firmware/amdgpu/kabini_ce.bin' -> '/tmp/rear.hvWqMGkcXVEGC9y/rootfs/lib/firmware/amdgpu/kabini_ce.bin'
'/lib/firmware/amdgpu/bonaire_mc.bin' -> '/tmp/rear.hvWqMGkcXVEGC9y/rootfs/lib/firmware/amdgpu/bonaire_mc.bin'
'/lib/firmware/amdgpu/hawaii_vce.bin' -> '/tmp/rear.hvWqMGkcXVEGC9y/rootfs/lib/firmware/amdgpu/hawaii_vce.bin'
'/lib/firmware/amdgpu/bonaire_me.bin' -> '/tmp/rear.hvWqMGkcXVEGC9y/rootfs/lib/firmware/amdgpu/bonaire_me.bin'
'/lib/firmware/amdgpu/kabini_me.bin' -> '/tmp/rear.hvWqMGkcXVEGC9y/rootfs/lib/firmware/amdgpu/kabini_me.bin'
'/lib/firmware/amdgpu/bonaire_mec.bin' -> '/tmp/rear.hvWqMGkcXVEGC9y/rootfs/lib/firmware/amdgpu/bonaire_mec.bin'
'/lib/firmware/amdgpu/kabini_mec.bin' -> '/tmp/rear.hvWqMGkcXVEGC9y/rootfs/lib/firmware/amdgpu/kabini_mec.bin'
'/lib/firmware/amdgpu/bonaire_pfp.bin' -> '/tmp/rear.hvWqMGkcXVEGC9y/rootfs/lib/firmware/amdgpu/bonaire_pfp.bin'
'/lib/firmware/amdgpu/kabini_pfp.bin' -> '/tmp/rear.hvWqMGkcXVEGC9y/rootfs/lib/firmware/amdgpu/kabini_pfp.bin'
'/lib/firmware/amdgpu/bonaire_rlc.bin' -> '/tmp/rear.hvWqMGkcXVEGC9y/rootfs/lib/firmware/amdgpu/bonaire_rlc.bin'
'/lib/firmware/amdgpu/kaveri_mec2.bin' -> '/tmp/rear.hvWqMGkcXVEGC9y/rootfs/lib/firmware/amdgpu/kaveri_mec2.bin'
'/lib/firmware/amdgpu/bonaire_sdma.bin' -> '/tmp/rear.hvWqMGkcXVEGC9y/rootfs/lib/firmware/amdgpu/bonaire_sdma.bin'
'/lib/firmware/amdgpu/kaveri_mec.bin' -> '/tmp/rear.hvWqMGkcXVEGC9y/rootfs/lib/firmware/amdgpu/kaveri_mec.bin'
'/lib/firmware/amdgpu/bonaire_sdma1.bin' -> '/tmp/rear.hvWqMGkcXVEGC9y/rootfs/lib/firmware/amdgpu/bonaire_sdma1.bin'
'/lib/firmware/amdgpu/kaveri_pfp.bin' -> '/tmp/rear.hvWqMGkcXVEGC9y/rootfs/lib/firmware/amdgpu/kaveri_pfp.bin'
'/lib/firmware/amdgpu/bonaire_smc.bin' -> '/tmp/rear.hvWqMGkcXVEGC9y/rootfs/lib/firmware/amdgpu/bonaire_smc.bin'
'/lib/firmware/amdgpu/kaveri_rlc.bin' -> '/tmp/rear.hvWqMGkcXVEGC9y/rootfs/lib/firmware/amdgpu/kaveri_rlc.bin'
'/lib/firmware/amdgpu/bonaire_uvd.bin' -> '/tmp/rear.hvWqMGkcXVEGC9y/rootfs/lib/firmware/amdgpu/bonaire_uvd.bin'
'/lib/firmware/amdgpu/kaveri_sdma.bin' -> '/tmp/rear.hvWqMGkcXVEGC9y/rootfs/lib/firmware/amdgpu/kaveri_sdma.bin'
'/lib/firmware/amdgpu/bonaire_vce.bin' -> '/tmp/rear.hvWqMGkcXVEGC9y/rootfs/lib/firmware/amdgpu/bonaire_vce.bin'
'/lib/firmware/amdgpu/kaveri_sdma1.bin' -> '/tmp/rear.hvWqMGkcXVEGC9y/rootfs/lib/firmware/amdgpu/kaveri_sdma1.bin'
'/lib/firmware/amdgpu/carrizo_ce.bin' -> '/tmp/rear.hvWqMGkcXVEGC9y/rootfs/lib/firmware/amdgpu/carrizo_ce.bin'
'/lib/firmware/amdgpu/kaveri_uvd.bin' -> '/tmp/rear.hvWqMGkcXVEGC9y/rootfs/lib/firmware/amdgpu/kaveri_uvd.bin'
'/lib/firmware/amdgpu/carrizo_me.bin' -> '/tmp/rear.hvWqMGkcXVEGC9y/rootfs/lib/firmware/amdgpu/carrizo_me.bin'
'/lib/firmware/amdgpu/kaveri_vce.bin' -> '/tmp/rear.hvWqMGkcXVEGC9y/rootfs/lib/firmware/amdgpu/kaveri_vce.bin'
'/lib/firmware/amdgpu/carrizo_mec.bin' -> '/tmp/rear.hvWqMGkcXVEGC9y/rootfs/lib/firmware/amdgpu/carrizo_mec.bin'
'/lib/firmware/amdgpu/mullins_ce.bin' -> '/tmp/rear.hvWqMGkcXVEGC9y/rootfs/lib/firmware/amdgpu/mullins_ce.bin'
'/lib/firmware/amdgpu/carrizo_mec2.bin' -> '/tmp/rear.hvWqMGkcXVEGC9y/rootfs/lib/firmware/amdgpu/carrizo_mec2.bin'
'/lib/firmware/amdgpu/mullins_me.bin' -> '/tmp/rear.hvWqMGkcXVEGC9y/rootfs/lib/firmware/amdgpu/mullins_me.bin'
'/lib/firmware/amdgpu/carrizo_pfp.bin' -> '/tmp/rear.hvWqMGkcXVEGC9y/rootfs/lib/firmware/amdgpu/carrizo_pfp.bin'
'/lib/firmware/amdgpu/mullins_mec.bin' -> '/tmp/rear.hvWqMGkcXVEGC9y/rootfs/lib/firmware/amdgpu/mullins_mec.bin'
'/lib/firmware/amdgpu/carrizo_rlc.bin' -> '/tmp/rear.hvWqMGkcXVEGC9y/rootfs/lib/firmware/amdgpu/carrizo_rlc.bin'
'/lib/firmware/amdgpu/mullins_pfp.bin' -> '/tmp/rear.hvWqMGkcXVEGC9y/rootfs/lib/firmware/amdgpu/mullins_pfp.bin'
'/lib/firmware/amdgpu/carrizo_sdma.bin' -> '/tmp/rear.hvWqMGkcXVEGC9y/rootfs/lib/firmware/amdgpu/carrizo_sdma.bin'
'/lib/firmware/amdgpu/mullins_rlc.bin' -> '/tmp/rear.hvWqMGkcXVEGC9y/rootfs/lib/firmware/amdgpu/mullins_rlc.bin'
'/lib/firmware/amdgpu/carrizo_sdma1.bin' -> '/tmp/rear.hvWqMGkcXVEGC9y/rootfs/lib/firmware/amdgpu/carrizo_sdma1.bin'
'/lib/firmware/amdgpu/mullins_sdma.bin' -> '/tmp/rear.hvWqMGkcXVEGC9y/rootfs/lib/firmware/amdgpu/mullins_sdma.bin'
'/lib/firmware/amdgpu/carrizo_uvd.bin' -> '/tmp/rear.hvWqMGkcXVEGC9y/rootfs/lib/firmware/amdgpu/carrizo_uvd.bin'
'/lib/firmware/amdgpu/mullins_sdma1.bin' -> '/tmp/rear.hvWqMGkcXVEGC9y/rootfs/lib/firmware/amdgpu/mullins_sdma1.bin'
'/lib/firmware/amdgpu/carrizo_vce.bin' -> '/tmp/rear.hvWqMGkcXVEGC9y/rootfs/lib/firmware/amdgpu/carrizo_vce.bin'
'/lib/firmware/amdgpu/navi14_sdma.bin' -> '/tmp/rear.hvWqMGkcXVEGC9y/rootfs/lib/firmware/amdgpu/navi14_sdma.bin'
'/lib/firmware/amdgpu/fiji_ce.bin' -> '/tmp/rear.hvWqMGkcXVEGC9y/rootfs/lib/firmware/amdgpu/fiji_ce.bin'
'/lib/firmware/amdgpu/navi14_sdma1.bin' -> '/tmp/rear.hvWqMGkcXVEGC9y/rootfs/lib/firmware/amdgpu/navi14_sdma1.bin'
'/lib/firmware/amdgpu/fiji_mc.bin' -> '/tmp/rear.hvWqMGkcXVEGC9y/rootfs/lib/firmware/amdgpu/fiji_mc.bin'
'/lib/firmware/amdgpu/navi14_smc.bin' -> '/tmp/rear.hvWqMGkcXVEGC9y/rootfs/lib/firmware/amdgpu/navi14_smc.bin'
'/lib/firmware/amdgpu/fiji_me.bin' -> '/tmp/rear.hvWqMGkcXVEGC9y/rootfs/lib/firmware/amdgpu/fiji_me.bin'
'/lib/firmware/amdgpu/mullins_uvd.bin' -> '/tmp/rear.hvWqMGkcXVEGC9y/rootfs/lib/firmware/amdgpu/mullins_uvd.bin'
'/lib/firmware/amdgpu/fiji_mec.bin' -> '/tmp/rear.hvWqMGkcXVEGC9y/rootfs/lib/firmware/amdgpu/fiji_mec.bin'
'/lib/firmware/amdgpu/mullins_vce.bin' -> '/tmp/rear.hvWqMGkcXVEGC9y/rootfs/lib/firmware/amdgpu/mullins_vce.bin'
'/lib/firmware/amdgpu/fiji_mec2.bin' -> '/tmp/rear.hvWqMGkcXVEGC9y/rootfs/lib/firmware/amdgpu/fiji_mec2.bin'
'/lib/firmware/amdgpu/navi10_asd.bin' -> '/tmp/rear.hvWqMGkcXVEGC9y/rootfs/lib/firmware/amdgpu/navi10_asd.bin'
'/lib/firmware/amdgpu/fiji_pfp.bin' -> '/tmp/rear.hvWqMGkcXVEGC9y/rootfs/lib/firmware/amdgpu/fiji_pfp.bin'
'/lib/firmware/amdgpu/navi10_ce.bin' -> '/tmp/rear.hvWqMGkcXVEGC9y/rootfs/lib/firmware/amdgpu/navi10_ce.bin'
'/lib/firmware/amdgpu/fiji_rlc.bin' -> '/tmp/rear.hvWqMGkcXVEGC9y/rootfs/lib/firmware/amdgpu/fiji_rlc.bin'
'/lib/firmware/amdgpu/navi10_gpu_info.bin' -> '/tmp/rear.hvWqMGkcXVEGC9y/rootfs/lib/firmware/amdgpu/navi10_gpu_info.bin'
'/lib/firmware/amdgpu/fiji_sdma.bin' -> '/tmp/rear.hvWqMGkcXVEGC9y/rootfs/lib/firmware/amdgpu/fiji_sdma.bin'
'/lib/firmware/amdgpu/navi10_me.bin' -> '/tmp/rear.hvWqMGkcXVEGC9y/rootfs/lib/firmware/amdgpu/navi10_me.bin'
'/lib/firmware/amdgpu/fiji_sdma1.bin' -> '/tmp/rear.hvWqMGkcXVEGC9y/rootfs/lib/firmware/amdgpu/fiji_sdma1.bin'
'/lib/firmware/amdgpu/navi10_mec.bin' -> '/tmp/rear.hvWqMGkcXVEGC9y/rootfs/lib/firmware/amdgpu/navi10_mec.bin'
'/lib/firmware/amdgpu/fiji_smc.bin' -> '/tmp/rear.hvWqMGkcXVEGC9y/rootfs/lib/firmware/amdgpu/fiji_smc.bin'
'/lib/firmware/amdgpu/navi10_mec2.bin' -> '/tmp/rear.hvWqMGkcXVEGC9y/rootfs/lib/firmware/amdgpu/navi10_mec2.bin'
'/lib/firmware/amdgpu/fiji_uvd.bin' -> '/tmp/rear.hvWqMGkcXVEGC9y/rootfs/lib/firmware/amdgpu/fiji_uvd.bin'
'/lib/firmware/amdgpu/navi10_pfp.bin' -> '/tmp/rear.hvWqMGkcXVEGC9y/rootfs/lib/firmware/amdgpu/navi10_pfp.bin'
'/lib/firmware/amdgpu/fiji_vce.bin' -> '/tmp/rear.hvWqMGkcXVEGC9y/rootfs/lib/firmware/amdgpu/fiji_vce.bin'
'/lib/firmware/amdgpu/navi10_rlc.bin' -> '/tmp/rear.hvWqMGkcXVEGC9y/rootfs/lib/firmware/amdgpu/navi10_rlc.bin'
'/lib/firmware/amdgpu/hainan_ce.bin' -> '/tmp/rear.hvWqMGkcXVEGC9y/rootfs/lib/firmware/amdgpu/hainan_ce.bin'
'/lib/firmware/amdgpu/navi10_sdma.bin' -> '/tmp/rear.hvWqMGkcXVEGC9y/rootfs/lib/firmware/amdgpu/navi10_sdma.bin'
'/lib/firmware/amdgpu/hainan_k_smc.bin' -> '/tmp/rear.hvWqMGkcXVEGC9y/rootfs/lib/firmware/amdgpu/hainan_k_smc.bin'
'/lib/firmware/amdgpu/navi10_sdma1.bin' -> '/tmp/rear.hvWqMGkcXVEGC9y/rootfs/lib/firmware/amdgpu/navi10_sdma1.bin'
'/lib/firmware/amdgpu/hainan_mc.bin' -> '/tmp/rear.hvWqMGkcXVEGC9y/rootfs/lib/firmware/amdgpu/hainan_mc.bin'
'/lib/firmware/amdgpu/navi10_smc.bin' -> '/tmp/rear.hvWqMGkcXVEGC9y/rootfs/lib/firmware/amdgpu/navi10_smc.bin'
'/lib/firmware/amdgpu/hainan_me.bin' -> '/tmp/rear.hvWqMGkcXVEGC9y/rootfs/lib/firmware/amdgpu/hainan_me.bin'
'/lib/firmware/amdgpu/navi10_sos.bin' -> '/tmp/rear.hvWqMGkcXVEGC9y/rootfs/lib/firmware/amdgpu/navi10_sos.bin'
'/lib/firmware/amdgpu/hainan_pfp.bin' -> '/tmp/rear.hvWqMGkcXVEGC9y/rootfs/lib/firmware/amdgpu/hainan_pfp.bin'
'/lib/firmware/amdgpu/navi10_ta.bin' -> '/tmp/rear.hvWqMGkcXVEGC9y/rootfs/lib/firmware/amdgpu/navi10_ta.bin'
'/lib/firmware/amdgpu/hainan_rlc.bin' -> '/tmp/rear.hvWqMGkcXVEGC9y/rootfs/lib/firmware/amdgpu/hainan_rlc.bin'
'/lib/firmware/amdgpu/navi10_vcn.bin' -> '/tmp/rear.hvWqMGkcXVEGC9y/rootfs/lib/firmware/amdgpu/navi10_vcn.bin'
'/lib/firmware/amdgpu/hainan_smc.bin' -> '/tmp/rear.hvWqMGkcXVEGC9y/rootfs/lib/firmware/amdgpu/hainan_smc.bin'
'/lib/firmware/amdgpu/navi14_asd.bin' -> '/tmp/rear.hvWqMGkcXVEGC9y/rootfs/lib/firmware/amdgpu/navi14_asd.bin'
'/lib/firmware/amdgpu/hawaii_ce.bin' -> '/tmp/rear.hvWqMGkcXVEGC9y/rootfs/lib/firmware/amdgpu/hawaii_ce.bin'
'/lib/firmware/amdgpu/navi14_ce.bin' -> '/tmp/rear.hvWqMGkcXVEGC9y/rootfs/lib/firmware/amdgpu/navi14_ce.bin'
'/lib/firmware/amdgpu/hawaii_k_smc.bin' -> '/tmp/rear.hvWqMGkcXVEGC9y/rootfs/lib/firmware/amdgpu/hawaii_k_smc.bin'
'/lib/firmware/amdgpu/navi14_ce_wks.bin' -> '/tmp/rear.hvWqMGkcXVEGC9y/rootfs/lib/firmware/amdgpu/navi14_ce_wks.bin'
'/lib/firmware/amdgpu/hawaii_mc.bin' -> '/tmp/rear.hvWqMGkcXVEGC9y/rootfs/lib/firmware/amdgpu/hawaii_mc.bin'
'/lib/firmware/amdgpu/navi14_gpu_info.bin' -> '/tmp/rear.hvWqMGkcXVEGC9y/rootfs/lib/firmware/amdgpu/navi14_gpu_info.bin'
'/lib/firmware/amdgpu/hawaii_me.bin' -> '/tmp/rear.hvWqMGkcXVEGC9y/rootfs/lib/firmware/amdgpu/hawaii_me.bin'
'/lib/firmware/amdgpu/navi14_me.bin' -> '/tmp/rear.hvWqMGkcXVEGC9y/rootfs/lib/firmware/amdgpu/navi14_me.bin'
'/lib/firmware/amdgpu/hawaii_mec.bin' -> '/tmp/rear.hvWqMGkcXVEGC9y/rootfs/lib/firmware/amdgpu/hawaii_mec.bin'
'/lib/firmware/amdgpu/navi14_me_wks.bin' -> '/tmp/rear.hvWqMGkcXVEGC9y/rootfs/lib/firmware/amdgpu/navi14_me_wks.bin'
'/lib/firmware/amdgpu/hawaii_pfp.bin' -> '/tmp/rear.hvWqMGkcXVEGC9y/rootfs/lib/firmware/amdgpu/hawaii_pfp.bin'
'/lib/firmware/amdgpu/navi14_mec.bin' -> '/tmp/rear.hvWqMGkcXVEGC9y/rootfs/lib/firmware/amdgpu/navi14_mec.bin'
'/lib/firmware/amdgpu/hawaii_rlc.bin' -> '/tmp/rear.hvWqMGkcXVEGC9y/rootfs/lib/firmware/amdgpu/hawaii_rlc.bin'
'/lib/firmware/amdgpu/navi14_mec2.bin' -> '/tmp/rear.hvWqMGkcXVEGC9y/rootfs/lib/firmware/amdgpu/navi14_mec2.bin'
'/lib/firmware/amdgpu/hawaii_sdma.bin' -> '/tmp/rear.hvWqMGkcXVEGC9y/rootfs/lib/firmware/amdgpu/hawaii_sdma.bin'
'/lib/firmware/amdgpu/kabini_rlc.bin' -> '/tmp/rear.hvWqMGkcXVEGC9y/rootfs/lib/firmware/amdgpu/kabini_rlc.bin'
'/lib/firmware/amdgpu/navi14_mec2_wks.bin' -> '/tmp/rear.hvWqMGkcXVEGC9y/rootfs/lib/firmware/amdgpu/navi14_mec2_wks.bin'
'/lib/firmware/amdgpu/kabini_sdma.bin' -> '/tmp/rear.hvWqMGkcXVEGC9y/rootfs/lib/firmware/amdgpu/kabini_sdma.bin'
'/lib/firmware/amdgpu/navi14_mec_wks.bin' -> '/tmp/rear.hvWqMGkcXVEGC9y/rootfs/lib/firmware/amdgpu/navi14_mec_wks.bin'
'/lib/firmware/amdgpu/kabini_sdma1.bin' -> '/tmp/rear.hvWqMGkcXVEGC9y/rootfs/lib/firmware/amdgpu/kabini_sdma1.bin'
'/lib/firmware/amdgpu/navi14_pfp.bin' -> '/tmp/rear.hvWqMGkcXVEGC9y/rootfs/lib/firmware/amdgpu/navi14_pfp.bin'
'/lib/firmware/amdgpu/kabini_uvd.bin' -> '/tmp/rear.hvWqMGkcXVEGC9y/rootfs/lib/firmware/amdgpu/kabini_uvd.bin'
'/lib/firmware/amdgpu/navi14_pfp_wks.bin' -> '/tmp/rear.hvWqMGkcXVEGC9y/rootfs/lib/firmware/amdgpu/navi14_pfp_wks.bin'
'/lib/firmware/amdgpu/kabini_vce.bin' -> '/tmp/rear.hvWqMGkcXVEGC9y/rootfs/lib/firmware/amdgpu/kabini_vce.bin'
'/lib/firmware/amdgpu/navi14_rlc.bin' -> '/tmp/rear.hvWqMGkcXVEGC9y/rootfs/lib/firmware/amdgpu/navi14_rlc.bin'
'/lib/firmware/amdgpu/kaveri_ce.bin' -> '/tmp/rear.hvWqMGkcXVEGC9y/rootfs/lib/firmware/amdgpu/kaveri_ce.bin'
'/lib/firmware/amdgpu/picasso_gpu_info.bin' -> '/tmp/rear.hvWqMGkcXVEGC9y/rootfs/lib/firmware/amdgpu/picasso_gpu_info.bin'
'/lib/firmware/amdgpu/kaveri_me.bin' -> '/tmp/rear.hvWqMGkcXVEGC9y/rootfs/lib/firmware/amdgpu/kaveri_me.bin'
'/lib/firmware/amdgpu/navi14_sos.bin' -> '/tmp/rear.hvWqMGkcXVEGC9y/rootfs/lib/firmware/amdgpu/navi14_sos.bin'
'/lib/firmware/amdgpu/navi14_ta.bin' -> '/tmp/rear.hvWqMGkcXVEGC9y/rootfs/lib/firmware/amdgpu/navi14_ta.bin'
'/lib/firmware/amdgpu/navi14_vcn.bin' -> '/tmp/rear.hvWqMGkcXVEGC9y/rootfs/lib/firmware/amdgpu/navi14_vcn.bin'
'/lib/firmware/amdgpu/oland_ce.bin' -> '/tmp/rear.hvWqMGkcXVEGC9y/rootfs/lib/firmware/amdgpu/oland_ce.bin'
'/lib/firmware/amdgpu/oland_k_smc.bin' -> '/tmp/rear.hvWqMGkcXVEGC9y/rootfs/lib/firmware/amdgpu/oland_k_smc.bin'
'/lib/firmware/amdgpu/oland_mc.bin' -> '/tmp/rear.hvWqMGkcXVEGC9y/rootfs/lib/firmware/amdgpu/oland_mc.bin'
'/lib/firmware/amdgpu/oland_me.bin' -> '/tmp/rear.hvWqMGkcXVEGC9y/rootfs/lib/firmware/amdgpu/oland_me.bin'
'/lib/firmware/amdgpu/oland_pfp.bin' -> '/tmp/rear.hvWqMGkcXVEGC9y/rootfs/lib/firmware/amdgpu/oland_pfp.bin'
'/lib/firmware/amdgpu/oland_rlc.bin' -> '/tmp/rear.hvWqMGkcXVEGC9y/rootfs/lib/firmware/amdgpu/oland_rlc.bin'
'/lib/firmware/amdgpu/oland_smc.bin' -> '/tmp/rear.hvWqMGkcXVEGC9y/rootfs/lib/firmware/amdgpu/oland_smc.bin'
'/lib/firmware/amdgpu/picasso_asd.bin' -> '/tmp/rear.hvWqMGkcXVEGC9y/rootfs/lib/firmware/amdgpu/picasso_asd.bin'
'/lib/firmware/amdgpu/picasso_ce.bin' -> '/tmp/rear.hvWqMGkcXVEGC9y/rootfs/lib/firmware/amdgpu/picasso_ce.bin'
'/lib/firmware/amdgpu/polaris11_smc_sk.bin' -> '/tmp/rear.hvWqMGkcXVEGC9y/rootfs/lib/firmware/amdgpu/polaris11_smc_sk.bin'
'/lib/firmware/amdgpu/picasso_me.bin' -> '/tmp/rear.hvWqMGkcXVEGC9y/rootfs/lib/firmware/amdgpu/picasso_me.bin'
'/lib/firmware/amdgpu/polaris11_uvd.bin' -> '/tmp/rear.hvWqMGkcXVEGC9y/rootfs/lib/firmware/amdgpu/polaris11_uvd.bin'
'/lib/firmware/amdgpu/picasso_mec.bin' -> '/tmp/rear.hvWqMGkcXVEGC9y/rootfs/lib/firmware/amdgpu/picasso_mec.bin'
'/lib/firmware/amdgpu/polaris11_vce.bin' -> '/tmp/rear.hvWqMGkcXVEGC9y/rootfs/lib/firmware/amdgpu/polaris11_vce.bin'
'/lib/firmware/amdgpu/picasso_mec2.bin' -> '/tmp/rear.hvWqMGkcXVEGC9y/rootfs/lib/firmware/amdgpu/picasso_mec2.bin'
'/lib/firmware/amdgpu/polaris12_ce.bin' -> '/tmp/rear.hvWqMGkcXVEGC9y/rootfs/lib/firmware/amdgpu/polaris12_ce.bin'
'/lib/firmware/amdgpu/picasso_pfp.bin' -> '/tmp/rear.hvWqMGkcXVEGC9y/rootfs/lib/firmware/amdgpu/picasso_pfp.bin'
'/lib/firmware/amdgpu/polaris12_ce_2.bin' -> '/tmp/rear.hvWqMGkcXVEGC9y/rootfs/lib/firmware/amdgpu/polaris12_ce_2.bin'
'/lib/firmware/amdgpu/picasso_rlc.bin' -> '/tmp/rear.hvWqMGkcXVEGC9y/rootfs/lib/firmware/amdgpu/picasso_rlc.bin'
'/lib/firmware/amdgpu/polaris12_k_mc.bin' -> '/tmp/rear.hvWqMGkcXVEGC9y/rootfs/lib/firmware/amdgpu/polaris12_k_mc.bin'
'/lib/firmware/amdgpu/picasso_rlc_am4.bin' -> '/tmp/rear.hvWqMGkcXVEGC9y/rootfs/lib/firmware/amdgpu/picasso_rlc_am4.bin'
'/lib/firmware/amdgpu/polaris12_k_smc.bin' -> '/tmp/rear.hvWqMGkcXVEGC9y/rootfs/lib/firmware/amdgpu/polaris12_k_smc.bin'
'/lib/firmware/amdgpu/picasso_sdma.bin' -> '/tmp/rear.hvWqMGkcXVEGC9y/rootfs/lib/firmware/amdgpu/picasso_sdma.bin'
'/lib/firmware/amdgpu/polaris12_mc.bin' -> '/tmp/rear.hvWqMGkcXVEGC9y/rootfs/lib/firmware/amdgpu/polaris12_mc.bin'
'/lib/firmware/amdgpu/picasso_ta.bin' -> '/tmp/rear.hvWqMGkcXVEGC9y/rootfs/lib/firmware/amdgpu/picasso_ta.bin'
'/lib/firmware/amdgpu/polaris12_me.bin' -> '/tmp/rear.hvWqMGkcXVEGC9y/rootfs/lib/firmware/amdgpu/polaris12_me.bin'
'/lib/firmware/amdgpu/picasso_vcn.bin' -> '/tmp/rear.hvWqMGkcXVEGC9y/rootfs/lib/firmware/amdgpu/picasso_vcn.bin'
'/lib/firmware/amdgpu/polaris12_me_2.bin' -> '/tmp/rear.hvWqMGkcXVEGC9y/rootfs/lib/firmware/amdgpu/polaris12_me_2.bin'
'/lib/firmware/amdgpu/pitcairn_ce.bin' -> '/tmp/rear.hvWqMGkcXVEGC9y/rootfs/lib/firmware/amdgpu/pitcairn_ce.bin'
'/lib/firmware/amdgpu/polaris12_mec.bin' -> '/tmp/rear.hvWqMGkcXVEGC9y/rootfs/lib/firmware/amdgpu/polaris12_mec.bin'
'/lib/firmware/amdgpu/pitcairn_k_smc.bin' -> '/tmp/rear.hvWqMGkcXVEGC9y/rootfs/lib/firmware/amdgpu/pitcairn_k_smc.bin'
'/lib/firmware/amdgpu/polaris12_mec2.bin' -> '/tmp/rear.hvWqMGkcXVEGC9y/rootfs/lib/firmware/amdgpu/polaris12_mec2.bin'
'/lib/firmware/amdgpu/pitcairn_mc.bin' -> '/tmp/rear.hvWqMGkcXVEGC9y/rootfs/lib/firmware/amdgpu/pitcairn_mc.bin'
'/lib/firmware/amdgpu/polaris12_mec2_2.bin' -> '/tmp/rear.hvWqMGkcXVEGC9y/rootfs/lib/firmware/amdgpu/polaris12_mec2_2.bin'
'/lib/firmware/amdgpu/pitcairn_me.bin' -> '/tmp/rear.hvWqMGkcXVEGC9y/rootfs/lib/firmware/amdgpu/pitcairn_me.bin'
'/lib/firmware/amdgpu/polaris12_mec_2.bin' -> '/tmp/rear.hvWqMGkcXVEGC9y/rootfs/lib/firmware/amdgpu/polaris12_mec_2.bin'
'/lib/firmware/amdgpu/pitcairn_pfp.bin' -> '/tmp/rear.hvWqMGkcXVEGC9y/rootfs/lib/firmware/amdgpu/pitcairn_pfp.bin'
'/lib/firmware/amdgpu/polaris12_pfp.bin' -> '/tmp/rear.hvWqMGkcXVEGC9y/rootfs/lib/firmware/amdgpu/polaris12_pfp.bin'
'/lib/firmware/amdgpu/pitcairn_rlc.bin' -> '/tmp/rear.hvWqMGkcXVEGC9y/rootfs/lib/firmware/amdgpu/pitcairn_rlc.bin'
'/lib/firmware/amdgpu/polaris12_pfp_2.bin' -> '/tmp/rear.hvWqMGkcXVEGC9y/rootfs/lib/firmware/amdgpu/polaris12_pfp_2.bin'
'/lib/firmware/amdgpu/pitcairn_smc.bin' -> '/tmp/rear.hvWqMGkcXVEGC9y/rootfs/lib/firmware/amdgpu/pitcairn_smc.bin'
'/lib/firmware/amdgpu/polaris12_rlc.bin' -> '/tmp/rear.hvWqMGkcXVEGC9y/rootfs/lib/firmware/amdgpu/polaris12_rlc.bin'
'/lib/firmware/amdgpu/polaris10_ce.bin' -> '/tmp/rear.hvWqMGkcXVEGC9y/rootfs/lib/firmware/amdgpu/polaris10_ce.bin'
'/lib/firmware/amdgpu/polaris12_sdma.bin' -> '/tmp/rear.hvWqMGkcXVEGC9y/rootfs/lib/firmware/amdgpu/polaris12_sdma.bin'
'/lib/firmware/amdgpu/polaris10_ce_2.bin' -> '/tmp/rear.hvWqMGkcXVEGC9y/rootfs/lib/firmware/amdgpu/polaris10_ce_2.bin'
'/lib/firmware/amdgpu/polaris11_pfp_2.bin' -> '/tmp/rear.hvWqMGkcXVEGC9y/rootfs/lib/firmware/amdgpu/polaris11_pfp_2.bin'
'/lib/firmware/amdgpu/polaris10_k2_smc.bin' -> '/tmp/rear.hvWqMGkcXVEGC9y/rootfs/lib/firmware/amdgpu/polaris10_k2_smc.bin'
'/lib/firmware/amdgpu/polaris12_sdma1.bin' -> '/tmp/rear.hvWqMGkcXVEGC9y/rootfs/lib/firmware/amdgpu/polaris12_sdma1.bin'
'/lib/firmware/amdgpu/polaris10_k_mc.bin' -> '/tmp/rear.hvWqMGkcXVEGC9y/rootfs/lib/firmware/amdgpu/polaris10_k_mc.bin'
'/lib/firmware/amdgpu/polaris12_smc.bin' -> '/tmp/rear.hvWqMGkcXVEGC9y/rootfs/lib/firmware/amdgpu/polaris12_smc.bin'
'/lib/firmware/amdgpu/polaris10_k_smc.bin' -> '/tmp/rear.hvWqMGkcXVEGC9y/rootfs/lib/firmware/amdgpu/polaris10_k_smc.bin'
'/lib/firmware/amdgpu/polaris12_uvd.bin' -> '/tmp/rear.hvWqMGkcXVEGC9y/rootfs/lib/firmware/amdgpu/polaris12_uvd.bin'
'/lib/firmware/amdgpu/polaris10_mc.bin' -> '/tmp/rear.hvWqMGkcXVEGC9y/rootfs/lib/firmware/amdgpu/polaris10_mc.bin'
'/lib/firmware/amdgpu/polaris12_vce.bin' -> '/tmp/rear.hvWqMGkcXVEGC9y/rootfs/lib/firmware/amdgpu/polaris12_vce.bin'
'/lib/firmware/amdgpu/polaris10_me.bin' -> '/tmp/rear.hvWqMGkcXVEGC9y/rootfs/lib/firmware/amdgpu/polaris10_me.bin'
'/lib/firmware/amdgpu/raven2_asd.bin' -> '/tmp/rear.hvWqMGkcXVEGC9y/rootfs/lib/firmware/amdgpu/raven2_asd.bin'
'/lib/firmware/amdgpu/polaris10_me_2.bin' -> '/tmp/rear.hvWqMGkcXVEGC9y/rootfs/lib/firmware/amdgpu/polaris10_me_2.bin'
'/lib/firmware/amdgpu/raven2_ce.bin' -> '/tmp/rear.hvWqMGkcXVEGC9y/rootfs/lib/firmware/amdgpu/raven2_ce.bin'
'/lib/firmware/amdgpu/polaris10_mec.bin' -> '/tmp/rear.hvWqMGkcXVEGC9y/rootfs/lib/firmware/amdgpu/polaris10_mec.bin'
'/lib/firmware/amdgpu/raven2_gpu_info.bin' -> '/tmp/rear.hvWqMGkcXVEGC9y/rootfs/lib/firmware/amdgpu/raven2_gpu_info.bin'
'/lib/firmware/amdgpu/polaris10_mec2.bin' -> '/tmp/rear.hvWqMGkcXVEGC9y/rootfs/lib/firmware/amdgpu/polaris10_mec2.bin'
'/lib/firmware/amdgpu/polaris11_rlc.bin' -> '/tmp/rear.hvWqMGkcXVEGC9y/rootfs/lib/firmware/amdgpu/polaris11_rlc.bin'
'/lib/firmware/amdgpu/polaris10_mec2_2.bin' -> '/tmp/rear.hvWqMGkcXVEGC9y/rootfs/lib/firmware/amdgpu/polaris10_mec2_2.bin'
'/lib/firmware/amdgpu/raven2_me.bin' -> '/tmp/rear.hvWqMGkcXVEGC9y/rootfs/lib/firmware/amdgpu/raven2_me.bin'
'/lib/firmware/amdgpu/polaris10_mec_2.bin' -> '/tmp/rear.hvWqMGkcXVEGC9y/rootfs/lib/firmware/amdgpu/polaris10_mec_2.bin'
'/lib/firmware/amdgpu/raven2_mec.bin' -> '/tmp/rear.hvWqMGkcXVEGC9y/rootfs/lib/firmware/amdgpu/raven2_mec.bin'
'/lib/firmware/amdgpu/polaris10_pfp.bin' -> '/tmp/rear.hvWqMGkcXVEGC9y/rootfs/lib/firmware/amdgpu/polaris10_pfp.bin'
'/lib/firmware/amdgpu/raven2_mec2.bin' -> '/tmp/rear.hvWqMGkcXVEGC9y/rootfs/lib/firmware/amdgpu/raven2_mec2.bin'
'/lib/firmware/amdgpu/polaris10_pfp_2.bin' -> '/tmp/rear.hvWqMGkcXVEGC9y/rootfs/lib/firmware/amdgpu/polaris10_pfp_2.bin'
'/lib/firmware/amdgpu/raven2_pfp.bin' -> '/tmp/rear.hvWqMGkcXVEGC9y/rootfs/lib/firmware/amdgpu/raven2_pfp.bin'
'/lib/firmware/amdgpu/polaris10_rlc.bin' -> '/tmp/rear.hvWqMGkcXVEGC9y/rootfs/lib/firmware/amdgpu/polaris10_rlc.bin'
'/lib/firmware/amdgpu/raven2_rlc.bin' -> '/tmp/rear.hvWqMGkcXVEGC9y/rootfs/lib/firmware/amdgpu/raven2_rlc.bin'
'/lib/firmware/amdgpu/polaris10_sdma.bin' -> '/tmp/rear.hvWqMGkcXVEGC9y/rootfs/lib/firmware/amdgpu/polaris10_sdma.bin'
'/lib/firmware/amdgpu/raven2_sdma.bin' -> '/tmp/rear.hvWqMGkcXVEGC9y/rootfs/lib/firmware/amdgpu/raven2_sdma.bin'
'/lib/firmware/amdgpu/polaris10_sdma1.bin' -> '/tmp/rear.hvWqMGkcXVEGC9y/rootfs/lib/firmware/amdgpu/polaris10_sdma1.bin'
'/lib/firmware/amdgpu/raven2_ta.bin' -> '/tmp/rear.hvWqMGkcXVEGC9y/rootfs/lib/firmware/amdgpu/raven2_ta.bin'
'/lib/firmware/amdgpu/polaris10_smc.bin' -> '/tmp/rear.hvWqMGkcXVEGC9y/rootfs/lib/firmware/amdgpu/polaris10_smc.bin'
'/lib/firmware/amdgpu/polaris11_sdma.bin' -> '/tmp/rear.hvWqMGkcXVEGC9y/rootfs/lib/firmware/amdgpu/polaris11_sdma.bin'
'/lib/firmware/amdgpu/polaris10_smc_sk.bin' -> '/tmp/rear.hvWqMGkcXVEGC9y/rootfs/lib/firmware/amdgpu/polaris10_smc_sk.bin'
'/lib/firmware/amdgpu/raven2_vcn.bin' -> '/tmp/rear.hvWqMGkcXVEGC9y/rootfs/lib/firmware/amdgpu/raven2_vcn.bin'
'/lib/firmware/amdgpu/polaris10_uvd.bin' -> '/tmp/rear.hvWqMGkcXVEGC9y/rootfs/lib/firmware/amdgpu/polaris10_uvd.bin'
'/lib/firmware/amdgpu/raven_asd.bin' -> '/tmp/rear.hvWqMGkcXVEGC9y/rootfs/lib/firmware/amdgpu/raven_asd.bin'
'/lib/firmware/amdgpu/polaris10_vce.bin' -> '/tmp/rear.hvWqMGkcXVEGC9y/rootfs/lib/firmware/amdgpu/polaris10_vce.bin'
'/lib/firmware/amdgpu/raven_ce.bin' -> '/tmp/rear.hvWqMGkcXVEGC9y/rootfs/lib/firmware/amdgpu/raven_ce.bin'
'/lib/firmware/amdgpu/polaris11_ce.bin' -> '/tmp/rear.hvWqMGkcXVEGC9y/rootfs/lib/firmware/amdgpu/polaris11_ce.bin'
'/lib/firmware/amdgpu/raven_dmcu.bin' -> '/tmp/rear.hvWqMGkcXVEGC9y/rootfs/lib/firmware/amdgpu/raven_dmcu.bin'
'/lib/firmware/amdgpu/polaris11_ce_2.bin' -> '/tmp/rear.hvWqMGkcXVEGC9y/rootfs/lib/firmware/amdgpu/polaris11_ce_2.bin'
'/lib/firmware/amdgpu/polaris11_sdma1.bin' -> '/tmp/rear.hvWqMGkcXVEGC9y/rootfs/lib/firmware/amdgpu/polaris11_sdma1.bin'
'/lib/firmware/amdgpu/polaris11_k2_smc.bin' -> '/tmp/rear.hvWqMGkcXVEGC9y/rootfs/lib/firmware/amdgpu/polaris11_k2_smc.bin'
'/lib/firmware/amdgpu/raven_gpu_info.bin' -> '/tmp/rear.hvWqMGkcXVEGC9y/rootfs/lib/firmware/amdgpu/raven_gpu_info.bin'
'/lib/firmware/amdgpu/polaris11_k_mc.bin' -> '/tmp/rear.hvWqMGkcXVEGC9y/rootfs/lib/firmware/amdgpu/polaris11_k_mc.bin'
'/lib/firmware/amdgpu/raven_kicker_rlc.bin' -> '/tmp/rear.hvWqMGkcXVEGC9y/rootfs/lib/firmware/amdgpu/raven_kicker_rlc.bin'
'/lib/firmware/amdgpu/polaris11_k_smc.bin' -> '/tmp/rear.hvWqMGkcXVEGC9y/rootfs/lib/firmware/amdgpu/polaris11_k_smc.bin'
'/lib/firmware/amdgpu/raven_me.bin' -> '/tmp/rear.hvWqMGkcXVEGC9y/rootfs/lib/firmware/amdgpu/raven_me.bin'
'/lib/firmware/amdgpu/polaris11_mc.bin' -> '/tmp/rear.hvWqMGkcXVEGC9y/rootfs/lib/firmware/amdgpu/polaris11_mc.bin'
'/lib/firmware/amdgpu/raven_mec.bin' -> '/tmp/rear.hvWqMGkcXVEGC9y/rootfs/lib/firmware/amdgpu/raven_mec.bin'
'/lib/firmware/amdgpu/polaris11_me.bin' -> '/tmp/rear.hvWqMGkcXVEGC9y/rootfs/lib/firmware/amdgpu/polaris11_me.bin'
'/lib/firmware/amdgpu/raven_mec2.bin' -> '/tmp/rear.hvWqMGkcXVEGC9y/rootfs/lib/firmware/amdgpu/raven_mec2.bin'
'/lib/firmware/amdgpu/polaris11_me_2.bin' -> '/tmp/rear.hvWqMGkcXVEGC9y/rootfs/lib/firmware/amdgpu/polaris11_me_2.bin'
'/lib/firmware/amdgpu/raven_pfp.bin' -> '/tmp/rear.hvWqMGkcXVEGC9y/rootfs/lib/firmware/amdgpu/raven_pfp.bin'
'/lib/firmware/amdgpu/polaris11_mec.bin' -> '/tmp/rear.hvWqMGkcXVEGC9y/rootfs/lib/firmware/amdgpu/polaris11_mec.bin'
'/lib/firmware/amdgpu/raven_rlc.bin' -> '/tmp/rear.hvWqMGkcXVEGC9y/rootfs/lib/firmware/amdgpu/raven_rlc.bin'
'/lib/firmware/amdgpu/polaris11_mec2.bin' -> '/tmp/rear.hvWqMGkcXVEGC9y/rootfs/lib/firmware/amdgpu/polaris11_mec2.bin'
'/lib/firmware/amdgpu/polaris11_smc.bin' -> '/tmp/rear.hvWqMGkcXVEGC9y/rootfs/lib/firmware/amdgpu/polaris11_smc.bin'
'/lib/firmware/amdgpu/polaris11_mec2_2.bin' -> '/tmp/rear.hvWqMGkcXVEGC9y/rootfs/lib/firmware/amdgpu/polaris11_mec2_2.bin'
'/lib/firmware/amdgpu/raven_sdma.bin' -> '/tmp/rear.hvWqMGkcXVEGC9y/rootfs/lib/firmware/amdgpu/raven_sdma.bin'
'/lib/firmware/amdgpu/polaris11_mec_2.bin' -> '/tmp/rear.hvWqMGkcXVEGC9y/rootfs/lib/firmware/amdgpu/polaris11_mec_2.bin'
'/lib/firmware/amdgpu/raven_ta.bin' -> '/tmp/rear.hvWqMGkcXVEGC9y/rootfs/lib/firmware/amdgpu/raven_ta.bin'
'/lib/firmware/amdgpu/polaris11_pfp.bin' -> '/tmp/rear.hvWqMGkcXVEGC9y/rootfs/lib/firmware/amdgpu/polaris11_pfp.bin'
'/lib/firmware/amdgpu/stoney_ce.bin' -> '/tmp/rear.hvWqMGkcXVEGC9y/rootfs/lib/firmware/amdgpu/stoney_ce.bin'
'/lib/firmware/amdgpu/si58_mc.bin' -> '/tmp/rear.hvWqMGkcXVEGC9y/rootfs/lib/firmware/amdgpu/si58_mc.bin'
'/lib/firmware/amdgpu/raven_vcn.bin' -> '/tmp/rear.hvWqMGkcXVEGC9y/rootfs/lib/firmware/amdgpu/raven_vcn.bin'
'/lib/firmware/amdgpu/renoir_asd.bin' -> '/tmp/rear.hvWqMGkcXVEGC9y/rootfs/lib/firmware/amdgpu/renoir_asd.bin'
'/lib/firmware/amdgpu/renoir_ce.bin' -> '/tmp/rear.hvWqMGkcXVEGC9y/rootfs/lib/firmware/amdgpu/renoir_ce.bin'
'/lib/firmware/amdgpu/renoir_dmcub.bin' -> '/tmp/rear.hvWqMGkcXVEGC9y/rootfs/lib/firmware/amdgpu/renoir_dmcub.bin'
'/lib/firmware/amdgpu/renoir_gpu_info.bin' -> '/tmp/rear.hvWqMGkcXVEGC9y/rootfs/lib/firmware/amdgpu/renoir_gpu_info.bin'
'/lib/firmware/amdgpu/renoir_me.bin' -> '/tmp/rear.hvWqMGkcXVEGC9y/rootfs/lib/firmware/amdgpu/renoir_me.bin'
'/lib/firmware/amdgpu/renoir_mec.bin' -> '/tmp/rear.hvWqMGkcXVEGC9y/rootfs/lib/firmware/amdgpu/renoir_mec.bin'
'/lib/firmware/amdgpu/renoir_mec2.bin' -> '/tmp/rear.hvWqMGkcXVEGC9y/rootfs/lib/firmware/amdgpu/renoir_mec2.bin'
'/lib/firmware/amdgpu/renoir_pfp.bin' -> '/tmp/rear.hvWqMGkcXVEGC9y/rootfs/lib/firmware/amdgpu/renoir_pfp.bin'
'/lib/firmware/amdgpu/renoir_rlc.bin' -> '/tmp/rear.hvWqMGkcXVEGC9y/rootfs/lib/firmware/amdgpu/renoir_rlc.bin'
'/lib/firmware/amdgpu/renoir_sdma.bin' -> '/tmp/rear.hvWqMGkcXVEGC9y/rootfs/lib/firmware/amdgpu/renoir_sdma.bin'
'/lib/firmware/amdgpu/renoir_vcn.bin' -> '/tmp/rear.hvWqMGkcXVEGC9y/rootfs/lib/firmware/amdgpu/renoir_vcn.bin'
'/lib/firmware/amdgpu/vega10_vce.bin' -> '/tmp/rear.hvWqMGkcXVEGC9y/rootfs/lib/firmware/amdgpu/vega10_vce.bin'
'/lib/firmware/amdgpu/stoney_me.bin' -> '/tmp/rear.hvWqMGkcXVEGC9y/rootfs/lib/firmware/amdgpu/stoney_me.bin'
'/lib/firmware/amdgpu/vega10_uvd.bin' -> '/tmp/rear.hvWqMGkcXVEGC9y/rootfs/lib/firmware/amdgpu/vega10_uvd.bin'
'/lib/firmware/amdgpu/stoney_mec.bin' -> '/tmp/rear.hvWqMGkcXVEGC9y/rootfs/lib/firmware/amdgpu/stoney_mec.bin'
'/lib/firmware/amdgpu/vega12_asd.bin' -> '/tmp/rear.hvWqMGkcXVEGC9y/rootfs/lib/firmware/amdgpu/vega12_asd.bin'
'/lib/firmware/amdgpu/stoney_pfp.bin' -> '/tmp/rear.hvWqMGkcXVEGC9y/rootfs/lib/firmware/amdgpu/stoney_pfp.bin'
'/lib/firmware/amdgpu/vega12_ce.bin' -> '/tmp/rear.hvWqMGkcXVEGC9y/rootfs/lib/firmware/amdgpu/vega12_ce.bin'
'/lib/firmware/amdgpu/stoney_rlc.bin' -> '/tmp/rear.hvWqMGkcXVEGC9y/rootfs/lib/firmware/amdgpu/stoney_rlc.bin'
'/lib/firmware/amdgpu/vega12_gpu_info.bin' -> '/tmp/rear.hvWqMGkcXVEGC9y/rootfs/lib/firmware/amdgpu/vega12_gpu_info.bin'
'/lib/firmware/amdgpu/stoney_sdma.bin' -> '/tmp/rear.hvWqMGkcXVEGC9y/rootfs/lib/firmware/amdgpu/stoney_sdma.bin'
'/lib/firmware/amdgpu/vega12_me.bin' -> '/tmp/rear.hvWqMGkcXVEGC9y/rootfs/lib/firmware/amdgpu/vega12_me.bin'
'/lib/firmware/amdgpu/stoney_uvd.bin' -> '/tmp/rear.hvWqMGkcXVEGC9y/rootfs/lib/firmware/amdgpu/stoney_uvd.bin'
'/lib/firmware/amdgpu/vega12_mec.bin' -> '/tmp/rear.hvWqMGkcXVEGC9y/rootfs/lib/firmware/amdgpu/vega12_mec.bin'
'/lib/firmware/amdgpu/stoney_vce.bin' -> '/tmp/rear.hvWqMGkcXVEGC9y/rootfs/lib/firmware/amdgpu/stoney_vce.bin'
'/lib/firmware/amdgpu/vega12_mec2.bin' -> '/tmp/rear.hvWqMGkcXVEGC9y/rootfs/lib/firmware/amdgpu/vega12_mec2.bin'
'/lib/firmware/amdgpu/tahiti_ce.bin' -> '/tmp/rear.hvWqMGkcXVEGC9y/rootfs/lib/firmware/amdgpu/tahiti_ce.bin'
'/lib/firmware/amdgpu/vega12_pfp.bin' -> '/tmp/rear.hvWqMGkcXVEGC9y/rootfs/lib/firmware/amdgpu/vega12_pfp.bin'
'/lib/firmware/amdgpu/tahiti_k_smc.bin' -> '/tmp/rear.hvWqMGkcXVEGC9y/rootfs/lib/firmware/amdgpu/tahiti_k_smc.bin'
'/lib/firmware/amdgpu/vega12_rlc.bin' -> '/tmp/rear.hvWqMGkcXVEGC9y/rootfs/lib/firmware/amdgpu/vega12_rlc.bin'
'/lib/firmware/amdgpu/tahiti_mc.bin' -> '/tmp/rear.hvWqMGkcXVEGC9y/rootfs/lib/firmware/amdgpu/tahiti_mc.bin'
'/lib/firmware/amdgpu/vega12_sdma.bin' -> '/tmp/rear.hvWqMGkcXVEGC9y/rootfs/lib/firmware/amdgpu/vega12_sdma.bin'
'/lib/firmware/amdgpu/tahiti_me.bin' -> '/tmp/rear.hvWqMGkcXVEGC9y/rootfs/lib/firmware/amdgpu/tahiti_me.bin'
'/lib/firmware/amdgpu/vega12_sdma1.bin' -> '/tmp/rear.hvWqMGkcXVEGC9y/rootfs/lib/firmware/amdgpu/vega12_sdma1.bin'
'/lib/firmware/amdgpu/tahiti_pfp.bin' -> '/tmp/rear.hvWqMGkcXVEGC9y/rootfs/lib/firmware/amdgpu/tahiti_pfp.bin'
'/lib/firmware/amdgpu/vega12_smc.bin' -> '/tmp/rear.hvWqMGkcXVEGC9y/rootfs/lib/firmware/amdgpu/vega12_smc.bin'
'/lib/firmware/amdgpu/tahiti_rlc.bin' -> '/tmp/rear.hvWqMGkcXVEGC9y/rootfs/lib/firmware/amdgpu/tahiti_rlc.bin'
'/lib/firmware/amdgpu/vega12_sos.bin' -> '/tmp/rear.hvWqMGkcXVEGC9y/rootfs/lib/firmware/amdgpu/vega12_sos.bin'
'/lib/firmware/amdgpu/tahiti_smc.bin' -> '/tmp/rear.hvWqMGkcXVEGC9y/rootfs/lib/firmware/amdgpu/tahiti_smc.bin'
'/lib/firmware/amdgpu/vega12_uvd.bin' -> '/tmp/rear.hvWqMGkcXVEGC9y/rootfs/lib/firmware/amdgpu/vega12_uvd.bin'
'/lib/firmware/amdgpu/tonga_ce.bin' -> '/tmp/rear.hvWqMGkcXVEGC9y/rootfs/lib/firmware/amdgpu/tonga_ce.bin'
'/lib/firmware/amdgpu/vega12_vce.bin' -> '/tmp/rear.hvWqMGkcXVEGC9y/rootfs/lib/firmware/amdgpu/vega12_vce.bin'
'/lib/firmware/amdgpu/tonga_k_smc.bin' -> '/tmp/rear.hvWqMGkcXVEGC9y/rootfs/lib/firmware/amdgpu/tonga_k_smc.bin'
'/lib/firmware/amdgpu/vega20_asd.bin' -> '/tmp/rear.hvWqMGkcXVEGC9y/rootfs/lib/firmware/amdgpu/vega20_asd.bin'
'/lib/firmware/amdgpu/tonga_mc.bin' -> '/tmp/rear.hvWqMGkcXVEGC9y/rootfs/lib/firmware/amdgpu/tonga_mc.bin'
'/lib/firmware/amdgpu/vega20_ce.bin' -> '/tmp/rear.hvWqMGkcXVEGC9y/rootfs/lib/firmware/amdgpu/vega20_ce.bin'
'/lib/firmware/amdgpu/tonga_me.bin' -> '/tmp/rear.hvWqMGkcXVEGC9y/rootfs/lib/firmware/amdgpu/tonga_me.bin'
'/lib/firmware/amdgpu/vega20_me.bin' -> '/tmp/rear.hvWqMGkcXVEGC9y/rootfs/lib/firmware/amdgpu/vega20_me.bin'
'/lib/firmware/amdgpu/tonga_mec.bin' -> '/tmp/rear.hvWqMGkcXVEGC9y/rootfs/lib/firmware/amdgpu/tonga_mec.bin'
'/lib/firmware/amdgpu/vega20_mec.bin' -> '/tmp/rear.hvWqMGkcXVEGC9y/rootfs/lib/firmware/amdgpu/vega20_mec.bin'
'/lib/firmware/amdgpu/tonga_mec2.bin' -> '/tmp/rear.hvWqMGkcXVEGC9y/rootfs/lib/firmware/amdgpu/tonga_mec2.bin'
'/lib/firmware/amdgpu/vega20_mec2.bin' -> '/tmp/rear.hvWqMGkcXVEGC9y/rootfs/lib/firmware/amdgpu/vega20_mec2.bin'
'/lib/firmware/amdgpu/tonga_pfp.bin' -> '/tmp/rear.hvWqMGkcXVEGC9y/rootfs/lib/firmware/amdgpu/tonga_pfp.bin'
'/lib/firmware/amdgpu/vega20_pfp.bin' -> '/tmp/rear.hvWqMGkcXVEGC9y/rootfs/lib/firmware/amdgpu/vega20_pfp.bin'
'/lib/firmware/amdgpu/tonga_rlc.bin' -> '/tmp/rear.hvWqMGkcXVEGC9y/rootfs/lib/firmware/amdgpu/tonga_rlc.bin'
'/lib/firmware/amdgpu/vega20_rlc.bin' -> '/tmp/rear.hvWqMGkcXVEGC9y/rootfs/lib/firmware/amdgpu/vega20_rlc.bin'
'/lib/firmware/amdgpu/tonga_sdma.bin' -> '/tmp/rear.hvWqMGkcXVEGC9y/rootfs/lib/firmware/amdgpu/tonga_sdma.bin'
'/lib/firmware/amdgpu/vega20_sdma.bin' -> '/tmp/rear.hvWqMGkcXVEGC9y/rootfs/lib/firmware/amdgpu/vega20_sdma.bin'
'/lib/firmware/amdgpu/tonga_sdma1.bin' -> '/tmp/rear.hvWqMGkcXVEGC9y/rootfs/lib/firmware/amdgpu/tonga_sdma1.bin'
'/lib/firmware/amdgpu/vega20_sdma1.bin' -> '/tmp/rear.hvWqMGkcXVEGC9y/rootfs/lib/firmware/amdgpu/vega20_sdma1.bin'
'/lib/firmware/amdgpu/tonga_smc.bin' -> '/tmp/rear.hvWqMGkcXVEGC9y/rootfs/lib/firmware/amdgpu/tonga_smc.bin'
'/lib/firmware/amdgpu/vega20_smc.bin' -> '/tmp/rear.hvWqMGkcXVEGC9y/rootfs/lib/firmware/amdgpu/vega20_smc.bin'
'/lib/firmware/amdgpu/tonga_uvd.bin' -> '/tmp/rear.hvWqMGkcXVEGC9y/rootfs/lib/firmware/amdgpu/tonga_uvd.bin'
'/lib/firmware/amdgpu/vega20_sos.bin' -> '/tmp/rear.hvWqMGkcXVEGC9y/rootfs/lib/firmware/amdgpu/vega20_sos.bin'
'/lib/firmware/amdgpu/tonga_vce.bin' -> '/tmp/rear.hvWqMGkcXVEGC9y/rootfs/lib/firmware/amdgpu/tonga_vce.bin'
'/lib/firmware/amdgpu/vega20_uvd.bin' -> '/tmp/rear.hvWqMGkcXVEGC9y/rootfs/lib/firmware/amdgpu/vega20_uvd.bin'
'/lib/firmware/amdgpu/topaz_ce.bin' -> '/tmp/rear.hvWqMGkcXVEGC9y/rootfs/lib/firmware/amdgpu/topaz_ce.bin'
'/lib/firmware/amdgpu/vega20_vce.bin' -> '/tmp/rear.hvWqMGkcXVEGC9y/rootfs/lib/firmware/amdgpu/vega20_vce.bin'
'/lib/firmware/amdgpu/topaz_k_smc.bin' -> '/tmp/rear.hvWqMGkcXVEGC9y/rootfs/lib/firmware/amdgpu/topaz_k_smc.bin'
'/lib/firmware/amdgpu/vegam_ce.bin' -> '/tmp/rear.hvWqMGkcXVEGC9y/rootfs/lib/firmware/amdgpu/vegam_ce.bin'
'/lib/firmware/amdgpu/topaz_mc.bin' -> '/tmp/rear.hvWqMGkcXVEGC9y/rootfs/lib/firmware/amdgpu/topaz_mc.bin'
'/lib/firmware/amdgpu/vegam_me.bin' -> '/tmp/rear.hvWqMGkcXVEGC9y/rootfs/lib/firmware/amdgpu/vegam_me.bin'
'/lib/firmware/amdgpu/topaz_me.bin' -> '/tmp/rear.hvWqMGkcXVEGC9y/rootfs/lib/firmware/amdgpu/topaz_me.bin'
'/lib/firmware/amdgpu/vegam_mec.bin' -> '/tmp/rear.hvWqMGkcXVEGC9y/rootfs/lib/firmware/amdgpu/vegam_mec.bin'
'/lib/firmware/amdgpu/topaz_mec.bin' -> '/tmp/rear.hvWqMGkcXVEGC9y/rootfs/lib/firmware/amdgpu/topaz_mec.bin'
'/lib/firmware/amdgpu/vegam_mec2.bin' -> '/tmp/rear.hvWqMGkcXVEGC9y/rootfs/lib/firmware/amdgpu/vegam_mec2.bin'
'/lib/firmware/amdgpu/topaz_mec2.bin' -> '/tmp/rear.hvWqMGkcXVEGC9y/rootfs/lib/firmware/amdgpu/topaz_mec2.bin'
'/lib/firmware/amdgpu/vegam_pfp.bin' -> '/tmp/rear.hvWqMGkcXVEGC9y/rootfs/lib/firmware/amdgpu/vegam_pfp.bin'
'/lib/firmware/amdgpu/topaz_pfp.bin' -> '/tmp/rear.hvWqMGkcXVEGC9y/rootfs/lib/firmware/amdgpu/topaz_pfp.bin'
'/lib/firmware/amdgpu/vegam_rlc.bin' -> '/tmp/rear.hvWqMGkcXVEGC9y/rootfs/lib/firmware/amdgpu/vegam_rlc.bin'
'/lib/firmware/amdgpu/topaz_rlc.bin' -> '/tmp/rear.hvWqMGkcXVEGC9y/rootfs/lib/firmware/amdgpu/topaz_rlc.bin'
'/lib/firmware/amdgpu/vegam_sdma.bin' -> '/tmp/rear.hvWqMGkcXVEGC9y/rootfs/lib/firmware/amdgpu/vegam_sdma.bin'
'/lib/firmware/amdgpu/topaz_sdma.bin' -> '/tmp/rear.hvWqMGkcXVEGC9y/rootfs/lib/firmware/amdgpu/topaz_sdma.bin'
'/lib/firmware/amdgpu/vegam_sdma1.bin' -> '/tmp/rear.hvWqMGkcXVEGC9y/rootfs/lib/firmware/amdgpu/vegam_sdma1.bin'
'/lib/firmware/amdgpu/topaz_sdma1.bin' -> '/tmp/rear.hvWqMGkcXVEGC9y/rootfs/lib/firmware/amdgpu/topaz_sdma1.bin'
'/lib/firmware/amdgpu/vegam_smc.bin' -> '/tmp/rear.hvWqMGkcXVEGC9y/rootfs/lib/firmware/amdgpu/vegam_smc.bin'
'/lib/firmware/amdgpu/topaz_smc.bin' -> '/tmp/rear.hvWqMGkcXVEGC9y/rootfs/lib/firmware/amdgpu/topaz_smc.bin'
'/lib/firmware/amdgpu/vegam_uvd.bin' -> '/tmp/rear.hvWqMGkcXVEGC9y/rootfs/lib/firmware/amdgpu/vegam_uvd.bin'
'/lib/firmware/amdgpu/vega10_acg_smc.bin' -> '/tmp/rear.hvWqMGkcXVEGC9y/rootfs/lib/firmware/amdgpu/vega10_acg_smc.bin'
'/lib/firmware/amdgpu/vegam_vce.bin' -> '/tmp/rear.hvWqMGkcXVEGC9y/rootfs/lib/firmware/amdgpu/vegam_vce.bin'
'/lib/firmware/amdgpu/vega10_asd.bin' -> '/tmp/rear.hvWqMGkcXVEGC9y/rootfs/lib/firmware/amdgpu/vega10_asd.bin'
'/lib/firmware/amdgpu/verde_ce.bin' -> '/tmp/rear.hvWqMGkcXVEGC9y/rootfs/lib/firmware/amdgpu/verde_ce.bin'
'/lib/firmware/amdgpu/vega10_ce.bin' -> '/tmp/rear.hvWqMGkcXVEGC9y/rootfs/lib/firmware/amdgpu/vega10_ce.bin'
'/lib/firmware/amdgpu/verde_k_smc.bin' -> '/tmp/rear.hvWqMGkcXVEGC9y/rootfs/lib/firmware/amdgpu/verde_k_smc.bin'
'/lib/firmware/amdgpu/vega10_gpu_info.bin' -> '/tmp/rear.hvWqMGkcXVEGC9y/rootfs/lib/firmware/amdgpu/vega10_gpu_info.bin'
'/lib/firmware/amdgpu/verde_mc.bin' -> '/tmp/rear.hvWqMGkcXVEGC9y/rootfs/lib/firmware/amdgpu/verde_mc.bin'
'/lib/firmware/amdgpu/vega10_me.bin' -> '/tmp/rear.hvWqMGkcXVEGC9y/rootfs/lib/firmware/amdgpu/vega10_me.bin'
'/lib/firmware/amdgpu/verde_me.bin' -> '/tmp/rear.hvWqMGkcXVEGC9y/rootfs/lib/firmware/amdgpu/verde_me.bin'
'/lib/firmware/amdgpu/vega10_mec.bin' -> '/tmp/rear.hvWqMGkcXVEGC9y/rootfs/lib/firmware/amdgpu/vega10_mec.bin'
'/lib/firmware/amdgpu/verde_pfp.bin' -> '/tmp/rear.hvWqMGkcXVEGC9y/rootfs/lib/firmware/amdgpu/verde_pfp.bin'
'/lib/firmware/amdgpu/vega10_mec2.bin' -> '/tmp/rear.hvWqMGkcXVEGC9y/rootfs/lib/firmware/amdgpu/vega10_mec2.bin'
'/lib/firmware/amdgpu/verde_rlc.bin' -> '/tmp/rear.hvWqMGkcXVEGC9y/rootfs/lib/firmware/amdgpu/verde_rlc.bin'
'/lib/firmware/amdgpu/vega10_pfp.bin' -> '/tmp/rear.hvWqMGkcXVEGC9y/rootfs/lib/firmware/amdgpu/vega10_pfp.bin'
'/lib/firmware/amdgpu/verde_smc.bin' -> '/tmp/rear.hvWqMGkcXVEGC9y/rootfs/lib/firmware/amdgpu/verde_smc.bin'
'/lib/firmware/amdgpu/vega10_rlc.bin' -> '/tmp/rear.hvWqMGkcXVEGC9y/rootfs/lib/firmware/amdgpu/vega10_rlc.bin'
'/lib/firmware/amdgpu/vega10_sdma.bin' -> '/tmp/rear.hvWqMGkcXVEGC9y/rootfs/lib/firmware/amdgpu/vega10_sdma.bin'
'/lib/firmware/amdgpu/vega10_sdma1.bin' -> '/tmp/rear.hvWqMGkcXVEGC9y/rootfs/lib/firmware/amdgpu/vega10_sdma1.bin'
'/lib/firmware/amdgpu/vega10_smc.bin' -> '/tmp/rear.hvWqMGkcXVEGC9y/rootfs/lib/firmware/amdgpu/vega10_smc.bin'
'/lib/firmware/amdgpu/vega10_sos.bin' -> '/tmp/rear.hvWqMGkcXVEGC9y/rootfs/lib/firmware/amdgpu/vega10_sos.bin'
'/lib/firmware/ar3k' -> '/tmp/rear.hvWqMGkcXVEGC9y/rootfs/lib/firmware/ar3k'
'/lib/firmware/ar3k/1020200' -> '/tmp/rear.hvWqMGkcXVEGC9y/rootfs/lib/firmware/ar3k/1020200'
'/lib/firmware/ar3k/1020200/PS_ASIC.pst' -> '/tmp/rear.hvWqMGkcXVEGC9y/rootfs/lib/firmware/ar3k/1020200/PS_ASIC.pst'
'/lib/firmware/ar3k/1020200/RamPatch.txt' -> '/tmp/rear.hvWqMGkcXVEGC9y/rootfs/lib/firmware/ar3k/1020200/RamPatch.txt'
'/lib/firmware/ar3k/1020200/ar3kbdaddr.pst' -> '/tmp/rear.hvWqMGkcXVEGC9y/rootfs/lib/firmware/ar3k/1020200/ar3kbdaddr.pst'
'/lib/firmware/ar3k/1020201' -> '/tmp/rear.hvWqMGkcXVEGC9y/rootfs/lib/firmware/ar3k/1020201'
'/lib/firmware/ar3k/1020201/PS_ASIC.pst' -> '/tmp/rear.hvWqMGkcXVEGC9y/rootfs/lib/firmware/ar3k/1020201/PS_ASIC.pst'
'/lib/firmware/ar3k/1020201/RamPatch.txt' -> '/tmp/rear.hvWqMGkcXVEGC9y/rootfs/lib/firmware/ar3k/1020201/RamPatch.txt'
'/lib/firmware/ar3k/1020201coex' -> '/tmp/rear.hvWqMGkcXVEGC9y/rootfs/lib/firmware/ar3k/1020201coex'
'/lib/firmware/ar3k/1020201coex/ramps_0x01020201_26_HighPriority.dfu' -> '/tmp/rear.hvWqMGkcXVEGC9y/rootfs/lib/firmware/ar3k/1020201coex/ramps_0x01020201_26_HighPriority.dfu'
'/lib/firmware/ar3k/30000' -> '/tmp/rear.hvWqMGkcXVEGC9y/rootfs/lib/firmware/ar3k/30000'
'/lib/firmware/ar3k/30000/PS_ASIC.pst' -> '/tmp/rear.hvWqMGkcXVEGC9y/rootfs/lib/firmware/ar3k/30000/PS_ASIC.pst'
'/lib/firmware/ar3k/30000/RamPatch.txt' -> '/tmp/rear.hvWqMGkcXVEGC9y/rootfs/lib/firmware/ar3k/30000/RamPatch.txt'
'/lib/firmware/ar3k/30000/ar3kbdaddr.pst' -> '/tmp/rear.hvWqMGkcXVEGC9y/rootfs/lib/firmware/ar3k/30000/ar3kbdaddr.pst'
'/lib/firmware/ar3k/30101' -> '/tmp/rear.hvWqMGkcXVEGC9y/rootfs/lib/firmware/ar3k/30101'
'/lib/firmware/ar3k/30101/PS_ASIC.pst' -> '/tmp/rear.hvWqMGkcXVEGC9y/rootfs/lib/firmware/ar3k/30101/PS_ASIC.pst'
'/lib/firmware/ar3k/30101/RamPatch.txt' -> '/tmp/rear.hvWqMGkcXVEGC9y/rootfs/lib/firmware/ar3k/30101/RamPatch.txt'
'/lib/firmware/ar3k/30101/ar3kbdaddr.pst' -> '/tmp/rear.hvWqMGkcXVEGC9y/rootfs/lib/firmware/ar3k/30101/ar3kbdaddr.pst'
'/lib/firmware/ar3k/30101coex' -> '/tmp/rear.hvWqMGkcXVEGC9y/rootfs/lib/firmware/ar3k/30101coex'
'/lib/firmware/ar3k/30101coex/PS_ASIC.pst' -> '/tmp/rear.hvWqMGkcXVEGC9y/rootfs/lib/firmware/ar3k/30101coex/PS_ASIC.pst'
'/lib/firmware/ar3k/30101coex/PS_ASIC_aclHighPri.pst' -> '/tmp/rear.hvWqMGkcXVEGC9y/rootfs/lib/firmware/ar3k/30101coex/PS_ASIC_aclHighPri.pst'
'/lib/firmware/ar3k/30101coex/PS_ASIC_aclLowPri.pst' -> '/tmp/rear.hvWqMGkcXVEGC9y/rootfs/lib/firmware/ar3k/30101coex/PS_ASIC_aclLowPri.pst'
'/lib/firmware/ar3k/30101coex/RamPatch.txt' -> '/tmp/rear.hvWqMGkcXVEGC9y/rootfs/lib/firmware/ar3k/30101coex/RamPatch.txt'
'/lib/firmware/ar3k/30101coex/ar3kbdaddr.pst' -> '/tmp/rear.hvWqMGkcXVEGC9y/rootfs/lib/firmware/ar3k/30101coex/ar3kbdaddr.pst'
'/lib/firmware/ar3k/AthrBT_0x01020001.dfu' -> '/tmp/rear.hvWqMGkcXVEGC9y/rootfs/lib/firmware/ar3k/AthrBT_0x01020001.dfu'
'/lib/firmware/ar3k/AthrBT_0x01020200.dfu' -> '/tmp/rear.hvWqMGkcXVEGC9y/rootfs/lib/firmware/ar3k/AthrBT_0x01020200.dfu'
'/lib/firmware/ar3k/AthrBT_0x01020201.dfu' -> '/tmp/rear.hvWqMGkcXVEGC9y/rootfs/lib/firmware/ar3k/AthrBT_0x01020201.dfu'
'/lib/firmware/ar3k/AthrBT_0x11020000.dfu' -> '/tmp/rear.hvWqMGkcXVEGC9y/rootfs/lib/firmware/ar3k/AthrBT_0x11020000.dfu'
'/lib/firmware/ar3k/AthrBT_0x11020100.dfu' -> '/tmp/rear.hvWqMGkcXVEGC9y/rootfs/lib/firmware/ar3k/AthrBT_0x11020100.dfu'
'/lib/firmware/ar3k/AthrBT_0x31010000.dfu' -> '/tmp/rear.hvWqMGkcXVEGC9y/rootfs/lib/firmware/ar3k/AthrBT_0x31010000.dfu'
'/lib/firmware/ar3k/AthrBT_0x31010100.dfu' -> '/tmp/rear.hvWqMGkcXVEGC9y/rootfs/lib/firmware/ar3k/AthrBT_0x31010100.dfu'
'/lib/firmware/ar3k/AthrBT_0x41020000.dfu' -> '/tmp/rear.hvWqMGkcXVEGC9y/rootfs/lib/firmware/ar3k/AthrBT_0x41020000.dfu'
'/lib/firmware/ar3k/ramps_0x01020001_26.dfu' -> '/tmp/rear.hvWqMGkcXVEGC9y/rootfs/lib/firmware/ar3k/ramps_0x01020001_26.dfu'
'/lib/firmware/ar3k/ramps_0x01020200_26.dfu' -> '/tmp/rear.hvWqMGkcXVEGC9y/rootfs/lib/firmware/ar3k/ramps_0x01020200_26.dfu'
'/lib/firmware/ar3k/ramps_0x01020200_40.dfu' -> '/tmp/rear.hvWqMGkcXVEGC9y/rootfs/lib/firmware/ar3k/ramps_0x01020200_40.dfu'
'/lib/firmware/ar3k/ramps_0x01020201_26.dfu' -> '/tmp/rear.hvWqMGkcXVEGC9y/rootfs/lib/firmware/ar3k/ramps_0x01020201_26.dfu'
'/lib/firmware/ar3k/ramps_0x01020201_40.dfu' -> '/tmp/rear.hvWqMGkcXVEGC9y/rootfs/lib/firmware/ar3k/ramps_0x01020201_40.dfu'
'/lib/firmware/ar3k/ramps_0x11020000_40.dfu' -> '/tmp/rear.hvWqMGkcXVEGC9y/rootfs/lib/firmware/ar3k/ramps_0x11020000_40.dfu'
'/lib/firmware/ar3k/ramps_0x11020100_40.dfu' -> '/tmp/rear.hvWqMGkcXVEGC9y/rootfs/lib/firmware/ar3k/ramps_0x11020100_40.dfu'
'/lib/firmware/ar3k/ramps_0x31010000_40.dfu' -> '/tmp/rear.hvWqMGkcXVEGC9y/rootfs/lib/firmware/ar3k/ramps_0x31010000_40.dfu'
'/lib/firmware/ar3k/ramps_0x31010100_40.dfu' -> '/tmp/rear.hvWqMGkcXVEGC9y/rootfs/lib/firmware/ar3k/ramps_0x31010100_40.dfu'
'/lib/firmware/ar3k/ramps_0x41020000_40.dfu' -> '/tmp/rear.hvWqMGkcXVEGC9y/rootfs/lib/firmware/ar3k/ramps_0x41020000_40.dfu'
'/lib/firmware/mts_mt9234mu.fw' -> '/tmp/rear.hvWqMGkcXVEGC9y/rootfs/lib/firmware/mts_mt9234mu.fw'
'/lib/firmware/ar5523.bin' -> '/tmp/rear.hvWqMGkcXVEGC9y/rootfs/lib/firmware/ar5523.bin'
'/lib/firmware/mts_mt9234zba.fw' -> '/tmp/rear.hvWqMGkcXVEGC9y/rootfs/lib/firmware/mts_mt9234zba.fw'
'/lib/firmware/ar7010.fw' -> '/tmp/rear.hvWqMGkcXVEGC9y/rootfs/lib/firmware/ar7010.fw'
'/lib/firmware/keyspan' -> '/tmp/rear.hvWqMGkcXVEGC9y/rootfs/lib/firmware/keyspan'
'/lib/firmware/keyspan/mpr.fw' -> '/tmp/rear.hvWqMGkcXVEGC9y/rootfs/lib/firmware/keyspan/mpr.fw'
'/lib/firmware/keyspan/usa18x.fw' -> '/tmp/rear.hvWqMGkcXVEGC9y/rootfs/lib/firmware/keyspan/usa18x.fw'
'/lib/firmware/keyspan/usa19.fw' -> '/tmp/rear.hvWqMGkcXVEGC9y/rootfs/lib/firmware/keyspan/usa19.fw'
'/lib/firmware/keyspan/usa19qi.fw' -> '/tmp/rear.hvWqMGkcXVEGC9y/rootfs/lib/firmware/keyspan/usa19qi.fw'
'/lib/firmware/keyspan/usa19qw.fw' -> '/tmp/rear.hvWqMGkcXVEGC9y/rootfs/lib/firmware/keyspan/usa19qw.fw'
'/lib/firmware/keyspan/usa19w.fw' -> '/tmp/rear.hvWqMGkcXVEGC9y/rootfs/lib/firmware/keyspan/usa19w.fw'
'/lib/firmware/keyspan/usa28.fw' -> '/tmp/rear.hvWqMGkcXVEGC9y/rootfs/lib/firmware/keyspan/usa28.fw'
'/lib/firmware/keyspan/usa28x.fw' -> '/tmp/rear.hvWqMGkcXVEGC9y/rootfs/lib/firmware/keyspan/usa28x.fw'
'/lib/firmware/keyspan/usa28xa.fw' -> '/tmp/rear.hvWqMGkcXVEGC9y/rootfs/lib/firmware/keyspan/usa28xa.fw'
'/lib/firmware/keyspan/usa28xb.fw' -> '/tmp/rear.hvWqMGkcXVEGC9y/rootfs/lib/firmware/keyspan/usa28xb.fw'
'/lib/firmware/keyspan/usa49w.fw' -> '/tmp/rear.hvWqMGkcXVEGC9y/rootfs/lib/firmware/keyspan/usa49w.fw'
'/lib/firmware/keyspan/usa49wlc.fw' -> '/tmp/rear.hvWqMGkcXVEGC9y/rootfs/lib/firmware/keyspan/usa49wlc.fw'
'/lib/firmware/sun' -> '/tmp/rear.hvWqMGkcXVEGC9y/rootfs/lib/firmware/sun'
'/lib/firmware/sun/cassini.bin' -> '/tmp/rear.hvWqMGkcXVEGC9y/rootfs/lib/firmware/sun/cassini.bin'
'/lib/firmware/ar7010_1_1.fw' -> '/tmp/rear.hvWqMGkcXVEGC9y/rootfs/lib/firmware/ar7010_1_1.fw'
'/lib/firmware/myri10ge_eth_z8e.dat' -> '/tmp/rear.hvWqMGkcXVEGC9y/rootfs/lib/firmware/myri10ge_eth_z8e.dat'
'/lib/firmware/ar9170-1.fw' -> '/tmp/rear.hvWqMGkcXVEGC9y/rootfs/lib/firmware/ar9170-1.fw'
'/lib/firmware/myricom' -> '/tmp/rear.hvWqMGkcXVEGC9y/rootfs/lib/firmware/myricom'
'/lib/firmware/myricom/lanai.bin' -> '/tmp/rear.hvWqMGkcXVEGC9y/rootfs/lib/firmware/myricom/lanai.bin'
'/lib/firmware/ar9170-2.fw' -> '/tmp/rear.hvWqMGkcXVEGC9y/rootfs/lib/firmware/ar9170-2.fw'
'/lib/firmware/netronome' -> '/tmp/rear.hvWqMGkcXVEGC9y/rootfs/lib/firmware/netronome'
'/lib/firmware/netronome/bpf' -> '/tmp/rear.hvWqMGkcXVEGC9y/rootfs/lib/firmware/netronome/bpf'
'/lib/firmware/netronome/bpf/nic_AMDA0058-0011_2x40.nffw' -> '/tmp/rear.hvWqMGkcXVEGC9y/rootfs/lib/firmware/netronome/bpf/nic_AMDA0058-0011_2x40.nffw'
'/lib/firmware/netronome/bpf/nic_AMDA0058-0012_2x40.nffw' -> '/tmp/rear.hvWqMGkcXVEGC9y/rootfs/lib/firmware/netronome/bpf/nic_AMDA0058-0012_2x40.nffw'
'/lib/firmware/netronome/bpf/nic_AMDA0078-0011_1x100.nffw' -> '/tmp/rear.hvWqMGkcXVEGC9y/rootfs/lib/firmware/netronome/bpf/nic_AMDA0078-0011_1x100.nffw'
'/lib/firmware/netronome/bpf/nic_AMDA0081-0001_1x40.nffw' -> '/tmp/rear.hvWqMGkcXVEGC9y/rootfs/lib/firmware/netronome/bpf/nic_AMDA0081-0001_1x40.nffw'
'/lib/firmware/netronome/bpf/nic_AMDA0081-0001_4x10.nffw' -> '/tmp/rear.hvWqMGkcXVEGC9y/rootfs/lib/firmware/netronome/bpf/nic_AMDA0081-0001_4x10.nffw'
'/lib/firmware/netronome/bpf/nic_AMDA0096-0001_2x10.nffw' -> '/tmp/rear.hvWqMGkcXVEGC9y/rootfs/lib/firmware/netronome/bpf/nic_AMDA0096-0001_2x10.nffw'
'/lib/firmware/netronome/bpf/nic_AMDA0097-0001_2x40.nffw' -> '/tmp/rear.hvWqMGkcXVEGC9y/rootfs/lib/firmware/netronome/bpf/nic_AMDA0097-0001_2x40.nffw'
'/lib/firmware/netronome/bpf/nic_AMDA0097-0001_4x10_1x40.nffw' -> '/tmp/rear.hvWqMGkcXVEGC9y/rootfs/lib/firmware/netronome/bpf/nic_AMDA0097-0001_4x10_1x40.nffw'
'/lib/firmware/netronome/bpf/nic_AMDA0097-0001_8x10.nffw' -> '/tmp/rear.hvWqMGkcXVEGC9y/rootfs/lib/firmware/netronome/bpf/nic_AMDA0097-0001_8x10.nffw'
'/lib/firmware/netronome/bpf/nic_AMDA0099-0001_1x10_1x25.nffw' -> '/tmp/rear.hvWqMGkcXVEGC9y/rootfs/lib/firmware/netronome/bpf/nic_AMDA0099-0001_1x10_1x25.nffw'
'/lib/firmware/netronome/bpf/nic_AMDA0099-0001_2x10.nffw' -> '/tmp/rear.hvWqMGkcXVEGC9y/rootfs/lib/firmware/netronome/bpf/nic_AMDA0099-0001_2x10.nffw'
'/lib/firmware/netronome/bpf/nic_AMDA0099-0001_2x25.nffw' -> '/tmp/rear.hvWqMGkcXVEGC9y/rootfs/lib/firmware/netronome/bpf/nic_AMDA0099-0001_2x25.nffw'
'/lib/firmware/netronome/flower' -> '/tmp/rear.hvWqMGkcXVEGC9y/rootfs/lib/firmware/netronome/flower'
'/lib/firmware/netronome/flower/nic_AMDA0058-0011_1x100.nffw' -> '/tmp/rear.hvWqMGkcXVEGC9y/rootfs/lib/firmware/netronome/flower/nic_AMDA0058-0011_1x100.nffw'
'/lib/firmware/netronome/flower/nic_AMDA0058-0011_2x40.nffw' -> '/tmp/rear.hvWqMGkcXVEGC9y/rootfs/lib/firmware/netronome/flower/nic_AMDA0058-0011_2x40.nffw'
'/lib/firmware/netronome/flower/nic_AMDA0058-0011_4x10_1x40.nffw' -> '/tmp/rear.hvWqMGkcXVEGC9y/rootfs/lib/firmware/netronome/flower/nic_AMDA0058-0011_4x10_1x40.nffw'
'/lib/firmware/netronome/flower/nic_AMDA0058-0011_8x10.nffw' -> '/tmp/rear.hvWqMGkcXVEGC9y/rootfs/lib/firmware/netronome/flower/nic_AMDA0058-0011_8x10.nffw'
'/lib/firmware/netronome/flower/nic_AMDA0058-0012_1x100.nffw' -> '/tmp/rear.hvWqMGkcXVEGC9y/rootfs/lib/firmware/netronome/flower/nic_AMDA0058-0012_1x100.nffw'
'/lib/firmware/netronome/flower/nic_AMDA0058-0012_2x40.nffw' -> '/tmp/rear.hvWqMGkcXVEGC9y/rootfs/lib/firmware/netronome/flower/nic_AMDA0058-0012_2x40.nffw'
'/lib/firmware/netronome/flower/nic_AMDA0058-0012_4x10_1x40.nffw' -> '/tmp/rear.hvWqMGkcXVEGC9y/rootfs/lib/firmware/netronome/flower/nic_AMDA0058-0012_4x10_1x40.nffw'
'/lib/firmware/netronome/flower/nic_AMDA0058-0012_8x10.nffw' -> '/tmp/rear.hvWqMGkcXVEGC9y/rootfs/lib/firmware/netronome/flower/nic_AMDA0058-0012_8x10.nffw'
'/lib/firmware/netronome/flower/nic_AMDA0058.nffw' -> '/tmp/rear.hvWqMGkcXVEGC9y/rootfs/lib/firmware/netronome/flower/nic_AMDA0058.nffw'
'/lib/firmware/netronome/flower/nic_AMDA0078-0011_1x100.nffw' -> '/tmp/rear.hvWqMGkcXVEGC9y/rootfs/lib/firmware/netronome/flower/nic_AMDA0078-0011_1x100.nffw'
'/lib/firmware/netronome/flower/nic_AMDA0078-0011_2x40.nffw' -> '/tmp/rear.hvWqMGkcXVEGC9y/rootfs/lib/firmware/netronome/flower/nic_AMDA0078-0011_2x40.nffw'
'/lib/firmware/netronome/flower/nic_AMDA0078-0011_4x10_1x40.nffw' -> '/tmp/rear.hvWqMGkcXVEGC9y/rootfs/lib/firmware/netronome/flower/nic_AMDA0078-0011_4x10_1x40.nffw'
'/lib/firmware/netronome/flower/nic_AMDA0078-0011_8x10.nffw' -> '/tmp/rear.hvWqMGkcXVEGC9y/rootfs/lib/firmware/netronome/flower/nic_AMDA0078-0011_8x10.nffw'
'/lib/firmware/netronome/flower/nic_AMDA0078-0012_1x100.nffw' -> '/tmp/rear.hvWqMGkcXVEGC9y/rootfs/lib/firmware/netronome/flower/nic_AMDA0078-0012_1x100.nffw'
'/lib/firmware/netronome/flower/nic_AMDA0078-0012_2x40.nffw' -> '/tmp/rear.hvWqMGkcXVEGC9y/rootfs/lib/firmware/netronome/flower/nic_AMDA0078-0012_2x40.nffw'
'/lib/firmware/netronome/flower/nic_AMDA0078-0012_4x10_1x40.nffw' -> '/tmp/rear.hvWqMGkcXVEGC9y/rootfs/lib/firmware/netronome/flower/nic_AMDA0078-0012_4x10_1x40.nffw'
'/lib/firmware/netronome/flower/nic_AMDA0078-0012_8x10.nffw' -> '/tmp/rear.hvWqMGkcXVEGC9y/rootfs/lib/firmware/netronome/flower/nic_AMDA0078-0012_8x10.nffw'
'/lib/firmware/netronome/flower/nic_AMDA0081-0001_1x40.nffw' -> '/tmp/rear.hvWqMGkcXVEGC9y/rootfs/lib/firmware/netronome/flower/nic_AMDA0081-0001_1x40.nffw'
'/lib/firmware/netronome/flower/nic_AMDA0081-0001_4x10.nffw' -> '/tmp/rear.hvWqMGkcXVEGC9y/rootfs/lib/firmware/netronome/flower/nic_AMDA0081-0001_4x10.nffw'
'/lib/firmware/netronome/flower/nic_AMDA0081.nffw' -> '/tmp/rear.hvWqMGkcXVEGC9y/rootfs/lib/firmware/netronome/flower/nic_AMDA0081.nffw'
'/lib/firmware/netronome/flower/nic_AMDA0096-0001_2x10.nffw' -> '/tmp/rear.hvWqMGkcXVEGC9y/rootfs/lib/firmware/netronome/flower/nic_AMDA0096-0001_2x10.nffw'
'/lib/firmware/netronome/flower/nic_AMDA0096.nffw' -> '/tmp/rear.hvWqMGkcXVEGC9y/rootfs/lib/firmware/netronome/flower/nic_AMDA0096.nffw'
'/lib/firmware/netronome/flower/nic_AMDA0097-0001_2x40.nffw' -> '/tmp/rear.hvWqMGkcXVEGC9y/rootfs/lib/firmware/netronome/flower/nic_AMDA0097-0001_2x40.nffw'
'/lib/firmware/netronome/flower/nic_AMDA0097-0001_4x10_1x40.nffw' -> '/tmp/rear.hvWqMGkcXVEGC9y/rootfs/lib/firmware/netronome/flower/nic_AMDA0097-0001_4x10_1x40.nffw'
'/lib/firmware/netronome/flower/nic_AMDA0097-0001_8x10.nffw' -> '/tmp/rear.hvWqMGkcXVEGC9y/rootfs/lib/firmware/netronome/flower/nic_AMDA0097-0001_8x10.nffw'
'/lib/firmware/netronome/flower/nic_AMDA0097.nffw' -> '/tmp/rear.hvWqMGkcXVEGC9y/rootfs/lib/firmware/netronome/flower/nic_AMDA0097.nffw'
'/lib/firmware/netronome/flower/nic_AMDA0099-0001_1x10_1x25.nffw' -> '/tmp/rear.hvWqMGkcXVEGC9y/rootfs/lib/firmware/netronome/flower/nic_AMDA0099-0001_1x10_1x25.nffw'
'/lib/firmware/netronome/flower/nic_AMDA0099-0001_2x10.nffw' -> '/tmp/rear.hvWqMGkcXVEGC9y/rootfs/lib/firmware/netronome/flower/nic_AMDA0099-0001_2x10.nffw'
'/lib/firmware/netronome/flower/nic_AMDA0099-0001_2x25.nffw' -> '/tmp/rear.hvWqMGkcXVEGC9y/rootfs/lib/firmware/netronome/flower/nic_AMDA0099-0001_2x25.nffw'
'/lib/firmware/netronome/flower/nic_AMDA0099.nffw' -> '/tmp/rear.hvWqMGkcXVEGC9y/rootfs/lib/firmware/netronome/flower/nic_AMDA0099.nffw'
'/lib/firmware/netronome/nic' -> '/tmp/rear.hvWqMGkcXVEGC9y/rootfs/lib/firmware/netronome/nic'
'/lib/firmware/netronome/nic/nic_AMDA0058-0011_2x40.nffw' -> '/tmp/rear.hvWqMGkcXVEGC9y/rootfs/lib/firmware/netronome/nic/nic_AMDA0058-0011_2x40.nffw'
'/lib/firmware/netronome/nic/nic_AMDA0058-0012_2x40.nffw' -> '/tmp/rear.hvWqMGkcXVEGC9y/rootfs/lib/firmware/netronome/nic/nic_AMDA0058-0012_2x40.nffw'
'/lib/firmware/netronome/nic/nic_AMDA0078-0011_1x100.nffw' -> '/tmp/rear.hvWqMGkcXVEGC9y/rootfs/lib/firmware/netronome/nic/nic_AMDA0078-0011_1x100.nffw'
'/lib/firmware/netronome/nic/nic_AMDA0081-0001_1x40.nffw' -> '/tmp/rear.hvWqMGkcXVEGC9y/rootfs/lib/firmware/netronome/nic/nic_AMDA0081-0001_1x40.nffw'
'/lib/firmware/netronome/nic/nic_AMDA0081-0001_4x10.nffw' -> '/tmp/rear.hvWqMGkcXVEGC9y/rootfs/lib/firmware/netronome/nic/nic_AMDA0081-0001_4x10.nffw'
'/lib/firmware/netronome/nic/nic_AMDA0096-0001_2x10.nffw' -> '/tmp/rear.hvWqMGkcXVEGC9y/rootfs/lib/firmware/netronome/nic/nic_AMDA0096-0001_2x10.nffw'
'/lib/firmware/netronome/nic/nic_AMDA0097-0001_2x40.nffw' -> '/tmp/rear.hvWqMGkcXVEGC9y/rootfs/lib/firmware/netronome/nic/nic_AMDA0097-0001_2x40.nffw'
'/lib/firmware/netronome/nic/nic_AMDA0097-0001_4x10_1x40.nffw' -> '/tmp/rear.hvWqMGkcXVEGC9y/rootfs/lib/firmware/netronome/nic/nic_AMDA0097-0001_4x10_1x40.nffw'
'/lib/firmware/netronome/nic/nic_AMDA0097-0001_8x10.nffw' -> '/tmp/rear.hvWqMGkcXVEGC9y/rootfs/lib/firmware/netronome/nic/nic_AMDA0097-0001_8x10.nffw'
'/lib/firmware/netronome/nic/nic_AMDA0099-0001_1x10_1x25.nffw' -> '/tmp/rear.hvWqMGkcXVEGC9y/rootfs/lib/firmware/netronome/nic/nic_AMDA0099-0001_1x10_1x25.nffw'
'/lib/firmware/netronome/nic/nic_AMDA0099-0001_2x10.nffw' -> '/tmp/rear.hvWqMGkcXVEGC9y/rootfs/lib/firmware/netronome/nic/nic_AMDA0099-0001_2x10.nffw'
'/lib/firmware/netronome/nic/nic_AMDA0099-0001_2x25.nffw' -> '/tmp/rear.hvWqMGkcXVEGC9y/rootfs/lib/firmware/netronome/nic/nic_AMDA0099-0001_2x25.nffw'
'/lib/firmware/netronome/nic-sriov' -> '/tmp/rear.hvWqMGkcXVEGC9y/rootfs/lib/firmware/netronome/nic-sriov'
'/lib/firmware/netronome/nic-sriov/nic_AMDA0058-0011_2x40.nffw' -> '/tmp/rear.hvWqMGkcXVEGC9y/rootfs/lib/firmware/netronome/nic-sriov/nic_AMDA0058-0011_2x40.nffw'
'/lib/firmware/netronome/nic-sriov/nic_AMDA0058-0012_2x40.nffw' -> '/tmp/rear.hvWqMGkcXVEGC9y/rootfs/lib/firmware/netronome/nic-sriov/nic_AMDA0058-0012_2x40.nffw'
'/lib/firmware/netronome/nic-sriov/nic_AMDA0078-0011_1x100.nffw' -> '/tmp/rear.hvWqMGkcXVEGC9y/rootfs/lib/firmware/netronome/nic-sriov/nic_AMDA0078-0011_1x100.nffw'
'/lib/firmware/netronome/nic-sriov/nic_AMDA0081-0001_1x40.nffw' -> '/tmp/rear.hvWqMGkcXVEGC9y/rootfs/lib/firmware/netronome/nic-sriov/nic_AMDA0081-0001_1x40.nffw'
'/lib/firmware/netronome/nic-sriov/nic_AMDA0081-0001_4x10.nffw' -> '/tmp/rear.hvWqMGkcXVEGC9y/rootfs/lib/firmware/netronome/nic-sriov/nic_AMDA0081-0001_4x10.nffw'
'/lib/firmware/netronome/nic-sriov/nic_AMDA0096-0001_2x10.nffw' -> '/tmp/rear.hvWqMGkcXVEGC9y/rootfs/lib/firmware/netronome/nic-sriov/nic_AMDA0096-0001_2x10.nffw'
'/lib/firmware/netronome/nic-sriov/nic_AMDA0097-0001_2x40.nffw' -> '/tmp/rear.hvWqMGkcXVEGC9y/rootfs/lib/firmware/netronome/nic-sriov/nic_AMDA0097-0001_2x40.nffw'
'/lib/firmware/netronome/nic-sriov/nic_AMDA0097-0001_4x10_1x40.nffw' -> '/tmp/rear.hvWqMGkcXVEGC9y/rootfs/lib/firmware/netronome/nic-sriov/nic_AMDA0097-0001_4x10_1x40.nffw'
'/lib/firmware/netronome/nic-sriov/nic_AMDA0097-0001_8x10.nffw' -> '/tmp/rear.hvWqMGkcXVEGC9y/rootfs/lib/firmware/netronome/nic-sriov/nic_AMDA0097-0001_8x10.nffw'
'/lib/firmware/netronome/nic-sriov/nic_AMDA0099-0001_1x10_1x25.nffw' -> '/tmp/rear.hvWqMGkcXVEGC9y/rootfs/lib/firmware/netronome/nic-sriov/nic_AMDA0099-0001_1x10_1x25.nffw'
'/lib/firmware/netronome/nic-sriov/nic_AMDA0099-0001_2x10.nffw' -> '/tmp/rear.hvWqMGkcXVEGC9y/rootfs/lib/firmware/netronome/nic-sriov/nic_AMDA0099-0001_2x10.nffw'
'/lib/firmware/netronome/nic-sriov/nic_AMDA0099-0001_2x25.nffw' -> '/tmp/rear.hvWqMGkcXVEGC9y/rootfs/lib/firmware/netronome/nic-sriov/nic_AMDA0099-0001_2x25.nffw'
'/lib/firmware/netronome/nic_AMDA0058-0011_2x40.nffw' -> '/tmp/rear.hvWqMGkcXVEGC9y/rootfs/lib/firmware/netronome/nic_AMDA0058-0011_2x40.nffw'
'/lib/firmware/netronome/nic_AMDA0058-0012_2x40.nffw' -> '/tmp/rear.hvWqMGkcXVEGC9y/rootfs/lib/firmware/netronome/nic_AMDA0058-0012_2x40.nffw'
'/lib/firmware/netronome/nic_AMDA0078-0011_1x100.nffw' -> '/tmp/rear.hvWqMGkcXVEGC9y/rootfs/lib/firmware/netronome/nic_AMDA0078-0011_1x100.nffw'
'/lib/firmware/netronome/nic_AMDA0081-0001_1x40.nffw' -> '/tmp/rear.hvWqMGkcXVEGC9y/rootfs/lib/firmware/netronome/nic_AMDA0081-0001_1x40.nffw'
'/lib/firmware/netronome/nic_AMDA0081-0001_4x10.nffw' -> '/tmp/rear.hvWqMGkcXVEGC9y/rootfs/lib/firmware/netronome/nic_AMDA0081-0001_4x10.nffw'
'/lib/firmware/netronome/nic_AMDA0096-0001_2x10.nffw' -> '/tmp/rear.hvWqMGkcXVEGC9y/rootfs/lib/firmware/netronome/nic_AMDA0096-0001_2x10.nffw'
'/lib/firmware/netronome/nic_AMDA0097-0001_2x40.nffw' -> '/tmp/rear.hvWqMGkcXVEGC9y/rootfs/lib/firmware/netronome/nic_AMDA0097-0001_2x40.nffw'
'/lib/firmware/netronome/nic_AMDA0097-0001_4x10_1x40.nffw' -> '/tmp/rear.hvWqMGkcXVEGC9y/rootfs/lib/firmware/netronome/nic_AMDA0097-0001_4x10_1x40.nffw'
'/lib/firmware/netronome/nic_AMDA0097-0001_8x10.nffw' -> '/tmp/rear.hvWqMGkcXVEGC9y/rootfs/lib/firmware/netronome/nic_AMDA0097-0001_8x10.nffw'
'/lib/firmware/netronome/nic_AMDA0099-0001_1x10_1x25.nffw' -> '/tmp/rear.hvWqMGkcXVEGC9y/rootfs/lib/firmware/netronome/nic_AMDA0099-0001_1x10_1x25.nffw'
'/lib/firmware/netronome/nic_AMDA0099-0001_2x10.nffw' -> '/tmp/rear.hvWqMGkcXVEGC9y/rootfs/lib/firmware/netronome/nic_AMDA0099-0001_2x10.nffw'
'/lib/firmware/netronome/nic_AMDA0099-0001_2x25.nffw' -> '/tmp/rear.hvWqMGkcXVEGC9y/rootfs/lib/firmware/netronome/nic_AMDA0099-0001_2x25.nffw'
'/lib/firmware/ar9271.fw' -> '/tmp/rear.hvWqMGkcXVEGC9y/rootfs/lib/firmware/ar9271.fw'
'/lib/firmware/isdbt_rio.inp' -> '/tmp/rear.hvWqMGkcXVEGC9y/rootfs/lib/firmware/isdbt_rio.inp'
'/lib/firmware/as102_data1_st.hex' -> '/tmp/rear.hvWqMGkcXVEGC9y/rootfs/lib/firmware/as102_data1_st.hex'
'/lib/firmware/kaweth' -> '/tmp/rear.hvWqMGkcXVEGC9y/rootfs/lib/firmware/kaweth'
'/lib/firmware/kaweth/new_code.bin' -> '/tmp/rear.hvWqMGkcXVEGC9y/rootfs/lib/firmware/kaweth/new_code.bin'
'/lib/firmware/kaweth/new_code_fix.bin' -> '/tmp/rear.hvWqMGkcXVEGC9y/rootfs/lib/firmware/kaweth/new_code_fix.bin'
'/lib/firmware/kaweth/trigger_code.bin' -> '/tmp/rear.hvWqMGkcXVEGC9y/rootfs/lib/firmware/kaweth/trigger_code.bin'
'/lib/firmware/kaweth/trigger_code_fix.bin' -> '/tmp/rear.hvWqMGkcXVEGC9y/rootfs/lib/firmware/kaweth/trigger_code_fix.bin'
'/lib/firmware/sxg' -> '/tmp/rear.hvWqMGkcXVEGC9y/rootfs/lib/firmware/sxg'
'/lib/firmware/sxg/saharadbgdownloadB.sys' -> '/tmp/rear.hvWqMGkcXVEGC9y/rootfs/lib/firmware/sxg/saharadbgdownloadB.sys'
'/lib/firmware/sxg/saharadownloadB.sys' -> '/tmp/rear.hvWqMGkcXVEGC9y/rootfs/lib/firmware/sxg/saharadownloadB.sys'
'/lib/firmware/as102_data2_st.hex' -> '/tmp/rear.hvWqMGkcXVEGC9y/rootfs/lib/firmware/as102_data2_st.hex'
'/lib/firmware/ath10k' -> '/tmp/rear.hvWqMGkcXVEGC9y/rootfs/lib/firmware/ath10k'
'/lib/firmware/ath10k/QCA4019' -> '/tmp/rear.hvWqMGkcXVEGC9y/rootfs/lib/firmware/ath10k/QCA4019'
'/lib/firmware/ath10k/QCA4019/hw1.0' -> '/tmp/rear.hvWqMGkcXVEGC9y/rootfs/lib/firmware/ath10k/QCA4019/hw1.0'
'/lib/firmware/ath10k/QCA4019/hw1.0/board-2.bin' -> '/tmp/rear.hvWqMGkcXVEGC9y/rootfs/lib/firmware/ath10k/QCA4019/hw1.0/board-2.bin'
'/lib/firmware/ath10k/QCA4019/hw1.0/firmware-5.bin' -> '/tmp/rear.hvWqMGkcXVEGC9y/rootfs/lib/firmware/ath10k/QCA4019/hw1.0/firmware-5.bin'
'/lib/firmware/ath10k/QCA6174' -> '/tmp/rear.hvWqMGkcXVEGC9y/rootfs/lib/firmware/ath10k/QCA6174'
'/lib/firmware/ath10k/QCA6174/hw2.1' -> '/tmp/rear.hvWqMGkcXVEGC9y/rootfs/lib/firmware/ath10k/QCA6174/hw2.1'
'/lib/firmware/ath10k/QCA6174/hw2.1/board-2.bin' -> '/tmp/rear.hvWqMGkcXVEGC9y/rootfs/lib/firmware/ath10k/QCA6174/hw2.1/board-2.bin'
'/lib/firmware/ath10k/QCA6174/hw2.1/board.bin' -> '/tmp/rear.hvWqMGkcXVEGC9y/rootfs/lib/firmware/ath10k/QCA6174/hw2.1/board.bin'
'/lib/firmware/ath10k/QCA6174/hw2.1/firmware-5.bin' -> '/tmp/rear.hvWqMGkcXVEGC9y/rootfs/lib/firmware/ath10k/QCA6174/hw2.1/firmware-5.bin'
'/lib/firmware/ath10k/QCA6174/hw3.0' -> '/tmp/rear.hvWqMGkcXVEGC9y/rootfs/lib/firmware/ath10k/QCA6174/hw3.0'
'/lib/firmware/ath10k/QCA6174/hw3.0/board-2.bin' -> '/tmp/rear.hvWqMGkcXVEGC9y/rootfs/lib/firmware/ath10k/QCA6174/hw3.0/board-2.bin'
'/lib/firmware/ath10k/QCA6174/hw3.0/board.bin' -> '/tmp/rear.hvWqMGkcXVEGC9y/rootfs/lib/firmware/ath10k/QCA6174/hw3.0/board.bin'
'/lib/firmware/ath10k/QCA6174/hw3.0/firmware-4.bin' -> '/tmp/rear.hvWqMGkcXVEGC9y/rootfs/lib/firmware/ath10k/QCA6174/hw3.0/firmware-4.bin'
'/lib/firmware/ath10k/QCA6174/hw3.0/firmware-6.bin' -> '/tmp/rear.hvWqMGkcXVEGC9y/rootfs/lib/firmware/ath10k/QCA6174/hw3.0/firmware-6.bin'
'/lib/firmware/ath10k/QCA9377' -> '/tmp/rear.hvWqMGkcXVEGC9y/rootfs/lib/firmware/ath10k/QCA9377'
'/lib/firmware/ath10k/QCA9377/hw1.0' -> '/tmp/rear.hvWqMGkcXVEGC9y/rootfs/lib/firmware/ath10k/QCA9377/hw1.0'
'/lib/firmware/ath10k/QCA9377/hw1.0/board-2.bin' -> '/tmp/rear.hvWqMGkcXVEGC9y/rootfs/lib/firmware/ath10k/QCA9377/hw1.0/board-2.bin'
'/lib/firmware/ath10k/QCA9377/hw1.0/board.bin' -> '/tmp/rear.hvWqMGkcXVEGC9y/rootfs/lib/firmware/ath10k/QCA9377/hw1.0/board.bin'
'/lib/firmware/ath10k/QCA9377/hw1.0/firmware-5.bin' -> '/tmp/rear.hvWqMGkcXVEGC9y/rootfs/lib/firmware/ath10k/QCA9377/hw1.0/firmware-5.bin'
'/lib/firmware/ath10k/QCA9377/hw1.0/firmware-6.bin' -> '/tmp/rear.hvWqMGkcXVEGC9y/rootfs/lib/firmware/ath10k/QCA9377/hw1.0/firmware-6.bin'
'/lib/firmware/ath10k/QCA9887' -> '/tmp/rear.hvWqMGkcXVEGC9y/rootfs/lib/firmware/ath10k/QCA9887'
'/lib/firmware/ath10k/QCA9887/hw1.0' -> '/tmp/rear.hvWqMGkcXVEGC9y/rootfs/lib/firmware/ath10k/QCA9887/hw1.0'
'/lib/firmware/ath10k/QCA9887/hw1.0/board.bin' -> '/tmp/rear.hvWqMGkcXVEGC9y/rootfs/lib/firmware/ath10k/QCA9887/hw1.0/board.bin'
'/lib/firmware/ath10k/QCA9887/hw1.0/firmware-5.bin' -> '/tmp/rear.hvWqMGkcXVEGC9y/rootfs/lib/firmware/ath10k/QCA9887/hw1.0/firmware-5.bin'
'/lib/firmware/ath10k/QCA9888' -> '/tmp/rear.hvWqMGkcXVEGC9y/rootfs/lib/firmware/ath10k/QCA9888'
'/lib/firmware/ath10k/QCA9888/hw2.0' -> '/tmp/rear.hvWqMGkcXVEGC9y/rootfs/lib/firmware/ath10k/QCA9888/hw2.0'
'/lib/firmware/ath10k/QCA9888/hw2.0/board-2.bin' -> '/tmp/rear.hvWqMGkcXVEGC9y/rootfs/lib/firmware/ath10k/QCA9888/hw2.0/board-2.bin'
'/lib/firmware/ath10k/QCA9888/hw2.0/firmware-5.bin' -> '/tmp/rear.hvWqMGkcXVEGC9y/rootfs/lib/firmware/ath10k/QCA9888/hw2.0/firmware-5.bin'
'/lib/firmware/ath10k/QCA988X' -> '/tmp/rear.hvWqMGkcXVEGC9y/rootfs/lib/firmware/ath10k/QCA988X'
'/lib/firmware/ath10k/QCA988X/hw2.0' -> '/tmp/rear.hvWqMGkcXVEGC9y/rootfs/lib/firmware/ath10k/QCA988X/hw2.0'
'/lib/firmware/ath10k/QCA988X/hw2.0/board.bin' -> '/tmp/rear.hvWqMGkcXVEGC9y/rootfs/lib/firmware/ath10k/QCA988X/hw2.0/board.bin'
'/lib/firmware/ath10k/QCA988X/hw2.0/firmware-4.bin' -> '/tmp/rear.hvWqMGkcXVEGC9y/rootfs/lib/firmware/ath10k/QCA988X/hw2.0/firmware-4.bin'
'/lib/firmware/ath10k/QCA988X/hw2.0/firmware-5.bin' -> '/tmp/rear.hvWqMGkcXVEGC9y/rootfs/lib/firmware/ath10k/QCA988X/hw2.0/firmware-5.bin'
'/lib/firmware/ath10k/QCA9984' -> '/tmp/rear.hvWqMGkcXVEGC9y/rootfs/lib/firmware/ath10k/QCA9984'
'/lib/firmware/ath10k/QCA9984/hw1.0' -> '/tmp/rear.hvWqMGkcXVEGC9y/rootfs/lib/firmware/ath10k/QCA9984/hw1.0'
'/lib/firmware/ath10k/QCA9984/hw1.0/board-2.bin' -> '/tmp/rear.hvWqMGkcXVEGC9y/rootfs/lib/firmware/ath10k/QCA9984/hw1.0/board-2.bin'
'/lib/firmware/ath10k/QCA9984/hw1.0/firmware-5.bin' -> '/tmp/rear.hvWqMGkcXVEGC9y/rootfs/lib/firmware/ath10k/QCA9984/hw1.0/firmware-5.bin'
'/lib/firmware/ath10k/QCA99X0' -> '/tmp/rear.hvWqMGkcXVEGC9y/rootfs/lib/firmware/ath10k/QCA99X0'
'/lib/firmware/ath10k/QCA99X0/hw2.0' -> '/tmp/rear.hvWqMGkcXVEGC9y/rootfs/lib/firmware/ath10k/QCA99X0/hw2.0'
'/lib/firmware/ath10k/QCA99X0/hw2.0/board.bin' -> '/tmp/rear.hvWqMGkcXVEGC9y/rootfs/lib/firmware/ath10k/QCA99X0/hw2.0/board.bin'
'/lib/firmware/ath10k/QCA99X0/hw2.0/firmware-5.bin' -> '/tmp/rear.hvWqMGkcXVEGC9y/rootfs/lib/firmware/ath10k/QCA99X0/hw2.0/firmware-5.bin'
'/lib/firmware/ath10k/WCN3990' -> '/tmp/rear.hvWqMGkcXVEGC9y/rootfs/lib/firmware/ath10k/WCN3990'
'/lib/firmware/ath10k/WCN3990/hw1.0' -> '/tmp/rear.hvWqMGkcXVEGC9y/rootfs/lib/firmware/ath10k/WCN3990/hw1.0'
'/lib/firmware/ath10k/WCN3990/hw1.0/firmware-5.bin' -> '/tmp/rear.hvWqMGkcXVEGC9y/rootfs/lib/firmware/ath10k/WCN3990/hw1.0/firmware-5.bin'
'/lib/firmware/ath10k/WCN3990/hw1.0/wlanmdsp.mbn' -> '/tmp/rear.hvWqMGkcXVEGC9y/rootfs/lib/firmware/ath10k/WCN3990/hw1.0/wlanmdsp.mbn'
'/lib/firmware/nvidia' -> '/tmp/rear.hvWqMGkcXVEGC9y/rootfs/lib/firmware/nvidia'
'/lib/firmware/nvidia/gk20a' -> '/tmp/rear.hvWqMGkcXVEGC9y/rootfs/lib/firmware/nvidia/gk20a'
'/lib/firmware/nvidia/gk20a/fecs_data.bin' -> '/tmp/rear.hvWqMGkcXVEGC9y/rootfs/lib/firmware/nvidia/gk20a/fecs_data.bin'
'/lib/firmware/nvidia/gk20a/fecs_inst.bin' -> '/tmp/rear.hvWqMGkcXVEGC9y/rootfs/lib/firmware/nvidia/gk20a/fecs_inst.bin'
'/lib/firmware/nvidia/gk20a/gpccs_data.bin' -> '/tmp/rear.hvWqMGkcXVEGC9y/rootfs/lib/firmware/nvidia/gk20a/gpccs_data.bin'
'/lib/firmware/nvidia/gk20a/gpccs_inst.bin' -> '/tmp/rear.hvWqMGkcXVEGC9y/rootfs/lib/firmware/nvidia/gk20a/gpccs_inst.bin'
'/lib/firmware/nvidia/gk20a/sw_bundle_init.bin' -> '/tmp/rear.hvWqMGkcXVEGC9y/rootfs/lib/firmware/nvidia/gk20a/sw_bundle_init.bin'
'/lib/firmware/nvidia/gk20a/sw_ctx.bin' -> '/tmp/rear.hvWqMGkcXVEGC9y/rootfs/lib/firmware/nvidia/gk20a/sw_ctx.bin'
'/lib/firmware/nvidia/gk20a/sw_method_init.bin' -> '/tmp/rear.hvWqMGkcXVEGC9y/rootfs/lib/firmware/nvidia/gk20a/sw_method_init.bin'
'/lib/firmware/nvidia/gk20a/sw_nonctx.bin' -> '/tmp/rear.hvWqMGkcXVEGC9y/rootfs/lib/firmware/nvidia/gk20a/sw_nonctx.bin'
'/lib/firmware/nvidia/gm200' -> '/tmp/rear.hvWqMGkcXVEGC9y/rootfs/lib/firmware/nvidia/gm200'
'/lib/firmware/nvidia/gm200/acr' -> '/tmp/rear.hvWqMGkcXVEGC9y/rootfs/lib/firmware/nvidia/gm200/acr'
'/lib/firmware/nvidia/gm200/acr/bl.bin' -> '/tmp/rear.hvWqMGkcXVEGC9y/rootfs/lib/firmware/nvidia/gm200/acr/bl.bin'
'/lib/firmware/nvidia/gm200/acr/ucode_load.bin' -> '/tmp/rear.hvWqMGkcXVEGC9y/rootfs/lib/firmware/nvidia/gm200/acr/ucode_load.bin'
'/lib/firmware/nvidia/gm200/acr/ucode_unload.bin' -> '/tmp/rear.hvWqMGkcXVEGC9y/rootfs/lib/firmware/nvidia/gm200/acr/ucode_unload.bin'
'/lib/firmware/nvidia/gm200/gr' -> '/tmp/rear.hvWqMGkcXVEGC9y/rootfs/lib/firmware/nvidia/gm200/gr'
'/lib/firmware/nvidia/gm200/gr/fecs_bl.bin' -> '/tmp/rear.hvWqMGkcXVEGC9y/rootfs/lib/firmware/nvidia/gm200/gr/fecs_bl.bin'
'/lib/firmware/nvidia/gm200/gr/fecs_data.bin' -> '/tmp/rear.hvWqMGkcXVEGC9y/rootfs/lib/firmware/nvidia/gm200/gr/fecs_data.bin'
'/lib/firmware/nvidia/gm200/gr/fecs_inst.bin' -> '/tmp/rear.hvWqMGkcXVEGC9y/rootfs/lib/firmware/nvidia/gm200/gr/fecs_inst.bin'
'/lib/firmware/nvidia/gm200/gr/fecs_sig.bin' -> '/tmp/rear.hvWqMGkcXVEGC9y/rootfs/lib/firmware/nvidia/gm200/gr/fecs_sig.bin'
'/lib/firmware/nvidia/gm200/gr/gpccs_bl.bin' -> '/tmp/rear.hvWqMGkcXVEGC9y/rootfs/lib/firmware/nvidia/gm200/gr/gpccs_bl.bin'
'/lib/firmware/nvidia/gm200/gr/gpccs_data.bin' -> '/tmp/rear.hvWqMGkcXVEGC9y/rootfs/lib/firmware/nvidia/gm200/gr/gpccs_data.bin'
'/lib/firmware/nvidia/gm200/gr/gpccs_inst.bin' -> '/tmp/rear.hvWqMGkcXVEGC9y/rootfs/lib/firmware/nvidia/gm200/gr/gpccs_inst.bin'
'/lib/firmware/nvidia/gm200/gr/gpccs_sig.bin' -> '/tmp/rear.hvWqMGkcXVEGC9y/rootfs/lib/firmware/nvidia/gm200/gr/gpccs_sig.bin'
'/lib/firmware/nvidia/gm200/gr/sw_bundle_init.bin' -> '/tmp/rear.hvWqMGkcXVEGC9y/rootfs/lib/firmware/nvidia/gm200/gr/sw_bundle_init.bin'
'/lib/firmware/nvidia/gm200/gr/sw_ctx.bin' -> '/tmp/rear.hvWqMGkcXVEGC9y/rootfs/lib/firmware/nvidia/gm200/gr/sw_ctx.bin'
'/lib/firmware/nvidia/gm200/gr/sw_method_init.bin' -> '/tmp/rear.hvWqMGkcXVEGC9y/rootfs/lib/firmware/nvidia/gm200/gr/sw_method_init.bin'
'/lib/firmware/nvidia/gm200/gr/sw_nonctx.bin' -> '/tmp/rear.hvWqMGkcXVEGC9y/rootfs/lib/firmware/nvidia/gm200/gr/sw_nonctx.bin'
'/lib/firmware/nvidia/gm204' -> '/tmp/rear.hvWqMGkcXVEGC9y/rootfs/lib/firmware/nvidia/gm204'
'/lib/firmware/nvidia/gm204/acr' -> '/tmp/rear.hvWqMGkcXVEGC9y/rootfs/lib/firmware/nvidia/gm204/acr'
'/lib/firmware/nvidia/gm204/acr/bl.bin' -> '/tmp/rear.hvWqMGkcXVEGC9y/rootfs/lib/firmware/nvidia/gm204/acr/bl.bin'
'/lib/firmware/nvidia/gm204/acr/ucode_load.bin' -> '/tmp/rear.hvWqMGkcXVEGC9y/rootfs/lib/firmware/nvidia/gm204/acr/ucode_load.bin'
'/lib/firmware/nvidia/gm204/acr/ucode_unload.bin' -> '/tmp/rear.hvWqMGkcXVEGC9y/rootfs/lib/firmware/nvidia/gm204/acr/ucode_unload.bin'
'/lib/firmware/nvidia/gm204/gr' -> '/tmp/rear.hvWqMGkcXVEGC9y/rootfs/lib/firmware/nvidia/gm204/gr'
'/lib/firmware/nvidia/gm204/gr/fecs_bl.bin' -> '/tmp/rear.hvWqMGkcXVEGC9y/rootfs/lib/firmware/nvidia/gm204/gr/fecs_bl.bin'
'/lib/firmware/nvidia/gm204/gr/fecs_data.bin' -> '/tmp/rear.hvWqMGkcXVEGC9y/rootfs/lib/firmware/nvidia/gm204/gr/fecs_data.bin'
'/lib/firmware/nvidia/gm204/gr/fecs_inst.bin' -> '/tmp/rear.hvWqMGkcXVEGC9y/rootfs/lib/firmware/nvidia/gm204/gr/fecs_inst.bin'
'/lib/firmware/nvidia/gm204/gr/fecs_sig.bin' -> '/tmp/rear.hvWqMGkcXVEGC9y/rootfs/lib/firmware/nvidia/gm204/gr/fecs_sig.bin'
'/lib/firmware/nvidia/gm204/gr/gpccs_bl.bin' -> '/tmp/rear.hvWqMGkcXVEGC9y/rootfs/lib/firmware/nvidia/gm204/gr/gpccs_bl.bin'
'/lib/firmware/nvidia/gm204/gr/gpccs_data.bin' -> '/tmp/rear.hvWqMGkcXVEGC9y/rootfs/lib/firmware/nvidia/gm204/gr/gpccs_data.bin'
'/lib/firmware/nvidia/gm204/gr/gpccs_inst.bin' -> '/tmp/rear.hvWqMGkcXVEGC9y/rootfs/lib/firmware/nvidia/gm204/gr/gpccs_inst.bin'
'/lib/firmware/nvidia/gm204/gr/gpccs_sig.bin' -> '/tmp/rear.hvWqMGkcXVEGC9y/rootfs/lib/firmware/nvidia/gm204/gr/gpccs_sig.bin'
'/lib/firmware/nvidia/gm204/gr/sw_bundle_init.bin' -> '/tmp/rear.hvWqMGkcXVEGC9y/rootfs/lib/firmware/nvidia/gm204/gr/sw_bundle_init.bin'
'/lib/firmware/nvidia/gm204/gr/sw_ctx.bin' -> '/tmp/rear.hvWqMGkcXVEGC9y/rootfs/lib/firmware/nvidia/gm204/gr/sw_ctx.bin'
'/lib/firmware/nvidia/gm204/gr/sw_method_init.bin' -> '/tmp/rear.hvWqMGkcXVEGC9y/rootfs/lib/firmware/nvidia/gm204/gr/sw_method_init.bin'
'/lib/firmware/nvidia/gm204/gr/sw_nonctx.bin' -> '/tmp/rear.hvWqMGkcXVEGC9y/rootfs/lib/firmware/nvidia/gm204/gr/sw_nonctx.bin'
'/lib/firmware/nvidia/gm206' -> '/tmp/rear.hvWqMGkcXVEGC9y/rootfs/lib/firmware/nvidia/gm206'
'/lib/firmware/nvidia/gm206/acr' -> '/tmp/rear.hvWqMGkcXVEGC9y/rootfs/lib/firmware/nvidia/gm206/acr'
'/lib/firmware/nvidia/gm206/acr/bl.bin' -> '/tmp/rear.hvWqMGkcXVEGC9y/rootfs/lib/firmware/nvidia/gm206/acr/bl.bin'
'/lib/firmware/nvidia/gm206/acr/ucode_load.bin' -> '/tmp/rear.hvWqMGkcXVEGC9y/rootfs/lib/firmware/nvidia/gm206/acr/ucode_load.bin'
'/lib/firmware/nvidia/gm206/acr/ucode_unload.bin' -> '/tmp/rear.hvWqMGkcXVEGC9y/rootfs/lib/firmware/nvidia/gm206/acr/ucode_unload.bin'
'/lib/firmware/nvidia/gm206/gr' -> '/tmp/rear.hvWqMGkcXVEGC9y/rootfs/lib/firmware/nvidia/gm206/gr'
'/lib/firmware/nvidia/gm206/gr/fecs_bl.bin' -> '/tmp/rear.hvWqMGkcXVEGC9y/rootfs/lib/firmware/nvidia/gm206/gr/fecs_bl.bin'
'/lib/firmware/nvidia/gm206/gr/fecs_data.bin' -> '/tmp/rear.hvWqMGkcXVEGC9y/rootfs/lib/firmware/nvidia/gm206/gr/fecs_data.bin'
'/lib/firmware/nvidia/gm206/gr/fecs_inst.bin' -> '/tmp/rear.hvWqMGkcXVEGC9y/rootfs/lib/firmware/nvidia/gm206/gr/fecs_inst.bin'
'/lib/firmware/nvidia/gm206/gr/fecs_sig.bin' -> '/tmp/rear.hvWqMGkcXVEGC9y/rootfs/lib/firmware/nvidia/gm206/gr/fecs_sig.bin'
'/lib/firmware/nvidia/gm206/gr/gpccs_bl.bin' -> '/tmp/rear.hvWqMGkcXVEGC9y/rootfs/lib/firmware/nvidia/gm206/gr/gpccs_bl.bin'
'/lib/firmware/nvidia/gm206/gr/gpccs_data.bin' -> '/tmp/rear.hvWqMGkcXVEGC9y/rootfs/lib/firmware/nvidia/gm206/gr/gpccs_data.bin'
'/lib/firmware/nvidia/gm206/gr/gpccs_inst.bin' -> '/tmp/rear.hvWqMGkcXVEGC9y/rootfs/lib/firmware/nvidia/gm206/gr/gpccs_inst.bin'
'/lib/firmware/nvidia/gm206/gr/gpccs_sig.bin' -> '/tmp/rear.hvWqMGkcXVEGC9y/rootfs/lib/firmware/nvidia/gm206/gr/gpccs_sig.bin'
'/lib/firmware/nvidia/gm206/gr/sw_bundle_init.bin' -> '/tmp/rear.hvWqMGkcXVEGC9y/rootfs/lib/firmware/nvidia/gm206/gr/sw_bundle_init.bin'
'/lib/firmware/nvidia/gm206/gr/sw_ctx.bin' -> '/tmp/rear.hvWqMGkcXVEGC9y/rootfs/lib/firmware/nvidia/gm206/gr/sw_ctx.bin'
'/lib/firmware/nvidia/gm206/gr/sw_method_init.bin' -> '/tmp/rear.hvWqMGkcXVEGC9y/rootfs/lib/firmware/nvidia/gm206/gr/sw_method_init.bin'
'/lib/firmware/nvidia/gm206/gr/sw_nonctx.bin' -> '/tmp/rear.hvWqMGkcXVEGC9y/rootfs/lib/firmware/nvidia/gm206/gr/sw_nonctx.bin'
'/lib/firmware/nvidia/gm20b' -> '/tmp/rear.hvWqMGkcXVEGC9y/rootfs/lib/firmware/nvidia/gm20b'
'/lib/firmware/nvidia/gm20b/acr' -> '/tmp/rear.hvWqMGkcXVEGC9y/rootfs/lib/firmware/nvidia/gm20b/acr'
'/lib/firmware/nvidia/gm20b/acr/bl.bin' -> '/tmp/rear.hvWqMGkcXVEGC9y/rootfs/lib/firmware/nvidia/gm20b/acr/bl.bin'
'/lib/firmware/nvidia/gm20b/acr/ucode_load.bin' -> '/tmp/rear.hvWqMGkcXVEGC9y/rootfs/lib/firmware/nvidia/gm20b/acr/ucode_load.bin'
'/lib/firmware/nvidia/gm20b/gr' -> '/tmp/rear.hvWqMGkcXVEGC9y/rootfs/lib/firmware/nvidia/gm20b/gr'
'/lib/firmware/nvidia/gm20b/gr/fecs_bl.bin' -> '/tmp/rear.hvWqMGkcXVEGC9y/rootfs/lib/firmware/nvidia/gm20b/gr/fecs_bl.bin'
'/lib/firmware/nvidia/gm20b/gr/fecs_data.bin' -> '/tmp/rear.hvWqMGkcXVEGC9y/rootfs/lib/firmware/nvidia/gm20b/gr/fecs_data.bin'
'/lib/firmware/nvidia/gm20b/gr/fecs_inst.bin' -> '/tmp/rear.hvWqMGkcXVEGC9y/rootfs/lib/firmware/nvidia/gm20b/gr/fecs_inst.bin'
'/lib/firmware/nvidia/gm20b/gr/fecs_sig.bin' -> '/tmp/rear.hvWqMGkcXVEGC9y/rootfs/lib/firmware/nvidia/gm20b/gr/fecs_sig.bin'
'/lib/firmware/nvidia/gm20b/gr/gpccs_data.bin' -> '/tmp/rear.hvWqMGkcXVEGC9y/rootfs/lib/firmware/nvidia/gm20b/gr/gpccs_data.bin'
'/lib/firmware/nvidia/gm20b/gr/gpccs_inst.bin' -> '/tmp/rear.hvWqMGkcXVEGC9y/rootfs/lib/firmware/nvidia/gm20b/gr/gpccs_inst.bin'
'/lib/firmware/nvidia/gm20b/gr/sw_bundle_init.bin' -> '/tmp/rear.hvWqMGkcXVEGC9y/rootfs/lib/firmware/nvidia/gm20b/gr/sw_bundle_init.bin'
'/lib/firmware/nvidia/gm20b/gr/sw_ctx.bin' -> '/tmp/rear.hvWqMGkcXVEGC9y/rootfs/lib/firmware/nvidia/gm20b/gr/sw_ctx.bin'
'/lib/firmware/nvidia/gm20b/gr/sw_method_init.bin' -> '/tmp/rear.hvWqMGkcXVEGC9y/rootfs/lib/firmware/nvidia/gm20b/gr/sw_method_init.bin'
'/lib/firmware/nvidia/gm20b/gr/sw_nonctx.bin' -> '/tmp/rear.hvWqMGkcXVEGC9y/rootfs/lib/firmware/nvidia/gm20b/gr/sw_nonctx.bin'
'/lib/firmware/nvidia/gm20b/pmu' -> '/tmp/rear.hvWqMGkcXVEGC9y/rootfs/lib/firmware/nvidia/gm20b/pmu'
'/lib/firmware/nvidia/gm20b/pmu/desc.bin' -> '/tmp/rear.hvWqMGkcXVEGC9y/rootfs/lib/firmware/nvidia/gm20b/pmu/desc.bin'
'/lib/firmware/nvidia/gm20b/pmu/image.bin' -> '/tmp/rear.hvWqMGkcXVEGC9y/rootfs/lib/firmware/nvidia/gm20b/pmu/image.bin'
'/lib/firmware/nvidia/gm20b/pmu/sig.bin' -> '/tmp/rear.hvWqMGkcXVEGC9y/rootfs/lib/firmware/nvidia/gm20b/pmu/sig.bin'
'/lib/firmware/nvidia/gp100' -> '/tmp/rear.hvWqMGkcXVEGC9y/rootfs/lib/firmware/nvidia/gp100'
'/lib/firmware/nvidia/gp100/acr' -> '/tmp/rear.hvWqMGkcXVEGC9y/rootfs/lib/firmware/nvidia/gp100/acr'
'/lib/firmware/nvidia/gp100/acr/bl.bin' -> '/tmp/rear.hvWqMGkcXVEGC9y/rootfs/lib/firmware/nvidia/gp100/acr/bl.bin'
'/lib/firmware/nvidia/gp100/acr/ucode_load.bin' -> '/tmp/rear.hvWqMGkcXVEGC9y/rootfs/lib/firmware/nvidia/gp100/acr/ucode_load.bin'
'/lib/firmware/nvidia/gp100/acr/ucode_unload.bin' -> '/tmp/rear.hvWqMGkcXVEGC9y/rootfs/lib/firmware/nvidia/gp100/acr/ucode_unload.bin'
'/lib/firmware/nvidia/gp100/gr' -> '/tmp/rear.hvWqMGkcXVEGC9y/rootfs/lib/firmware/nvidia/gp100/gr'
'/lib/firmware/nvidia/gp100/gr/fecs_bl.bin' -> '/tmp/rear.hvWqMGkcXVEGC9y/rootfs/lib/firmware/nvidia/gp100/gr/fecs_bl.bin'
'/lib/firmware/nvidia/gp100/gr/fecs_data.bin' -> '/tmp/rear.hvWqMGkcXVEGC9y/rootfs/lib/firmware/nvidia/gp100/gr/fecs_data.bin'
'/lib/firmware/nvidia/gp100/gr/fecs_inst.bin' -> '/tmp/rear.hvWqMGkcXVEGC9y/rootfs/lib/firmware/nvidia/gp100/gr/fecs_inst.bin'
'/lib/firmware/nvidia/gp100/gr/fecs_sig.bin' -> '/tmp/rear.hvWqMGkcXVEGC9y/rootfs/lib/firmware/nvidia/gp100/gr/fecs_sig.bin'
'/lib/firmware/nvidia/gp100/gr/gpccs_bl.bin' -> '/tmp/rear.hvWqMGkcXVEGC9y/rootfs/lib/firmware/nvidia/gp100/gr/gpccs_bl.bin'
'/lib/firmware/nvidia/gp100/gr/gpccs_data.bin' -> '/tmp/rear.hvWqMGkcXVEGC9y/rootfs/lib/firmware/nvidia/gp100/gr/gpccs_data.bin'
'/lib/firmware/nvidia/gp100/gr/gpccs_inst.bin' -> '/tmp/rear.hvWqMGkcXVEGC9y/rootfs/lib/firmware/nvidia/gp100/gr/gpccs_inst.bin'
'/lib/firmware/nvidia/gp100/gr/gpccs_sig.bin' -> '/tmp/rear.hvWqMGkcXVEGC9y/rootfs/lib/firmware/nvidia/gp100/gr/gpccs_sig.bin'
'/lib/firmware/nvidia/gp100/gr/sw_bundle_init.bin' -> '/tmp/rear.hvWqMGkcXVEGC9y/rootfs/lib/firmware/nvidia/gp100/gr/sw_bundle_init.bin'
'/lib/firmware/nvidia/gp100/gr/sw_ctx.bin' -> '/tmp/rear.hvWqMGkcXVEGC9y/rootfs/lib/firmware/nvidia/gp100/gr/sw_ctx.bin'
'/lib/firmware/nvidia/gp100/gr/sw_method_init.bin' -> '/tmp/rear.hvWqMGkcXVEGC9y/rootfs/lib/firmware/nvidia/gp100/gr/sw_method_init.bin'
'/lib/firmware/nvidia/gp100/gr/sw_nonctx.bin' -> '/tmp/rear.hvWqMGkcXVEGC9y/rootfs/lib/firmware/nvidia/gp100/gr/sw_nonctx.bin'
'/lib/firmware/nvidia/gp102' -> '/tmp/rear.hvWqMGkcXVEGC9y/rootfs/lib/firmware/nvidia/gp102'
'/lib/firmware/nvidia/gp102/acr' -> '/tmp/rear.hvWqMGkcXVEGC9y/rootfs/lib/firmware/nvidia/gp102/acr'
'/lib/firmware/nvidia/gp102/acr/bl.bin' -> '/tmp/rear.hvWqMGkcXVEGC9y/rootfs/lib/firmware/nvidia/gp102/acr/bl.bin'
'/lib/firmware/nvidia/gp102/acr/ucode_load.bin' -> '/tmp/rear.hvWqMGkcXVEGC9y/rootfs/lib/firmware/nvidia/gp102/acr/ucode_load.bin'
'/lib/firmware/nvidia/gp102/acr/ucode_unload.bin' -> '/tmp/rear.hvWqMGkcXVEGC9y/rootfs/lib/firmware/nvidia/gp102/acr/ucode_unload.bin'
'/lib/firmware/nvidia/gp102/acr/unload_bl.bin' -> '/tmp/rear.hvWqMGkcXVEGC9y/rootfs/lib/firmware/nvidia/gp102/acr/unload_bl.bin'
'/lib/firmware/nvidia/gp102/gr' -> '/tmp/rear.hvWqMGkcXVEGC9y/rootfs/lib/firmware/nvidia/gp102/gr'
'/lib/firmware/nvidia/gp102/gr/fecs_bl.bin' -> '/tmp/rear.hvWqMGkcXVEGC9y/rootfs/lib/firmware/nvidia/gp102/gr/fecs_bl.bin'
'/lib/firmware/nvidia/gp102/gr/fecs_data.bin' -> '/tmp/rear.hvWqMGkcXVEGC9y/rootfs/lib/firmware/nvidia/gp102/gr/fecs_data.bin'
'/lib/firmware/nvidia/gp102/gr/fecs_inst.bin' -> '/tmp/rear.hvWqMGkcXVEGC9y/rootfs/lib/firmware/nvidia/gp102/gr/fecs_inst.bin'
'/lib/firmware/nvidia/gp102/gr/fecs_sig.bin' -> '/tmp/rear.hvWqMGkcXVEGC9y/rootfs/lib/firmware/nvidia/gp102/gr/fecs_sig.bin'
'/lib/firmware/nvidia/gp102/gr/gpccs_bl.bin' -> '/tmp/rear.hvWqMGkcXVEGC9y/rootfs/lib/firmware/nvidia/gp102/gr/gpccs_bl.bin'
'/lib/firmware/nvidia/gp102/gr/gpccs_data.bin' -> '/tmp/rear.hvWqMGkcXVEGC9y/rootfs/lib/firmware/nvidia/gp102/gr/gpccs_data.bin'
'/lib/firmware/nvidia/gp102/gr/gpccs_inst.bin' -> '/tmp/rear.hvWqMGkcXVEGC9y/rootfs/lib/firmware/nvidia/gp102/gr/gpccs_inst.bin'
'/lib/firmware/nvidia/gp102/gr/gpccs_sig.bin' -> '/tmp/rear.hvWqMGkcXVEGC9y/rootfs/lib/firmware/nvidia/gp102/gr/gpccs_sig.bin'
'/lib/firmware/nvidia/gp102/gr/sw_bundle_init.bin' -> '/tmp/rear.hvWqMGkcXVEGC9y/rootfs/lib/firmware/nvidia/gp102/gr/sw_bundle_init.bin'
'/lib/firmware/nvidia/gp102/gr/sw_ctx.bin' -> '/tmp/rear.hvWqMGkcXVEGC9y/rootfs/lib/firmware/nvidia/gp102/gr/sw_ctx.bin'
'/lib/firmware/nvidia/gp102/gr/sw_method_init.bin' -> '/tmp/rear.hvWqMGkcXVEGC9y/rootfs/lib/firmware/nvidia/gp102/gr/sw_method_init.bin'
'/lib/firmware/nvidia/gp102/gr/sw_nonctx.bin' -> '/tmp/rear.hvWqMGkcXVEGC9y/rootfs/lib/firmware/nvidia/gp102/gr/sw_nonctx.bin'
'/lib/firmware/nvidia/gp102/nvdec' -> '/tmp/rear.hvWqMGkcXVEGC9y/rootfs/lib/firmware/nvidia/gp102/nvdec'
'/lib/firmware/nvidia/gp102/nvdec/scrubber.bin' -> '/tmp/rear.hvWqMGkcXVEGC9y/rootfs/lib/firmware/nvidia/gp102/nvdec/scrubber.bin'
'/lib/firmware/nvidia/gp102/sec2' -> '/tmp/rear.hvWqMGkcXVEGC9y/rootfs/lib/firmware/nvidia/gp102/sec2'
'/lib/firmware/nvidia/gp102/sec2/desc-1.bin' -> '/tmp/rear.hvWqMGkcXVEGC9y/rootfs/lib/firmware/nvidia/gp102/sec2/desc-1.bin'
'/lib/firmware/nvidia/gp102/sec2/desc.bin' -> '/tmp/rear.hvWqMGkcXVEGC9y/rootfs/lib/firmware/nvidia/gp102/sec2/desc.bin'
'/lib/firmware/nvidia/gp102/sec2/image-1.bin' -> '/tmp/rear.hvWqMGkcXVEGC9y/rootfs/lib/firmware/nvidia/gp102/sec2/image-1.bin'
'/lib/firmware/nvidia/gp102/sec2/image.bin' -> '/tmp/rear.hvWqMGkcXVEGC9y/rootfs/lib/firmware/nvidia/gp102/sec2/image.bin'
'/lib/firmware/nvidia/gp102/sec2/sig-1.bin' -> '/tmp/rear.hvWqMGkcXVEGC9y/rootfs/lib/firmware/nvidia/gp102/sec2/sig-1.bin'
'/lib/firmware/nvidia/gp102/sec2/sig.bin' -> '/tmp/rear.hvWqMGkcXVEGC9y/rootfs/lib/firmware/nvidia/gp102/sec2/sig.bin'
'/lib/firmware/nvidia/gp104' -> '/tmp/rear.hvWqMGkcXVEGC9y/rootfs/lib/firmware/nvidia/gp104'
'/lib/firmware/nvidia/gp104/acr' -> '/tmp/rear.hvWqMGkcXVEGC9y/rootfs/lib/firmware/nvidia/gp104/acr'
'/lib/firmware/nvidia/gp104/acr/bl.bin' -> '/tmp/rear.hvWqMGkcXVEGC9y/rootfs/lib/firmware/nvidia/gp104/acr/bl.bin'
'/lib/firmware/nvidia/gp104/acr/ucode_load.bin' -> '/tmp/rear.hvWqMGkcXVEGC9y/rootfs/lib/firmware/nvidia/gp104/acr/ucode_load.bin'
'/lib/firmware/nvidia/gp104/acr/ucode_unload.bin' -> '/tmp/rear.hvWqMGkcXVEGC9y/rootfs/lib/firmware/nvidia/gp104/acr/ucode_unload.bin'
'/lib/firmware/nvidia/gp104/acr/unload_bl.bin' -> '/tmp/rear.hvWqMGkcXVEGC9y/rootfs/lib/firmware/nvidia/gp104/acr/unload_bl.bin'
'/lib/firmware/nvidia/gp104/gr' -> '/tmp/rear.hvWqMGkcXVEGC9y/rootfs/lib/firmware/nvidia/gp104/gr'
'/lib/firmware/nvidia/gp104/gr/fecs_bl.bin' -> '/tmp/rear.hvWqMGkcXVEGC9y/rootfs/lib/firmware/nvidia/gp104/gr/fecs_bl.bin'
'/lib/firmware/nvidia/gp104/gr/fecs_data.bin' -> '/tmp/rear.hvWqMGkcXVEGC9y/rootfs/lib/firmware/nvidia/gp104/gr/fecs_data.bin'
'/lib/firmware/nvidia/gp104/gr/fecs_inst.bin' -> '/tmp/rear.hvWqMGkcXVEGC9y/rootfs/lib/firmware/nvidia/gp104/gr/fecs_inst.bin'
'/lib/firmware/nvidia/gp104/gr/fecs_sig.bin' -> '/tmp/rear.hvWqMGkcXVEGC9y/rootfs/lib/firmware/nvidia/gp104/gr/fecs_sig.bin'
'/lib/firmware/nvidia/gp104/gr/gpccs_bl.bin' -> '/tmp/rear.hvWqMGkcXVEGC9y/rootfs/lib/firmware/nvidia/gp104/gr/gpccs_bl.bin'
'/lib/firmware/nvidia/gp104/gr/gpccs_data.bin' -> '/tmp/rear.hvWqMGkcXVEGC9y/rootfs/lib/firmware/nvidia/gp104/gr/gpccs_data.bin'
'/lib/firmware/nvidia/gp104/gr/gpccs_inst.bin' -> '/tmp/rear.hvWqMGkcXVEGC9y/rootfs/lib/firmware/nvidia/gp104/gr/gpccs_inst.bin'
'/lib/firmware/nvidia/gp104/gr/gpccs_sig.bin' -> '/tmp/rear.hvWqMGkcXVEGC9y/rootfs/lib/firmware/nvidia/gp104/gr/gpccs_sig.bin'
'/lib/firmware/nvidia/gp104/gr/sw_bundle_init.bin' -> '/tmp/rear.hvWqMGkcXVEGC9y/rootfs/lib/firmware/nvidia/gp104/gr/sw_bundle_init.bin'
'/lib/firmware/nvidia/gp104/gr/sw_ctx.bin' -> '/tmp/rear.hvWqMGkcXVEGC9y/rootfs/lib/firmware/nvidia/gp104/gr/sw_ctx.bin'
'/lib/firmware/nvidia/gp104/gr/sw_method_init.bin' -> '/tmp/rear.hvWqMGkcXVEGC9y/rootfs/lib/firmware/nvidia/gp104/gr/sw_method_init.bin'
'/lib/firmware/nvidia/gp104/gr/sw_nonctx.bin' -> '/tmp/rear.hvWqMGkcXVEGC9y/rootfs/lib/firmware/nvidia/gp104/gr/sw_nonctx.bin'
'/lib/firmware/nvidia/gp104/nvdec' -> '/tmp/rear.hvWqMGkcXVEGC9y/rootfs/lib/firmware/nvidia/gp104/nvdec'
'/lib/firmware/nvidia/gp104/nvdec/scrubber.bin' -> '/tmp/rear.hvWqMGkcXVEGC9y/rootfs/lib/firmware/nvidia/gp104/nvdec/scrubber.bin'
'/lib/firmware/nvidia/gp104/sec2' -> '/tmp/rear.hvWqMGkcXVEGC9y/rootfs/lib/firmware/nvidia/gp104/sec2'
'/lib/firmware/nvidia/gp104/sec2/desc-1.bin' -> '/tmp/rear.hvWqMGkcXVEGC9y/rootfs/lib/firmware/nvidia/gp104/sec2/desc-1.bin'
'/lib/firmware/nvidia/gp104/sec2/desc.bin' -> '/tmp/rear.hvWqMGkcXVEGC9y/rootfs/lib/firmware/nvidia/gp104/sec2/desc.bin'
'/lib/firmware/nvidia/gp104/sec2/image-1.bin' -> '/tmp/rear.hvWqMGkcXVEGC9y/rootfs/lib/firmware/nvidia/gp104/sec2/image-1.bin'
'/lib/firmware/nvidia/gp104/sec2/image.bin' -> '/tmp/rear.hvWqMGkcXVEGC9y/rootfs/lib/firmware/nvidia/gp104/sec2/image.bin'
'/lib/firmware/nvidia/gp104/sec2/sig-1.bin' -> '/tmp/rear.hvWqMGkcXVEGC9y/rootfs/lib/firmware/nvidia/gp104/sec2/sig-1.bin'
'/lib/firmware/nvidia/gp104/sec2/sig.bin' -> '/tmp/rear.hvWqMGkcXVEGC9y/rootfs/lib/firmware/nvidia/gp104/sec2/sig.bin'
'/lib/firmware/nvidia/gp106' -> '/tmp/rear.hvWqMGkcXVEGC9y/rootfs/lib/firmware/nvidia/gp106'
'/lib/firmware/nvidia/gp106/acr' -> '/tmp/rear.hvWqMGkcXVEGC9y/rootfs/lib/firmware/nvidia/gp106/acr'
'/lib/firmware/nvidia/gp106/acr/bl.bin' -> '/tmp/rear.hvWqMGkcXVEGC9y/rootfs/lib/firmware/nvidia/gp106/acr/bl.bin'
'/lib/firmware/nvidia/gp106/acr/ucode_load.bin' -> '/tmp/rear.hvWqMGkcXVEGC9y/rootfs/lib/firmware/nvidia/gp106/acr/ucode_load.bin'
'/lib/firmware/nvidia/gp106/acr/ucode_unload.bin' -> '/tmp/rear.hvWqMGkcXVEGC9y/rootfs/lib/firmware/nvidia/gp106/acr/ucode_unload.bin'
'/lib/firmware/nvidia/gp106/acr/unload_bl.bin' -> '/tmp/rear.hvWqMGkcXVEGC9y/rootfs/lib/firmware/nvidia/gp106/acr/unload_bl.bin'
'/lib/firmware/nvidia/gp106/gr' -> '/tmp/rear.hvWqMGkcXVEGC9y/rootfs/lib/firmware/nvidia/gp106/gr'
'/lib/firmware/nvidia/gp106/gr/fecs_bl.bin' -> '/tmp/rear.hvWqMGkcXVEGC9y/rootfs/lib/firmware/nvidia/gp106/gr/fecs_bl.bin'
'/lib/firmware/nvidia/gp106/gr/fecs_data.bin' -> '/tmp/rear.hvWqMGkcXVEGC9y/rootfs/lib/firmware/nvidia/gp106/gr/fecs_data.bin'
'/lib/firmware/nvidia/gp106/gr/fecs_inst.bin' -> '/tmp/rear.hvWqMGkcXVEGC9y/rootfs/lib/firmware/nvidia/gp106/gr/fecs_inst.bin'
'/lib/firmware/nvidia/gp106/gr/fecs_sig.bin' -> '/tmp/rear.hvWqMGkcXVEGC9y/rootfs/lib/firmware/nvidia/gp106/gr/fecs_sig.bin'
'/lib/firmware/nvidia/gp106/gr/gpccs_bl.bin' -> '/tmp/rear.hvWqMGkcXVEGC9y/rootfs/lib/firmware/nvidia/gp106/gr/gpccs_bl.bin'
'/lib/firmware/nvidia/gp106/gr/gpccs_data.bin' -> '/tmp/rear.hvWqMGkcXVEGC9y/rootfs/lib/firmware/nvidia/gp106/gr/gpccs_data.bin'
'/lib/firmware/nvidia/gp106/gr/gpccs_inst.bin' -> '/tmp/rear.hvWqMGkcXVEGC9y/rootfs/lib/firmware/nvidia/gp106/gr/gpccs_inst.bin'
'/lib/firmware/nvidia/gp106/gr/gpccs_sig.bin' -> '/tmp/rear.hvWqMGkcXVEGC9y/rootfs/lib/firmware/nvidia/gp106/gr/gpccs_sig.bin'
'/lib/firmware/nvidia/gp106/gr/sw_bundle_init.bin' -> '/tmp/rear.hvWqMGkcXVEGC9y/rootfs/lib/firmware/nvidia/gp106/gr/sw_bundle_init.bin'
'/lib/firmware/nvidia/gp106/gr/sw_ctx.bin' -> '/tmp/rear.hvWqMGkcXVEGC9y/rootfs/lib/firmware/nvidia/gp106/gr/sw_ctx.bin'
'/lib/firmware/nvidia/gp106/gr/sw_method_init.bin' -> '/tmp/rear.hvWqMGkcXVEGC9y/rootfs/lib/firmware/nvidia/gp106/gr/sw_method_init.bin'
'/lib/firmware/nvidia/gp106/gr/sw_nonctx.bin' -> '/tmp/rear.hvWqMGkcXVEGC9y/rootfs/lib/firmware/nvidia/gp106/gr/sw_nonctx.bin'
'/lib/firmware/nvidia/gp106/nvdec' -> '/tmp/rear.hvWqMGkcXVEGC9y/rootfs/lib/firmware/nvidia/gp106/nvdec'
'/lib/firmware/nvidia/gp106/nvdec/scrubber.bin' -> '/tmp/rear.hvWqMGkcXVEGC9y/rootfs/lib/firmware/nvidia/gp106/nvdec/scrubber.bin'
'/lib/firmware/nvidia/gp106/sec2' -> '/tmp/rear.hvWqMGkcXVEGC9y/rootfs/lib/firmware/nvidia/gp106/sec2'
'/lib/firmware/nvidia/gp106/sec2/desc-1.bin' -> '/tmp/rear.hvWqMGkcXVEGC9y/rootfs/lib/firmware/nvidia/gp106/sec2/desc-1.bin'
'/lib/firmware/nvidia/gp106/sec2/desc.bin' -> '/tmp/rear.hvWqMGkcXVEGC9y/rootfs/lib/firmware/nvidia/gp106/sec2/desc.bin'
'/lib/firmware/nvidia/gp106/sec2/image-1.bin' -> '/tmp/rear.hvWqMGkcXVEGC9y/rootfs/lib/firmware/nvidia/gp106/sec2/image-1.bin'
'/lib/firmware/nvidia/gp106/sec2/image.bin' -> '/tmp/rear.hvWqMGkcXVEGC9y/rootfs/lib/firmware/nvidia/gp106/sec2/image.bin'
'/lib/firmware/nvidia/gp106/sec2/sig-1.bin' -> '/tmp/rear.hvWqMGkcXVEGC9y/rootfs/lib/firmware/nvidia/gp106/sec2/sig-1.bin'
'/lib/firmware/nvidia/gp106/sec2/sig.bin' -> '/tmp/rear.hvWqMGkcXVEGC9y/rootfs/lib/firmware/nvidia/gp106/sec2/sig.bin'
'/lib/firmware/nvidia/gp107' -> '/tmp/rear.hvWqMGkcXVEGC9y/rootfs/lib/firmware/nvidia/gp107'
'/lib/firmware/nvidia/gp107/acr' -> '/tmp/rear.hvWqMGkcXVEGC9y/rootfs/lib/firmware/nvidia/gp107/acr'
'/lib/firmware/nvidia/gp107/acr/bl.bin' -> '/tmp/rear.hvWqMGkcXVEGC9y/rootfs/lib/firmware/nvidia/gp107/acr/bl.bin'
'/lib/firmware/nvidia/gp107/acr/ucode_load.bin' -> '/tmp/rear.hvWqMGkcXVEGC9y/rootfs/lib/firmware/nvidia/gp107/acr/ucode_load.bin'
'/lib/firmware/nvidia/gp107/acr/ucode_unload.bin' -> '/tmp/rear.hvWqMGkcXVEGC9y/rootfs/lib/firmware/nvidia/gp107/acr/ucode_unload.bin'
'/lib/firmware/nvidia/gp107/acr/unload_bl.bin' -> '/tmp/rear.hvWqMGkcXVEGC9y/rootfs/lib/firmware/nvidia/gp107/acr/unload_bl.bin'
'/lib/firmware/nvidia/gp107/gr' -> '/tmp/rear.hvWqMGkcXVEGC9y/rootfs/lib/firmware/nvidia/gp107/gr'
'/lib/firmware/nvidia/gp107/gr/fecs_bl.bin' -> '/tmp/rear.hvWqMGkcXVEGC9y/rootfs/lib/firmware/nvidia/gp107/gr/fecs_bl.bin'
'/lib/firmware/nvidia/gp107/gr/fecs_data.bin' -> '/tmp/rear.hvWqMGkcXVEGC9y/rootfs/lib/firmware/nvidia/gp107/gr/fecs_data.bin'
'/lib/firmware/nvidia/gp107/gr/fecs_inst.bin' -> '/tmp/rear.hvWqMGkcXVEGC9y/rootfs/lib/firmware/nvidia/gp107/gr/fecs_inst.bin'
'/lib/firmware/nvidia/gp107/gr/fecs_sig.bin' -> '/tmp/rear.hvWqMGkcXVEGC9y/rootfs/lib/firmware/nvidia/gp107/gr/fecs_sig.bin'
'/lib/firmware/nvidia/gp107/gr/gpccs_bl.bin' -> '/tmp/rear.hvWqMGkcXVEGC9y/rootfs/lib/firmware/nvidia/gp107/gr/gpccs_bl.bin'
'/lib/firmware/nvidia/gp107/gr/gpccs_data.bin' -> '/tmp/rear.hvWqMGkcXVEGC9y/rootfs/lib/firmware/nvidia/gp107/gr/gpccs_data.bin'
'/lib/firmware/nvidia/gp107/gr/gpccs_inst.bin' -> '/tmp/rear.hvWqMGkcXVEGC9y/rootfs/lib/firmware/nvidia/gp107/gr/gpccs_inst.bin'
'/lib/firmware/nvidia/gp107/gr/gpccs_sig.bin' -> '/tmp/rear.hvWqMGkcXVEGC9y/rootfs/lib/firmware/nvidia/gp107/gr/gpccs_sig.bin'
'/lib/firmware/nvidia/gp107/gr/sw_bundle_init.bin' -> '/tmp/rear.hvWqMGkcXVEGC9y/rootfs/lib/firmware/nvidia/gp107/gr/sw_bundle_init.bin'
'/lib/firmware/nvidia/gp107/gr/sw_ctx.bin' -> '/tmp/rear.hvWqMGkcXVEGC9y/rootfs/lib/firmware/nvidia/gp107/gr/sw_ctx.bin'
'/lib/firmware/nvidia/gp107/gr/sw_method_init.bin' -> '/tmp/rear.hvWqMGkcXVEGC9y/rootfs/lib/firmware/nvidia/gp107/gr/sw_method_init.bin'
'/lib/firmware/nvidia/gp107/gr/sw_nonctx.bin' -> '/tmp/rear.hvWqMGkcXVEGC9y/rootfs/lib/firmware/nvidia/gp107/gr/sw_nonctx.bin'
'/lib/firmware/nvidia/gp107/nvdec' -> '/tmp/rear.hvWqMGkcXVEGC9y/rootfs/lib/firmware/nvidia/gp107/nvdec'
'/lib/firmware/nvidia/gp107/nvdec/scrubber.bin' -> '/tmp/rear.hvWqMGkcXVEGC9y/rootfs/lib/firmware/nvidia/gp107/nvdec/scrubber.bin'
'/lib/firmware/nvidia/gp107/sec2' -> '/tmp/rear.hvWqMGkcXVEGC9y/rootfs/lib/firmware/nvidia/gp107/sec2'
'/lib/firmware/nvidia/gp107/sec2/desc-1.bin' -> '/tmp/rear.hvWqMGkcXVEGC9y/rootfs/lib/firmware/nvidia/gp107/sec2/desc-1.bin'
'/lib/firmware/nvidia/gp107/sec2/desc.bin' -> '/tmp/rear.hvWqMGkcXVEGC9y/rootfs/lib/firmware/nvidia/gp107/sec2/desc.bin'
'/lib/firmware/nvidia/gp107/sec2/image-1.bin' -> '/tmp/rear.hvWqMGkcXVEGC9y/rootfs/lib/firmware/nvidia/gp107/sec2/image-1.bin'
'/lib/firmware/nvidia/gp107/sec2/image.bin' -> '/tmp/rear.hvWqMGkcXVEGC9y/rootfs/lib/firmware/nvidia/gp107/sec2/image.bin'
'/lib/firmware/nvidia/gp107/sec2/sig-1.bin' -> '/tmp/rear.hvWqMGkcXVEGC9y/rootfs/lib/firmware/nvidia/gp107/sec2/sig-1.bin'
'/lib/firmware/nvidia/gp107/sec2/sig.bin' -> '/tmp/rear.hvWqMGkcXVEGC9y/rootfs/lib/firmware/nvidia/gp107/sec2/sig.bin'
'/lib/firmware/nvidia/gp108' -> '/tmp/rear.hvWqMGkcXVEGC9y/rootfs/lib/firmware/nvidia/gp108'
'/lib/firmware/nvidia/gp108/acr' -> '/tmp/rear.hvWqMGkcXVEGC9y/rootfs/lib/firmware/nvidia/gp108/acr'
'/lib/firmware/nvidia/gp108/acr/bl.bin' -> '/tmp/rear.hvWqMGkcXVEGC9y/rootfs/lib/firmware/nvidia/gp108/acr/bl.bin'
'/lib/firmware/nvidia/gp108/acr/ucode_load.bin' -> '/tmp/rear.hvWqMGkcXVEGC9y/rootfs/lib/firmware/nvidia/gp108/acr/ucode_load.bin'
'/lib/firmware/nvidia/gp108/acr/ucode_unload.bin' -> '/tmp/rear.hvWqMGkcXVEGC9y/rootfs/lib/firmware/nvidia/gp108/acr/ucode_unload.bin'
'/lib/firmware/nvidia/gp108/acr/unload_bl.bin' -> '/tmp/rear.hvWqMGkcXVEGC9y/rootfs/lib/firmware/nvidia/gp108/acr/unload_bl.bin'
'/lib/firmware/nvidia/gp108/gr' -> '/tmp/rear.hvWqMGkcXVEGC9y/rootfs/lib/firmware/nvidia/gp108/gr'
'/lib/firmware/nvidia/gp108/gr/fecs_bl.bin' -> '/tmp/rear.hvWqMGkcXVEGC9y/rootfs/lib/firmware/nvidia/gp108/gr/fecs_bl.bin'
'/lib/firmware/nvidia/gp108/gr/fecs_data.bin' -> '/tmp/rear.hvWqMGkcXVEGC9y/rootfs/lib/firmware/nvidia/gp108/gr/fecs_data.bin'
'/lib/firmware/nvidia/gp108/gr/fecs_inst.bin' -> '/tmp/rear.hvWqMGkcXVEGC9y/rootfs/lib/firmware/nvidia/gp108/gr/fecs_inst.bin'
'/lib/firmware/nvidia/gp108/gr/fecs_sig.bin' -> '/tmp/rear.hvWqMGkcXVEGC9y/rootfs/lib/firmware/nvidia/gp108/gr/fecs_sig.bin'
'/lib/firmware/nvidia/gp108/gr/gpccs_bl.bin' -> '/tmp/rear.hvWqMGkcXVEGC9y/rootfs/lib/firmware/nvidia/gp108/gr/gpccs_bl.bin'
'/lib/firmware/nvidia/gp108/gr/gpccs_data.bin' -> '/tmp/rear.hvWqMGkcXVEGC9y/rootfs/lib/firmware/nvidia/gp108/gr/gpccs_data.bin'
'/lib/firmware/nvidia/gp108/gr/gpccs_inst.bin' -> '/tmp/rear.hvWqMGkcXVEGC9y/rootfs/lib/firmware/nvidia/gp108/gr/gpccs_inst.bin'
'/lib/firmware/nvidia/gp108/gr/gpccs_sig.bin' -> '/tmp/rear.hvWqMGkcXVEGC9y/rootfs/lib/firmware/nvidia/gp108/gr/gpccs_sig.bin'
'/lib/firmware/nvidia/gp108/gr/sw_bundle_init.bin' -> '/tmp/rear.hvWqMGkcXVEGC9y/rootfs/lib/firmware/nvidia/gp108/gr/sw_bundle_init.bin'
'/lib/firmware/nvidia/gp108/gr/sw_ctx.bin' -> '/tmp/rear.hvWqMGkcXVEGC9y/rootfs/lib/firmware/nvidia/gp108/gr/sw_ctx.bin'
'/lib/firmware/nvidia/gp108/gr/sw_method_init.bin' -> '/tmp/rear.hvWqMGkcXVEGC9y/rootfs/lib/firmware/nvidia/gp108/gr/sw_method_init.bin'
'/lib/firmware/nvidia/gp108/gr/sw_nonctx.bin' -> '/tmp/rear.hvWqMGkcXVEGC9y/rootfs/lib/firmware/nvidia/gp108/gr/sw_nonctx.bin'
'/lib/firmware/nvidia/gp108/nvdec' -> '/tmp/rear.hvWqMGkcXVEGC9y/rootfs/lib/firmware/nvidia/gp108/nvdec'
'/lib/firmware/nvidia/gp108/nvdec/scrubber.bin' -> '/tmp/rear.hvWqMGkcXVEGC9y/rootfs/lib/firmware/nvidia/gp108/nvdec/scrubber.bin'
'/lib/firmware/nvidia/gp108/sec2' -> '/tmp/rear.hvWqMGkcXVEGC9y/rootfs/lib/firmware/nvidia/gp108/sec2'
'/lib/firmware/nvidia/gp108/sec2/desc.bin' -> '/tmp/rear.hvWqMGkcXVEGC9y/rootfs/lib/firmware/nvidia/gp108/sec2/desc.bin'
'/lib/firmware/nvidia/gp108/sec2/image.bin' -> '/tmp/rear.hvWqMGkcXVEGC9y/rootfs/lib/firmware/nvidia/gp108/sec2/image.bin'
'/lib/firmware/nvidia/gp108/sec2/sig.bin' -> '/tmp/rear.hvWqMGkcXVEGC9y/rootfs/lib/firmware/nvidia/gp108/sec2/sig.bin'
'/lib/firmware/nvidia/gp10b' -> '/tmp/rear.hvWqMGkcXVEGC9y/rootfs/lib/firmware/nvidia/gp10b'
'/lib/firmware/nvidia/gp10b/acr' -> '/tmp/rear.hvWqMGkcXVEGC9y/rootfs/lib/firmware/nvidia/gp10b/acr'
'/lib/firmware/nvidia/gp10b/acr/bl.bin' -> '/tmp/rear.hvWqMGkcXVEGC9y/rootfs/lib/firmware/nvidia/gp10b/acr/bl.bin'
'/lib/firmware/nvidia/gp10b/acr/ucode_load.bin' -> '/tmp/rear.hvWqMGkcXVEGC9y/rootfs/lib/firmware/nvidia/gp10b/acr/ucode_load.bin'
'/lib/firmware/nvidia/gp10b/gr' -> '/tmp/rear.hvWqMGkcXVEGC9y/rootfs/lib/firmware/nvidia/gp10b/gr'
'/lib/firmware/nvidia/gp10b/gr/fecs_bl.bin' -> '/tmp/rear.hvWqMGkcXVEGC9y/rootfs/lib/firmware/nvidia/gp10b/gr/fecs_bl.bin'
'/lib/firmware/nvidia/gp10b/gr/fecs_data.bin' -> '/tmp/rear.hvWqMGkcXVEGC9y/rootfs/lib/firmware/nvidia/gp10b/gr/fecs_data.bin'
'/lib/firmware/nvidia/gp10b/gr/fecs_inst.bin' -> '/tmp/rear.hvWqMGkcXVEGC9y/rootfs/lib/firmware/nvidia/gp10b/gr/fecs_inst.bin'
'/lib/firmware/nvidia/gp10b/gr/fecs_sig.bin' -> '/tmp/rear.hvWqMGkcXVEGC9y/rootfs/lib/firmware/nvidia/gp10b/gr/fecs_sig.bin'
'/lib/firmware/nvidia/gp10b/gr/gpccs_bl.bin' -> '/tmp/rear.hvWqMGkcXVEGC9y/rootfs/lib/firmware/nvidia/gp10b/gr/gpccs_bl.bin'
'/lib/firmware/nvidia/gp10b/gr/gpccs_data.bin' -> '/tmp/rear.hvWqMGkcXVEGC9y/rootfs/lib/firmware/nvidia/gp10b/gr/gpccs_data.bin'
'/lib/firmware/nvidia/gp10b/gr/gpccs_inst.bin' -> '/tmp/rear.hvWqMGkcXVEGC9y/rootfs/lib/firmware/nvidia/gp10b/gr/gpccs_inst.bin'
'/lib/firmware/nvidia/gp10b/gr/gpccs_sig.bin' -> '/tmp/rear.hvWqMGkcXVEGC9y/rootfs/lib/firmware/nvidia/gp10b/gr/gpccs_sig.bin'
'/lib/firmware/nvidia/gp10b/gr/sw_bundle_init.bin' -> '/tmp/rear.hvWqMGkcXVEGC9y/rootfs/lib/firmware/nvidia/gp10b/gr/sw_bundle_init.bin'
'/lib/firmware/nvidia/gp10b/gr/sw_ctx.bin' -> '/tmp/rear.hvWqMGkcXVEGC9y/rootfs/lib/firmware/nvidia/gp10b/gr/sw_ctx.bin'
'/lib/firmware/nvidia/gp10b/gr/sw_method_init.bin' -> '/tmp/rear.hvWqMGkcXVEGC9y/rootfs/lib/firmware/nvidia/gp10b/gr/sw_method_init.bin'
'/lib/firmware/nvidia/gp10b/gr/sw_nonctx.bin' -> '/tmp/rear.hvWqMGkcXVEGC9y/rootfs/lib/firmware/nvidia/gp10b/gr/sw_nonctx.bin'
'/lib/firmware/nvidia/gp10b/pmu' -> '/tmp/rear.hvWqMGkcXVEGC9y/rootfs/lib/firmware/nvidia/gp10b/pmu'
'/lib/firmware/nvidia/gp10b/pmu/desc.bin' -> '/tmp/rear.hvWqMGkcXVEGC9y/rootfs/lib/firmware/nvidia/gp10b/pmu/desc.bin'
'/lib/firmware/nvidia/gp10b/pmu/image.bin' -> '/tmp/rear.hvWqMGkcXVEGC9y/rootfs/lib/firmware/nvidia/gp10b/pmu/image.bin'
'/lib/firmware/nvidia/gp10b/pmu/sig.bin' -> '/tmp/rear.hvWqMGkcXVEGC9y/rootfs/lib/firmware/nvidia/gp10b/pmu/sig.bin'
'/lib/firmware/nvidia/gv100' -> '/tmp/rear.hvWqMGkcXVEGC9y/rootfs/lib/firmware/nvidia/gv100'
'/lib/firmware/nvidia/gv100/acr' -> '/tmp/rear.hvWqMGkcXVEGC9y/rootfs/lib/firmware/nvidia/gv100/acr'
'/lib/firmware/nvidia/gv100/acr/bl.bin' -> '/tmp/rear.hvWqMGkcXVEGC9y/rootfs/lib/firmware/nvidia/gv100/acr/bl.bin'
'/lib/firmware/nvidia/gv100/acr/ucode_load.bin' -> '/tmp/rear.hvWqMGkcXVEGC9y/rootfs/lib/firmware/nvidia/gv100/acr/ucode_load.bin'
'/lib/firmware/nvidia/gv100/acr/ucode_unload.bin' -> '/tmp/rear.hvWqMGkcXVEGC9y/rootfs/lib/firmware/nvidia/gv100/acr/ucode_unload.bin'
'/lib/firmware/nvidia/gv100/acr/unload_bl.bin' -> '/tmp/rear.hvWqMGkcXVEGC9y/rootfs/lib/firmware/nvidia/gv100/acr/unload_bl.bin'
'/lib/firmware/nvidia/gv100/gr' -> '/tmp/rear.hvWqMGkcXVEGC9y/rootfs/lib/firmware/nvidia/gv100/gr'
'/lib/firmware/nvidia/gv100/gr/fecs_bl.bin' -> '/tmp/rear.hvWqMGkcXVEGC9y/rootfs/lib/firmware/nvidia/gv100/gr/fecs_bl.bin'
'/lib/firmware/nvidia/gv100/gr/fecs_data.bin' -> '/tmp/rear.hvWqMGkcXVEGC9y/rootfs/lib/firmware/nvidia/gv100/gr/fecs_data.bin'
'/lib/firmware/nvidia/gv100/gr/fecs_inst.bin' -> '/tmp/rear.hvWqMGkcXVEGC9y/rootfs/lib/firmware/nvidia/gv100/gr/fecs_inst.bin'
'/lib/firmware/nvidia/gv100/gr/fecs_sig.bin' -> '/tmp/rear.hvWqMGkcXVEGC9y/rootfs/lib/firmware/nvidia/gv100/gr/fecs_sig.bin'
'/lib/firmware/nvidia/gv100/gr/gpccs_bl.bin' -> '/tmp/rear.hvWqMGkcXVEGC9y/rootfs/lib/firmware/nvidia/gv100/gr/gpccs_bl.bin'
'/lib/firmware/nvidia/gv100/gr/gpccs_data.bin' -> '/tmp/rear.hvWqMGkcXVEGC9y/rootfs/lib/firmware/nvidia/gv100/gr/gpccs_data.bin'
'/lib/firmware/nvidia/gv100/gr/gpccs_inst.bin' -> '/tmp/rear.hvWqMGkcXVEGC9y/rootfs/lib/firmware/nvidia/gv100/gr/gpccs_inst.bin'
'/lib/firmware/nvidia/gv100/gr/gpccs_sig.bin' -> '/tmp/rear.hvWqMGkcXVEGC9y/rootfs/lib/firmware/nvidia/gv100/gr/gpccs_sig.bin'
'/lib/firmware/nvidia/gv100/gr/sw_bundle_init.bin' -> '/tmp/rear.hvWqMGkcXVEGC9y/rootfs/lib/firmware/nvidia/gv100/gr/sw_bundle_init.bin'
'/lib/firmware/nvidia/gv100/gr/sw_ctx.bin' -> '/tmp/rear.hvWqMGkcXVEGC9y/rootfs/lib/firmware/nvidia/gv100/gr/sw_ctx.bin'
'/lib/firmware/nvidia/gv100/gr/sw_method_init.bin' -> '/tmp/rear.hvWqMGkcXVEGC9y/rootfs/lib/firmware/nvidia/gv100/gr/sw_method_init.bin'
'/lib/firmware/nvidia/gv100/gr/sw_nonctx.bin' -> '/tmp/rear.hvWqMGkcXVEGC9y/rootfs/lib/firmware/nvidia/gv100/gr/sw_nonctx.bin'
'/lib/firmware/nvidia/gv100/nvdec' -> '/tmp/rear.hvWqMGkcXVEGC9y/rootfs/lib/firmware/nvidia/gv100/nvdec'
'/lib/firmware/nvidia/gv100/nvdec/scrubber.bin' -> '/tmp/rear.hvWqMGkcXVEGC9y/rootfs/lib/firmware/nvidia/gv100/nvdec/scrubber.bin'
'/lib/firmware/nvidia/gv100/sec2' -> '/tmp/rear.hvWqMGkcXVEGC9y/rootfs/lib/firmware/nvidia/gv100/sec2'
'/lib/firmware/nvidia/gv100/sec2/desc.bin' -> '/tmp/rear.hvWqMGkcXVEGC9y/rootfs/lib/firmware/nvidia/gv100/sec2/desc.bin'
'/lib/firmware/nvidia/gv100/sec2/image.bin' -> '/tmp/rear.hvWqMGkcXVEGC9y/rootfs/lib/firmware/nvidia/gv100/sec2/image.bin'
'/lib/firmware/nvidia/gv100/sec2/sig.bin' -> '/tmp/rear.hvWqMGkcXVEGC9y/rootfs/lib/firmware/nvidia/gv100/sec2/sig.bin'
'/lib/firmware/nvidia/tegra124' -> '/tmp/rear.hvWqMGkcXVEGC9y/rootfs/lib/firmware/nvidia/tegra124'
'/lib/firmware/nvidia/tegra124/vic.bin' -> '/tmp/rear.hvWqMGkcXVEGC9y/rootfs/lib/firmware/nvidia/tegra124/vic.bin'
'/lib/firmware/nvidia/tegra124/vic03_ucode.bin' -> '/tmp/rear.hvWqMGkcXVEGC9y/rootfs/lib/firmware/nvidia/tegra124/vic03_ucode.bin'
'/lib/firmware/nvidia/tegra124/xusb.bin' -> '/tmp/rear.hvWqMGkcXVEGC9y/rootfs/lib/firmware/nvidia/tegra124/xusb.bin'
'/lib/firmware/nvidia/tegra186' -> '/tmp/rear.hvWqMGkcXVEGC9y/rootfs/lib/firmware/nvidia/tegra186'
'/lib/firmware/nvidia/tegra186/vic.bin' -> '/tmp/rear.hvWqMGkcXVEGC9y/rootfs/lib/firmware/nvidia/tegra186/vic.bin'
'/lib/firmware/nvidia/tegra186/vic04_ucode.bin' -> '/tmp/rear.hvWqMGkcXVEGC9y/rootfs/lib/firmware/nvidia/tegra186/vic04_ucode.bin'
'/lib/firmware/nvidia/tegra186/xusb.bin' -> '/tmp/rear.hvWqMGkcXVEGC9y/rootfs/lib/firmware/nvidia/tegra186/xusb.bin'
'/lib/firmware/nvidia/tegra194' -> '/tmp/rear.hvWqMGkcXVEGC9y/rootfs/lib/firmware/nvidia/tegra194'
'/lib/firmware/nvidia/tegra194/xusb.bin' -> '/tmp/rear.hvWqMGkcXVEGC9y/rootfs/lib/firmware/nvidia/tegra194/xusb.bin'
'/lib/firmware/nvidia/tegra210' -> '/tmp/rear.hvWqMGkcXVEGC9y/rootfs/lib/firmware/nvidia/tegra210'
'/lib/firmware/nvidia/tegra210/vic.bin' -> '/tmp/rear.hvWqMGkcXVEGC9y/rootfs/lib/firmware/nvidia/tegra210/vic.bin'
'/lib/firmware/nvidia/tegra210/vic04_ucode.bin' -> '/tmp/rear.hvWqMGkcXVEGC9y/rootfs/lib/firmware/nvidia/tegra210/vic04_ucode.bin'
'/lib/firmware/nvidia/tegra210/xusb.bin' -> '/tmp/rear.hvWqMGkcXVEGC9y/rootfs/lib/firmware/nvidia/tegra210/xusb.bin'
'/lib/firmware/nvidia/tu102' -> '/tmp/rear.hvWqMGkcXVEGC9y/rootfs/lib/firmware/nvidia/tu102'
'/lib/firmware/nvidia/tu102/acr' -> '/tmp/rear.hvWqMGkcXVEGC9y/rootfs/lib/firmware/nvidia/tu102/acr'
'/lib/firmware/nvidia/tu102/acr/bl.bin' -> '/tmp/rear.hvWqMGkcXVEGC9y/rootfs/lib/firmware/nvidia/tu102/acr/bl.bin'
'/lib/firmware/nvidia/tu102/acr/ucode_ahesasc.bin' -> '/tmp/rear.hvWqMGkcXVEGC9y/rootfs/lib/firmware/nvidia/tu102/acr/ucode_ahesasc.bin'
'/lib/firmware/nvidia/tu102/acr/ucode_asb.bin' -> '/tmp/rear.hvWqMGkcXVEGC9y/rootfs/lib/firmware/nvidia/tu102/acr/ucode_asb.bin'
'/lib/firmware/nvidia/tu102/acr/ucode_unload.bin' -> '/tmp/rear.hvWqMGkcXVEGC9y/rootfs/lib/firmware/nvidia/tu102/acr/ucode_unload.bin'
'/lib/firmware/nvidia/tu102/acr/unload_bl.bin' -> '/tmp/rear.hvWqMGkcXVEGC9y/rootfs/lib/firmware/nvidia/tu102/acr/unload_bl.bin'
'/lib/firmware/nvidia/tu102/gr' -> '/tmp/rear.hvWqMGkcXVEGC9y/rootfs/lib/firmware/nvidia/tu102/gr'
'/lib/firmware/nvidia/tu102/gr/fecs_bl.bin' -> '/tmp/rear.hvWqMGkcXVEGC9y/rootfs/lib/firmware/nvidia/tu102/gr/fecs_bl.bin'
'/lib/firmware/nvidia/tu102/gr/fecs_data.bin' -> '/tmp/rear.hvWqMGkcXVEGC9y/rootfs/lib/firmware/nvidia/tu102/gr/fecs_data.bin'
'/lib/firmware/nvidia/tu102/gr/fecs_inst.bin' -> '/tmp/rear.hvWqMGkcXVEGC9y/rootfs/lib/firmware/nvidia/tu102/gr/fecs_inst.bin'
'/lib/firmware/nvidia/tu102/gr/fecs_sig.bin' -> '/tmp/rear.hvWqMGkcXVEGC9y/rootfs/lib/firmware/nvidia/tu102/gr/fecs_sig.bin'
'/lib/firmware/nvidia/tu102/gr/gpccs_bl.bin' -> '/tmp/rear.hvWqMGkcXVEGC9y/rootfs/lib/firmware/nvidia/tu102/gr/gpccs_bl.bin'
'/lib/firmware/nvidia/tu102/gr/gpccs_data.bin' -> '/tmp/rear.hvWqMGkcXVEGC9y/rootfs/lib/firmware/nvidia/tu102/gr/gpccs_data.bin'
'/lib/firmware/nvidia/tu102/gr/gpccs_inst.bin' -> '/tmp/rear.hvWqMGkcXVEGC9y/rootfs/lib/firmware/nvidia/tu102/gr/gpccs_inst.bin'
'/lib/firmware/nvidia/tu102/gr/gpccs_sig.bin' -> '/tmp/rear.hvWqMGkcXVEGC9y/rootfs/lib/firmware/nvidia/tu102/gr/gpccs_sig.bin'
'/lib/firmware/nvidia/tu102/gr/sw_bundle_init.bin' -> '/tmp/rear.hvWqMGkcXVEGC9y/rootfs/lib/firmware/nvidia/tu102/gr/sw_bundle_init.bin'
'/lib/firmware/nvidia/tu102/gr/sw_ctx.bin' -> '/tmp/rear.hvWqMGkcXVEGC9y/rootfs/lib/firmware/nvidia/tu102/gr/sw_ctx.bin'
'/lib/firmware/nvidia/tu102/gr/sw_method_init.bin' -> '/tmp/rear.hvWqMGkcXVEGC9y/rootfs/lib/firmware/nvidia/tu102/gr/sw_method_init.bin'
'/lib/firmware/nvidia/tu102/gr/sw_nonctx.bin' -> '/tmp/rear.hvWqMGkcXVEGC9y/rootfs/lib/firmware/nvidia/tu102/gr/sw_nonctx.bin'
'/lib/firmware/nvidia/tu102/gr/sw_veid_bundle_init.bin' -> '/tmp/rear.hvWqMGkcXVEGC9y/rootfs/lib/firmware/nvidia/tu102/gr/sw_veid_bundle_init.bin'
'/lib/firmware/nvidia/tu102/nvdec' -> '/tmp/rear.hvWqMGkcXVEGC9y/rootfs/lib/firmware/nvidia/tu102/nvdec'
'/lib/firmware/nvidia/tu102/nvdec/scrubber.bin' -> '/tmp/rear.hvWqMGkcXVEGC9y/rootfs/lib/firmware/nvidia/tu102/nvdec/scrubber.bin'
'/lib/firmware/nvidia/tu102/sec2' -> '/tmp/rear.hvWqMGkcXVEGC9y/rootfs/lib/firmware/nvidia/tu102/sec2'
'/lib/firmware/nvidia/tu102/sec2/desc.bin' -> '/tmp/rear.hvWqMGkcXVEGC9y/rootfs/lib/firmware/nvidia/tu102/sec2/desc.bin'
'/lib/firmware/nvidia/tu102/sec2/image.bin' -> '/tmp/rear.hvWqMGkcXVEGC9y/rootfs/lib/firmware/nvidia/tu102/sec2/image.bin'
'/lib/firmware/nvidia/tu102/sec2/sig.bin' -> '/tmp/rear.hvWqMGkcXVEGC9y/rootfs/lib/firmware/nvidia/tu102/sec2/sig.bin'
'/lib/firmware/nvidia/tu104' -> '/tmp/rear.hvWqMGkcXVEGC9y/rootfs/lib/firmware/nvidia/tu104'
'/lib/firmware/nvidia/tu104/acr' -> '/tmp/rear.hvWqMGkcXVEGC9y/rootfs/lib/firmware/nvidia/tu104/acr'
'/lib/firmware/nvidia/tu104/acr/bl.bin' -> '/tmp/rear.hvWqMGkcXVEGC9y/rootfs/lib/firmware/nvidia/tu104/acr/bl.bin'
'/lib/firmware/nvidia/tu104/acr/ucode_ahesasc.bin' -> '/tmp/rear.hvWqMGkcXVEGC9y/rootfs/lib/firmware/nvidia/tu104/acr/ucode_ahesasc.bin'
'/lib/firmware/nvidia/tu104/acr/ucode_asb.bin' -> '/tmp/rear.hvWqMGkcXVEGC9y/rootfs/lib/firmware/nvidia/tu104/acr/ucode_asb.bin'
'/lib/firmware/nvidia/tu104/acr/ucode_unload.bin' -> '/tmp/rear.hvWqMGkcXVEGC9y/rootfs/lib/firmware/nvidia/tu104/acr/ucode_unload.bin'
'/lib/firmware/nvidia/tu104/acr/unload_bl.bin' -> '/tmp/rear.hvWqMGkcXVEGC9y/rootfs/lib/firmware/nvidia/tu104/acr/unload_bl.bin'
'/lib/firmware/nvidia/tu104/gr' -> '/tmp/rear.hvWqMGkcXVEGC9y/rootfs/lib/firmware/nvidia/tu104/gr'
'/lib/firmware/nvidia/tu104/gr/fecs_bl.bin' -> '/tmp/rear.hvWqMGkcXVEGC9y/rootfs/lib/firmware/nvidia/tu104/gr/fecs_bl.bin'
'/lib/firmware/nvidia/tu104/gr/fecs_data.bin' -> '/tmp/rear.hvWqMGkcXVEGC9y/rootfs/lib/firmware/nvidia/tu104/gr/fecs_data.bin'
'/lib/firmware/nvidia/tu104/gr/fecs_inst.bin' -> '/tmp/rear.hvWqMGkcXVEGC9y/rootfs/lib/firmware/nvidia/tu104/gr/fecs_inst.bin'
'/lib/firmware/nvidia/tu104/gr/fecs_sig.bin' -> '/tmp/rear.hvWqMGkcXVEGC9y/rootfs/lib/firmware/nvidia/tu104/gr/fecs_sig.bin'
'/lib/firmware/nvidia/tu104/gr/gpccs_bl.bin' -> '/tmp/rear.hvWqMGkcXVEGC9y/rootfs/lib/firmware/nvidia/tu104/gr/gpccs_bl.bin'
'/lib/firmware/nvidia/tu104/gr/gpccs_data.bin' -> '/tmp/rear.hvWqMGkcXVEGC9y/rootfs/lib/firmware/nvidia/tu104/gr/gpccs_data.bin'
'/lib/firmware/nvidia/tu104/gr/gpccs_inst.bin' -> '/tmp/rear.hvWqMGkcXVEGC9y/rootfs/lib/firmware/nvidia/tu104/gr/gpccs_inst.bin'
'/lib/firmware/nvidia/tu104/gr/gpccs_sig.bin' -> '/tmp/rear.hvWqMGkcXVEGC9y/rootfs/lib/firmware/nvidia/tu104/gr/gpccs_sig.bin'
'/lib/firmware/nvidia/tu104/gr/sw_bundle_init.bin' -> '/tmp/rear.hvWqMGkcXVEGC9y/rootfs/lib/firmware/nvidia/tu104/gr/sw_bundle_init.bin'
'/lib/firmware/nvidia/tu104/gr/sw_ctx.bin' -> '/tmp/rear.hvWqMGkcXVEGC9y/rootfs/lib/firmware/nvidia/tu104/gr/sw_ctx.bin'
'/lib/firmware/nvidia/tu104/gr/sw_method_init.bin' -> '/tmp/rear.hvWqMGkcXVEGC9y/rootfs/lib/firmware/nvidia/tu104/gr/sw_method_init.bin'
'/lib/firmware/nvidia/tu104/gr/sw_nonctx.bin' -> '/tmp/rear.hvWqMGkcXVEGC9y/rootfs/lib/firmware/nvidia/tu104/gr/sw_nonctx.bin'
'/lib/firmware/nvidia/tu104/gr/sw_veid_bundle_init.bin' -> '/tmp/rear.hvWqMGkcXVEGC9y/rootfs/lib/firmware/nvidia/tu104/gr/sw_veid_bundle_init.bin'
'/lib/firmware/nvidia/tu104/nvdec' -> '/tmp/rear.hvWqMGkcXVEGC9y/rootfs/lib/firmware/nvidia/tu104/nvdec'
'/lib/firmware/nvidia/tu104/nvdec/scrubber.bin' -> '/tmp/rear.hvWqMGkcXVEGC9y/rootfs/lib/firmware/nvidia/tu104/nvdec/scrubber.bin'
'/lib/firmware/nvidia/tu104/sec2' -> '/tmp/rear.hvWqMGkcXVEGC9y/rootfs/lib/firmware/nvidia/tu104/sec2'
'/lib/firmware/nvidia/tu104/sec2/desc.bin' -> '/tmp/rear.hvWqMGkcXVEGC9y/rootfs/lib/firmware/nvidia/tu104/sec2/desc.bin'
'/lib/firmware/nvidia/tu104/sec2/image.bin' -> '/tmp/rear.hvWqMGkcXVEGC9y/rootfs/lib/firmware/nvidia/tu104/sec2/image.bin'
'/lib/firmware/nvidia/tu104/sec2/sig.bin' -> '/tmp/rear.hvWqMGkcXVEGC9y/rootfs/lib/firmware/nvidia/tu104/sec2/sig.bin'
'/lib/firmware/nvidia/tu106' -> '/tmp/rear.hvWqMGkcXVEGC9y/rootfs/lib/firmware/nvidia/tu106'
'/lib/firmware/nvidia/tu106/acr' -> '/tmp/rear.hvWqMGkcXVEGC9y/rootfs/lib/firmware/nvidia/tu106/acr'
'/lib/firmware/nvidia/tu106/acr/bl.bin' -> '/tmp/rear.hvWqMGkcXVEGC9y/rootfs/lib/firmware/nvidia/tu106/acr/bl.bin'
'/lib/firmware/nvidia/tu106/acr/ucode_ahesasc.bin' -> '/tmp/rear.hvWqMGkcXVEGC9y/rootfs/lib/firmware/nvidia/tu106/acr/ucode_ahesasc.bin'
'/lib/firmware/nvidia/tu106/acr/ucode_asb.bin' -> '/tmp/rear.hvWqMGkcXVEGC9y/rootfs/lib/firmware/nvidia/tu106/acr/ucode_asb.bin'
'/lib/firmware/nvidia/tu106/acr/ucode_unload.bin' -> '/tmp/rear.hvWqMGkcXVEGC9y/rootfs/lib/firmware/nvidia/tu106/acr/ucode_unload.bin'
'/lib/firmware/nvidia/tu106/acr/unload_bl.bin' -> '/tmp/rear.hvWqMGkcXVEGC9y/rootfs/lib/firmware/nvidia/tu106/acr/unload_bl.bin'
'/lib/firmware/nvidia/tu106/gr' -> '/tmp/rear.hvWqMGkcXVEGC9y/rootfs/lib/firmware/nvidia/tu106/gr'
'/lib/firmware/nvidia/tu106/gr/fecs_bl.bin' -> '/tmp/rear.hvWqMGkcXVEGC9y/rootfs/lib/firmware/nvidia/tu106/gr/fecs_bl.bin'
'/lib/firmware/nvidia/tu106/gr/fecs_data.bin' -> '/tmp/rear.hvWqMGkcXVEGC9y/rootfs/lib/firmware/nvidia/tu106/gr/fecs_data.bin'
'/lib/firmware/nvidia/tu106/gr/fecs_inst.bin' -> '/tmp/rear.hvWqMGkcXVEGC9y/rootfs/lib/firmware/nvidia/tu106/gr/fecs_inst.bin'
'/lib/firmware/nvidia/tu106/gr/fecs_sig.bin' -> '/tmp/rear.hvWqMGkcXVEGC9y/rootfs/lib/firmware/nvidia/tu106/gr/fecs_sig.bin'
'/lib/firmware/nvidia/tu106/gr/gpccs_bl.bin' -> '/tmp/rear.hvWqMGkcXVEGC9y/rootfs/lib/firmware/nvidia/tu106/gr/gpccs_bl.bin'
'/lib/firmware/nvidia/tu106/gr/gpccs_data.bin' -> '/tmp/rear.hvWqMGkcXVEGC9y/rootfs/lib/firmware/nvidia/tu106/gr/gpccs_data.bin'
'/lib/firmware/nvidia/tu106/gr/gpccs_inst.bin' -> '/tmp/rear.hvWqMGkcXVEGC9y/rootfs/lib/firmware/nvidia/tu106/gr/gpccs_inst.bin'
'/lib/firmware/nvidia/tu106/gr/gpccs_sig.bin' -> '/tmp/rear.hvWqMGkcXVEGC9y/rootfs/lib/firmware/nvidia/tu106/gr/gpccs_sig.bin'
'/lib/firmware/nvidia/tu106/gr/sw_bundle_init.bin' -> '/tmp/rear.hvWqMGkcXVEGC9y/rootfs/lib/firmware/nvidia/tu106/gr/sw_bundle_init.bin'
'/lib/firmware/nvidia/tu106/gr/sw_ctx.bin' -> '/tmp/rear.hvWqMGkcXVEGC9y/rootfs/lib/firmware/nvidia/tu106/gr/sw_ctx.bin'
'/lib/firmware/nvidia/tu106/gr/sw_method_init.bin' -> '/tmp/rear.hvWqMGkcXVEGC9y/rootfs/lib/firmware/nvidia/tu106/gr/sw_method_init.bin'
'/lib/firmware/nvidia/tu106/gr/sw_nonctx.bin' -> '/tmp/rear.hvWqMGkcXVEGC9y/rootfs/lib/firmware/nvidia/tu106/gr/sw_nonctx.bin'
'/lib/firmware/nvidia/tu106/gr/sw_veid_bundle_init.bin' -> '/tmp/rear.hvWqMGkcXVEGC9y/rootfs/lib/firmware/nvidia/tu106/gr/sw_veid_bundle_init.bin'
'/lib/firmware/nvidia/tu106/nvdec' -> '/tmp/rear.hvWqMGkcXVEGC9y/rootfs/lib/firmware/nvidia/tu106/nvdec'
'/lib/firmware/nvidia/tu106/nvdec/scrubber.bin' -> '/tmp/rear.hvWqMGkcXVEGC9y/rootfs/lib/firmware/nvidia/tu106/nvdec/scrubber.bin'
'/lib/firmware/nvidia/tu106/sec2' -> '/tmp/rear.hvWqMGkcXVEGC9y/rootfs/lib/firmware/nvidia/tu106/sec2'
'/lib/firmware/nvidia/tu106/sec2/desc.bin' -> '/tmp/rear.hvWqMGkcXVEGC9y/rootfs/lib/firmware/nvidia/tu106/sec2/desc.bin'
'/lib/firmware/nvidia/tu106/sec2/image.bin' -> '/tmp/rear.hvWqMGkcXVEGC9y/rootfs/lib/firmware/nvidia/tu106/sec2/image.bin'
'/lib/firmware/nvidia/tu106/sec2/sig.bin' -> '/tmp/rear.hvWqMGkcXVEGC9y/rootfs/lib/firmware/nvidia/tu106/sec2/sig.bin'
'/lib/firmware/nvidia/tu10x' -> '/tmp/rear.hvWqMGkcXVEGC9y/rootfs/lib/firmware/nvidia/tu10x'
'/lib/firmware/nvidia/tu10x/typec' -> '/tmp/rear.hvWqMGkcXVEGC9y/rootfs/lib/firmware/nvidia/tu10x/typec'
'/lib/firmware/nvidia/tu10x/typec/ccg_boot.cyacd' -> '/tmp/rear.hvWqMGkcXVEGC9y/rootfs/lib/firmware/nvidia/tu10x/typec/ccg_boot.cyacd'
'/lib/firmware/nvidia/tu10x/typec/ccg_primary.cyacd' -> '/tmp/rear.hvWqMGkcXVEGC9y/rootfs/lib/firmware/nvidia/tu10x/typec/ccg_primary.cyacd'
'/lib/firmware/nvidia/tu10x/typec/ccg_secondary.cyacd' -> '/tmp/rear.hvWqMGkcXVEGC9y/rootfs/lib/firmware/nvidia/tu10x/typec/ccg_secondary.cyacd'
'/lib/firmware/nvidia/tu116' -> '/tmp/rear.hvWqMGkcXVEGC9y/rootfs/lib/firmware/nvidia/tu116'
'/lib/firmware/nvidia/tu116/acr' -> '/tmp/rear.hvWqMGkcXVEGC9y/rootfs/lib/firmware/nvidia/tu116/acr'
'/lib/firmware/nvidia/tu116/acr/bl.bin' -> '/tmp/rear.hvWqMGkcXVEGC9y/rootfs/lib/firmware/nvidia/tu116/acr/bl.bin'
'/lib/firmware/nvidia/tu116/acr/ucode_ahesasc.bin' -> '/tmp/rear.hvWqMGkcXVEGC9y/rootfs/lib/firmware/nvidia/tu116/acr/ucode_ahesasc.bin'
'/lib/firmware/nvidia/tu116/acr/ucode_asb.bin' -> '/tmp/rear.hvWqMGkcXVEGC9y/rootfs/lib/firmware/nvidia/tu116/acr/ucode_asb.bin'
'/lib/firmware/nvidia/tu116/acr/ucode_unload.bin' -> '/tmp/rear.hvWqMGkcXVEGC9y/rootfs/lib/firmware/nvidia/tu116/acr/ucode_unload.bin'
'/lib/firmware/nvidia/tu116/acr/unload_bl.bin' -> '/tmp/rear.hvWqMGkcXVEGC9y/rootfs/lib/firmware/nvidia/tu116/acr/unload_bl.bin'
'/lib/firmware/nvidia/tu116/gr' -> '/tmp/rear.hvWqMGkcXVEGC9y/rootfs/lib/firmware/nvidia/tu116/gr'
'/lib/firmware/nvidia/tu116/gr/fecs_bl.bin' -> '/tmp/rear.hvWqMGkcXVEGC9y/rootfs/lib/firmware/nvidia/tu116/gr/fecs_bl.bin'
'/lib/firmware/nvidia/tu116/gr/fecs_data.bin' -> '/tmp/rear.hvWqMGkcXVEGC9y/rootfs/lib/firmware/nvidia/tu116/gr/fecs_data.bin'
'/lib/firmware/nvidia/tu116/gr/fecs_inst.bin' -> '/tmp/rear.hvWqMGkcXVEGC9y/rootfs/lib/firmware/nvidia/tu116/gr/fecs_inst.bin'
'/lib/firmware/nvidia/tu116/gr/fecs_sig.bin' -> '/tmp/rear.hvWqMGkcXVEGC9y/rootfs/lib/firmware/nvidia/tu116/gr/fecs_sig.bin'
'/lib/firmware/nvidia/tu116/gr/gpccs_bl.bin' -> '/tmp/rear.hvWqMGkcXVEGC9y/rootfs/lib/firmware/nvidia/tu116/gr/gpccs_bl.bin'
'/lib/firmware/nvidia/tu116/gr/gpccs_data.bin' -> '/tmp/rear.hvWqMGkcXVEGC9y/rootfs/lib/firmware/nvidia/tu116/gr/gpccs_data.bin'
'/lib/firmware/nvidia/tu116/gr/gpccs_inst.bin' -> '/tmp/rear.hvWqMGkcXVEGC9y/rootfs/lib/firmware/nvidia/tu116/gr/gpccs_inst.bin'
'/lib/firmware/nvidia/tu116/gr/gpccs_sig.bin' -> '/tmp/rear.hvWqMGkcXVEGC9y/rootfs/lib/firmware/nvidia/tu116/gr/gpccs_sig.bin'
'/lib/firmware/nvidia/tu116/gr/sw_bundle_init.bin' -> '/tmp/rear.hvWqMGkcXVEGC9y/rootfs/lib/firmware/nvidia/tu116/gr/sw_bundle_init.bin'
'/lib/firmware/nvidia/tu116/gr/sw_ctx.bin' -> '/tmp/rear.hvWqMGkcXVEGC9y/rootfs/lib/firmware/nvidia/tu116/gr/sw_ctx.bin'
'/lib/firmware/nvidia/tu116/gr/sw_method_init.bin' -> '/tmp/rear.hvWqMGkcXVEGC9y/rootfs/lib/firmware/nvidia/tu116/gr/sw_method_init.bin'
'/lib/firmware/nvidia/tu116/gr/sw_nonctx.bin' -> '/tmp/rear.hvWqMGkcXVEGC9y/rootfs/lib/firmware/nvidia/tu116/gr/sw_nonctx.bin'
'/lib/firmware/nvidia/tu116/gr/sw_veid_bundle_init.bin' -> '/tmp/rear.hvWqMGkcXVEGC9y/rootfs/lib/firmware/nvidia/tu116/gr/sw_veid_bundle_init.bin'
'/lib/firmware/nvidia/tu116/nvdec' -> '/tmp/rear.hvWqMGkcXVEGC9y/rootfs/lib/firmware/nvidia/tu116/nvdec'
'/lib/firmware/nvidia/tu116/nvdec/scrubber.bin' -> '/tmp/rear.hvWqMGkcXVEGC9y/rootfs/lib/firmware/nvidia/tu116/nvdec/scrubber.bin'
'/lib/firmware/nvidia/tu116/sec2' -> '/tmp/rear.hvWqMGkcXVEGC9y/rootfs/lib/firmware/nvidia/tu116/sec2'
'/lib/firmware/nvidia/tu116/sec2/desc.bin' -> '/tmp/rear.hvWqMGkcXVEGC9y/rootfs/lib/firmware/nvidia/tu116/sec2/desc.bin'
'/lib/firmware/nvidia/tu116/sec2/image.bin' -> '/tmp/rear.hvWqMGkcXVEGC9y/rootfs/lib/firmware/nvidia/tu116/sec2/image.bin'
'/lib/firmware/nvidia/tu116/sec2/sig.bin' -> '/tmp/rear.hvWqMGkcXVEGC9y/rootfs/lib/firmware/nvidia/tu116/sec2/sig.bin'
'/lib/firmware/nvidia/tu117' -> '/tmp/rear.hvWqMGkcXVEGC9y/rootfs/lib/firmware/nvidia/tu117'
'/lib/firmware/nvidia/tu117/acr' -> '/tmp/rear.hvWqMGkcXVEGC9y/rootfs/lib/firmware/nvidia/tu117/acr'
'/lib/firmware/nvidia/tu117/acr/bl.bin' -> '/tmp/rear.hvWqMGkcXVEGC9y/rootfs/lib/firmware/nvidia/tu117/acr/bl.bin'
'/lib/firmware/nvidia/tu117/acr/ucode_ahesasc.bin' -> '/tmp/rear.hvWqMGkcXVEGC9y/rootfs/lib/firmware/nvidia/tu117/acr/ucode_ahesasc.bin'
'/lib/firmware/nvidia/tu117/acr/ucode_asb.bin' -> '/tmp/rear.hvWqMGkcXVEGC9y/rootfs/lib/firmware/nvidia/tu117/acr/ucode_asb.bin'
'/lib/firmware/nvidia/tu117/acr/ucode_unload.bin' -> '/tmp/rear.hvWqMGkcXVEGC9y/rootfs/lib/firmware/nvidia/tu117/acr/ucode_unload.bin'
'/lib/firmware/nvidia/tu117/acr/unload_bl.bin' -> '/tmp/rear.hvWqMGkcXVEGC9y/rootfs/lib/firmware/nvidia/tu117/acr/unload_bl.bin'
'/lib/firmware/nvidia/tu117/gr' -> '/tmp/rear.hvWqMGkcXVEGC9y/rootfs/lib/firmware/nvidia/tu117/gr'
'/lib/firmware/nvidia/tu117/gr/fecs_bl.bin' -> '/tmp/rear.hvWqMGkcXVEGC9y/rootfs/lib/firmware/nvidia/tu117/gr/fecs_bl.bin'
'/lib/firmware/nvidia/tu117/gr/fecs_data.bin' -> '/tmp/rear.hvWqMGkcXVEGC9y/rootfs/lib/firmware/nvidia/tu117/gr/fecs_data.bin'
'/lib/firmware/nvidia/tu117/gr/fecs_inst.bin' -> '/tmp/rear.hvWqMGkcXVEGC9y/rootfs/lib/firmware/nvidia/tu117/gr/fecs_inst.bin'
'/lib/firmware/nvidia/tu117/gr/fecs_sig.bin' -> '/tmp/rear.hvWqMGkcXVEGC9y/rootfs/lib/firmware/nvidia/tu117/gr/fecs_sig.bin'
'/lib/firmware/nvidia/tu117/gr/gpccs_bl.bin' -> '/tmp/rear.hvWqMGkcXVEGC9y/rootfs/lib/firmware/nvidia/tu117/gr/gpccs_bl.bin'
'/lib/firmware/nvidia/tu117/gr/gpccs_data.bin' -> '/tmp/rear.hvWqMGkcXVEGC9y/rootfs/lib/firmware/nvidia/tu117/gr/gpccs_data.bin'
'/lib/firmware/nvidia/tu117/gr/gpccs_inst.bin' -> '/tmp/rear.hvWqMGkcXVEGC9y/rootfs/lib/firmware/nvidia/tu117/gr/gpccs_inst.bin'
'/lib/firmware/nvidia/tu117/gr/gpccs_sig.bin' -> '/tmp/rear.hvWqMGkcXVEGC9y/rootfs/lib/firmware/nvidia/tu117/gr/gpccs_sig.bin'
'/lib/firmware/nvidia/tu117/gr/sw_bundle_init.bin' -> '/tmp/rear.hvWqMGkcXVEGC9y/rootfs/lib/firmware/nvidia/tu117/gr/sw_bundle_init.bin'
'/lib/firmware/nvidia/tu117/gr/sw_ctx.bin' -> '/tmp/rear.hvWqMGkcXVEGC9y/rootfs/lib/firmware/nvidia/tu117/gr/sw_ctx.bin'
'/lib/firmware/nvidia/tu117/gr/sw_method_init.bin' -> '/tmp/rear.hvWqMGkcXVEGC9y/rootfs/lib/firmware/nvidia/tu117/gr/sw_method_init.bin'
'/lib/firmware/nvidia/tu117/gr/sw_nonctx.bin' -> '/tmp/rear.hvWqMGkcXVEGC9y/rootfs/lib/firmware/nvidia/tu117/gr/sw_nonctx.bin'
'/lib/firmware/nvidia/tu117/gr/sw_veid_bundle_init.bin' -> '/tmp/rear.hvWqMGkcXVEGC9y/rootfs/lib/firmware/nvidia/tu117/gr/sw_veid_bundle_init.bin'
'/lib/firmware/nvidia/tu117/nvdec' -> '/tmp/rear.hvWqMGkcXVEGC9y/rootfs/lib/firmware/nvidia/tu117/nvdec'
'/lib/firmware/nvidia/tu117/nvdec/scrubber.bin' -> '/tmp/rear.hvWqMGkcXVEGC9y/rootfs/lib/firmware/nvidia/tu117/nvdec/scrubber.bin'
'/lib/firmware/nvidia/tu117/sec2' -> '/tmp/rear.hvWqMGkcXVEGC9y/rootfs/lib/firmware/nvidia/tu117/sec2'
'/lib/firmware/nvidia/tu117/sec2/desc.bin' -> '/tmp/rear.hvWqMGkcXVEGC9y/rootfs/lib/firmware/nvidia/tu117/sec2/desc.bin'
'/lib/firmware/nvidia/tu117/sec2/image.bin' -> '/tmp/rear.hvWqMGkcXVEGC9y/rootfs/lib/firmware/nvidia/tu117/sec2/image.bin'
'/lib/firmware/nvidia/tu117/sec2/sig.bin' -> '/tmp/rear.hvWqMGkcXVEGC9y/rootfs/lib/firmware/nvidia/tu117/sec2/sig.bin'
'/lib/firmware/ath3k-1.fw' -> '/tmp/rear.hvWqMGkcXVEGC9y/rootfs/lib/firmware/ath3k-1.fw'
'/lib/firmware/ath9k_htc' -> '/tmp/rear.hvWqMGkcXVEGC9y/rootfs/lib/firmware/ath9k_htc'
'/lib/firmware/ath9k_htc/htc_7010-1.4.0.fw' -> '/tmp/rear.hvWqMGkcXVEGC9y/rootfs/lib/firmware/ath9k_htc/htc_7010-1.4.0.fw'
'/lib/firmware/ath9k_htc/htc_9271-1.4.0.fw' -> '/tmp/rear.hvWqMGkcXVEGC9y/rootfs/lib/firmware/ath9k_htc/htc_9271-1.4.0.fw'
'/lib/firmware/atmel' -> '/tmp/rear.hvWqMGkcXVEGC9y/rootfs/lib/firmware/atmel'
'/lib/firmware/atmel/wilc1000_ap_fw.bin' -> '/tmp/rear.hvWqMGkcXVEGC9y/rootfs/lib/firmware/atmel/wilc1000_ap_fw.bin'
'/lib/firmware/atmel/wilc1000_fw.bin' -> '/tmp/rear.hvWqMGkcXVEGC9y/rootfs/lib/firmware/atmel/wilc1000_fw.bin'
'/lib/firmware/atmel/wilc1000_p2p_fw.bin' -> '/tmp/rear.hvWqMGkcXVEGC9y/rootfs/lib/firmware/atmel/wilc1000_p2p_fw.bin'
'/lib/firmware/atmel/wilc1000_wifi_firmware.bin' -> '/tmp/rear.hvWqMGkcXVEGC9y/rootfs/lib/firmware/atmel/wilc1000_wifi_firmware.bin'
'/lib/firmware/ositech' -> '/tmp/rear.hvWqMGkcXVEGC9y/rootfs/lib/firmware/ositech'
'/lib/firmware/ositech/Xilinx7OD.bin' -> '/tmp/rear.hvWqMGkcXVEGC9y/rootfs/lib/firmware/ositech/Xilinx7OD.bin'
'/lib/firmware/atmsar11.fw' -> '/tmp/rear.hvWqMGkcXVEGC9y/rootfs/lib/firmware/atmsar11.fw'
'/lib/firmware/atusb' -> '/tmp/rear.hvWqMGkcXVEGC9y/rootfs/lib/firmware/atusb'
'/lib/firmware/atusb/atusb-0.2.dfu' -> '/tmp/rear.hvWqMGkcXVEGC9y/rootfs/lib/firmware/atusb/atusb-0.2.dfu'
'/lib/firmware/atusb/atusb-0.3.dfu' -> '/tmp/rear.hvWqMGkcXVEGC9y/rootfs/lib/firmware/atusb/atusb-0.3.dfu'
'/lib/firmware/atusb/rzusb-0.3.bin' -> '/tmp/rear.hvWqMGkcXVEGC9y/rootfs/lib/firmware/atusb/rzusb-0.3.bin'
'/lib/firmware/av7110' -> '/tmp/rear.hvWqMGkcXVEGC9y/rootfs/lib/firmware/av7110'
'/lib/firmware/av7110/bootcode.bin' -> '/tmp/rear.hvWqMGkcXVEGC9y/rootfs/lib/firmware/av7110/bootcode.bin'
'/lib/firmware/bnx2' -> '/tmp/rear.hvWqMGkcXVEGC9y/rootfs/lib/firmware/bnx2'
'/lib/firmware/bnx2/bnx2-mips-06-4.6.16.fw' -> '/tmp/rear.hvWqMGkcXVEGC9y/rootfs/lib/firmware/bnx2/bnx2-mips-06-4.6.16.fw'
'/lib/firmware/bnx2/bnx2-mips-06-5.0.0.j3.fw' -> '/tmp/rear.hvWqMGkcXVEGC9y/rootfs/lib/firmware/bnx2/bnx2-mips-06-5.0.0.j3.fw'
'/lib/firmware/bnx2/bnx2-mips-06-5.0.0.j6.fw' -> '/tmp/rear.hvWqMGkcXVEGC9y/rootfs/lib/firmware/bnx2/bnx2-mips-06-5.0.0.j6.fw'
'/lib/firmware/bnx2/bnx2-mips-06-6.0.15.fw' -> '/tmp/rear.hvWqMGkcXVEGC9y/rootfs/lib/firmware/bnx2/bnx2-mips-06-6.0.15.fw'
'/lib/firmware/bnx2/bnx2-mips-06-6.2.1.fw' -> '/tmp/rear.hvWqMGkcXVEGC9y/rootfs/lib/firmware/bnx2/bnx2-mips-06-6.2.1.fw'
'/lib/firmware/bnx2/bnx2-mips-06-6.2.3.fw' -> '/tmp/rear.hvWqMGkcXVEGC9y/rootfs/lib/firmware/bnx2/bnx2-mips-06-6.2.3.fw'
'/lib/firmware/bnx2/bnx2-mips-09-4.6.17.fw' -> '/tmp/rear.hvWqMGkcXVEGC9y/rootfs/lib/firmware/bnx2/bnx2-mips-09-4.6.17.fw'
'/lib/firmware/bnx2/bnx2-mips-09-5.0.0.j15.fw' -> '/tmp/rear.hvWqMGkcXVEGC9y/rootfs/lib/firmware/bnx2/bnx2-mips-09-5.0.0.j15.fw'
'/lib/firmware/bnx2/bnx2-mips-09-5.0.0.j3.fw' -> '/tmp/rear.hvWqMGkcXVEGC9y/rootfs/lib/firmware/bnx2/bnx2-mips-09-5.0.0.j3.fw'
'/lib/firmware/bnx2/bnx2-mips-09-5.0.0.j9.fw' -> '/tmp/rear.hvWqMGkcXVEGC9y/rootfs/lib/firmware/bnx2/bnx2-mips-09-5.0.0.j9.fw'
'/lib/firmware/bnx2/bnx2-mips-09-6.0.17.fw' -> '/tmp/rear.hvWqMGkcXVEGC9y/rootfs/lib/firmware/bnx2/bnx2-mips-09-6.0.17.fw'
'/lib/firmware/bnx2/bnx2-mips-09-6.2.1.fw' -> '/tmp/rear.hvWqMGkcXVEGC9y/rootfs/lib/firmware/bnx2/bnx2-mips-09-6.2.1.fw'
'/lib/firmware/bnx2/bnx2-mips-09-6.2.1a.fw' -> '/tmp/rear.hvWqMGkcXVEGC9y/rootfs/lib/firmware/bnx2/bnx2-mips-09-6.2.1a.fw'
'/lib/firmware/bnx2/bnx2-mips-09-6.2.1b.fw' -> '/tmp/rear.hvWqMGkcXVEGC9y/rootfs/lib/firmware/bnx2/bnx2-mips-09-6.2.1b.fw'
'/lib/firmware/bnx2/bnx2-rv2p-06-4.6.16.fw' -> '/tmp/rear.hvWqMGkcXVEGC9y/rootfs/lib/firmware/bnx2/bnx2-rv2p-06-4.6.16.fw'
'/lib/firmware/bnx2/bnx2-rv2p-06-5.0.0.j3.fw' -> '/tmp/rear.hvWqMGkcXVEGC9y/rootfs/lib/firmware/bnx2/bnx2-rv2p-06-5.0.0.j3.fw'
'/lib/firmware/bnx2/bnx2-rv2p-06-6.0.15.fw' -> '/tmp/rear.hvWqMGkcXVEGC9y/rootfs/lib/firmware/bnx2/bnx2-rv2p-06-6.0.15.fw'
'/lib/firmware/bnx2/bnx2-rv2p-09-4.6.15.fw' -> '/tmp/rear.hvWqMGkcXVEGC9y/rootfs/lib/firmware/bnx2/bnx2-rv2p-09-4.6.15.fw'
'/lib/firmware/bnx2/bnx2-rv2p-09-5.0.0.j10.fw' -> '/tmp/rear.hvWqMGkcXVEGC9y/rootfs/lib/firmware/bnx2/bnx2-rv2p-09-5.0.0.j10.fw'
'/lib/firmware/bnx2/bnx2-rv2p-09-5.0.0.j3.fw' -> '/tmp/rear.hvWqMGkcXVEGC9y/rootfs/lib/firmware/bnx2/bnx2-rv2p-09-5.0.0.j3.fw'
'/lib/firmware/bnx2/bnx2-rv2p-09-6.0.17.fw' -> '/tmp/rear.hvWqMGkcXVEGC9y/rootfs/lib/firmware/bnx2/bnx2-rv2p-09-6.0.17.fw'
'/lib/firmware/bnx2/bnx2-rv2p-09ax-5.0.0.j10.fw' -> '/tmp/rear.hvWqMGkcXVEGC9y/rootfs/lib/firmware/bnx2/bnx2-rv2p-09ax-5.0.0.j10.fw'
'/lib/firmware/bnx2/bnx2-rv2p-09ax-5.0.0.j3.fw' -> '/tmp/rear.hvWqMGkcXVEGC9y/rootfs/lib/firmware/bnx2/bnx2-rv2p-09ax-5.0.0.j3.fw'
'/lib/firmware/bnx2/bnx2-rv2p-09ax-6.0.17.fw' -> '/tmp/rear.hvWqMGkcXVEGC9y/rootfs/lib/firmware/bnx2/bnx2-rv2p-09ax-6.0.17.fw'
'/lib/firmware/bnx2x' -> '/tmp/rear.hvWqMGkcXVEGC9y/rootfs/lib/firmware/bnx2x'
'/lib/firmware/bnx2x/bnx2x-e2-7.2.16.0.fw' -> '/tmp/rear.hvWqMGkcXVEGC9y/rootfs/lib/firmware/bnx2x/bnx2x-e2-7.2.16.0.fw'
'/lib/firmware/bnx2x/bnx2x-e1-6.0.34.0.fw' -> '/tmp/rear.hvWqMGkcXVEGC9y/rootfs/lib/firmware/bnx2x/bnx2x-e1-6.0.34.0.fw'
'/lib/firmware/bnx2x/bnx2x-e1-6.2.5.0.fw' -> '/tmp/rear.hvWqMGkcXVEGC9y/rootfs/lib/firmware/bnx2x/bnx2x-e1-6.2.5.0.fw'
'/lib/firmware/bnx2x/bnx2x-e1-6.2.9.0.fw' -> '/tmp/rear.hvWqMGkcXVEGC9y/rootfs/lib/firmware/bnx2x/bnx2x-e1-6.2.9.0.fw'
'/lib/firmware/bnx2x/bnx2x-e2-7.8.17.0.fw' -> '/tmp/rear.hvWqMGkcXVEGC9y/rootfs/lib/firmware/bnx2x/bnx2x-e2-7.8.17.0.fw'
'/lib/firmware/bnx2x/bnx2x-e1-7.0.20.0.fw' -> '/tmp/rear.hvWqMGkcXVEGC9y/rootfs/lib/firmware/bnx2x/bnx2x-e1-7.0.20.0.fw'
'/lib/firmware/bnx2x/bnx2x-e2-7.2.51.0.fw' -> '/tmp/rear.hvWqMGkcXVEGC9y/rootfs/lib/firmware/bnx2x/bnx2x-e2-7.2.51.0.fw'
'/lib/firmware/bnx2x/bnx2x-e1-7.0.23.0.fw' -> '/tmp/rear.hvWqMGkcXVEGC9y/rootfs/lib/firmware/bnx2x/bnx2x-e1-7.0.23.0.fw'
'/lib/firmware/bnx2x/bnx2x-e2-7.8.19.0.fw' -> '/tmp/rear.hvWqMGkcXVEGC9y/rootfs/lib/firmware/bnx2x/bnx2x-e2-7.8.19.0.fw'
'/lib/firmware/bnx2x/bnx2x-e1-7.0.29.0.fw' -> '/tmp/rear.hvWqMGkcXVEGC9y/rootfs/lib/firmware/bnx2x/bnx2x-e1-7.0.29.0.fw'
'/lib/firmware/bnx2x/bnx2x-e2-7.8.2.0.fw' -> '/tmp/rear.hvWqMGkcXVEGC9y/rootfs/lib/firmware/bnx2x/bnx2x-e2-7.8.2.0.fw'
'/lib/firmware/bnx2x/bnx2x-e1-7.10.51.0.fw' -> '/tmp/rear.hvWqMGkcXVEGC9y/rootfs/lib/firmware/bnx2x/bnx2x-e1-7.10.51.0.fw'
'/lib/firmware/bnx2x/bnx2x-e1-7.12.30.0.fw' -> '/tmp/rear.hvWqMGkcXVEGC9y/rootfs/lib/firmware/bnx2x/bnx2x-e1-7.12.30.0.fw'
'/lib/firmware/bnx2x/bnx2x-e1-7.13.1.0.fw' -> '/tmp/rear.hvWqMGkcXVEGC9y/rootfs/lib/firmware/bnx2x/bnx2x-e1-7.13.1.0.fw'
'/lib/firmware/bnx2x/bnx2x-e1-7.13.11.0.fw' -> '/tmp/rear.hvWqMGkcXVEGC9y/rootfs/lib/firmware/bnx2x/bnx2x-e1-7.13.11.0.fw'
'/lib/firmware/bnx2x/bnx2x-e1-7.13.15.0.fw' -> '/tmp/rear.hvWqMGkcXVEGC9y/rootfs/lib/firmware/bnx2x/bnx2x-e1-7.13.15.0.fw'
'/lib/firmware/bnx2x/bnx2x-e1-7.2.16.0.fw' -> '/tmp/rear.hvWqMGkcXVEGC9y/rootfs/lib/firmware/bnx2x/bnx2x-e1-7.2.16.0.fw'
'/lib/firmware/bnx2x/bnx2x-e1-7.2.51.0.fw' -> '/tmp/rear.hvWqMGkcXVEGC9y/rootfs/lib/firmware/bnx2x/bnx2x-e1-7.2.51.0.fw'
'/lib/firmware/bnx2x/bnx2x-e1-7.8.17.0.fw' -> '/tmp/rear.hvWqMGkcXVEGC9y/rootfs/lib/firmware/bnx2x/bnx2x-e1-7.8.17.0.fw'
'/lib/firmware/bnx2x/bnx2x-e1-7.8.19.0.fw' -> '/tmp/rear.hvWqMGkcXVEGC9y/rootfs/lib/firmware/bnx2x/bnx2x-e1-7.8.19.0.fw'
'/lib/firmware/bnx2x/bnx2x-e1-7.8.2.0.fw' -> '/tmp/rear.hvWqMGkcXVEGC9y/rootfs/lib/firmware/bnx2x/bnx2x-e1-7.8.2.0.fw'
'/lib/firmware/bnx2x/bnx2x-e1h-6.0.34.0.fw' -> '/tmp/rear.hvWqMGkcXVEGC9y/rootfs/lib/firmware/bnx2x/bnx2x-e1h-6.0.34.0.fw'
'/lib/firmware/bnx2x/bnx2x-e1h-6.2.5.0.fw' -> '/tmp/rear.hvWqMGkcXVEGC9y/rootfs/lib/firmware/bnx2x/bnx2x-e1h-6.2.5.0.fw'
'/lib/firmware/bnx2x/bnx2x-e1h-6.2.9.0.fw' -> '/tmp/rear.hvWqMGkcXVEGC9y/rootfs/lib/firmware/bnx2x/bnx2x-e1h-6.2.9.0.fw'
'/lib/firmware/bnx2x/bnx2x-e1h-7.0.20.0.fw' -> '/tmp/rear.hvWqMGkcXVEGC9y/rootfs/lib/firmware/bnx2x/bnx2x-e1h-7.0.20.0.fw'
'/lib/firmware/bnx2x/bnx2x-e1h-7.0.23.0.fw' -> '/tmp/rear.hvWqMGkcXVEGC9y/rootfs/lib/firmware/bnx2x/bnx2x-e1h-7.0.23.0.fw'
'/lib/firmware/bnx2x/bnx2x-e1h-7.0.29.0.fw' -> '/tmp/rear.hvWqMGkcXVEGC9y/rootfs/lib/firmware/bnx2x/bnx2x-e1h-7.0.29.0.fw'
'/lib/firmware/bnx2x/bnx2x-e1h-7.10.51.0.fw' -> '/tmp/rear.hvWqMGkcXVEGC9y/rootfs/lib/firmware/bnx2x/bnx2x-e1h-7.10.51.0.fw'
'/lib/firmware/bnx2x/bnx2x-e1h-7.12.30.0.fw' -> '/tmp/rear.hvWqMGkcXVEGC9y/rootfs/lib/firmware/bnx2x/bnx2x-e1h-7.12.30.0.fw'
'/lib/firmware/bnx2x/bnx2x-e1h-7.13.1.0.fw' -> '/tmp/rear.hvWqMGkcXVEGC9y/rootfs/lib/firmware/bnx2x/bnx2x-e1h-7.13.1.0.fw'
'/lib/firmware/bnx2x/bnx2x-e1h-7.13.11.0.fw' -> '/tmp/rear.hvWqMGkcXVEGC9y/rootfs/lib/firmware/bnx2x/bnx2x-e1h-7.13.11.0.fw'
'/lib/firmware/bnx2x/bnx2x-e1h-7.13.15.0.fw' -> '/tmp/rear.hvWqMGkcXVEGC9y/rootfs/lib/firmware/bnx2x/bnx2x-e1h-7.13.15.0.fw'
'/lib/firmware/bnx2x/bnx2x-e1h-7.2.16.0.fw' -> '/tmp/rear.hvWqMGkcXVEGC9y/rootfs/lib/firmware/bnx2x/bnx2x-e1h-7.2.16.0.fw'
'/lib/firmware/bnx2x/bnx2x-e1h-7.2.51.0.fw' -> '/tmp/rear.hvWqMGkcXVEGC9y/rootfs/lib/firmware/bnx2x/bnx2x-e1h-7.2.51.0.fw'
'/lib/firmware/bnx2x/bnx2x-e1h-7.8.17.0.fw' -> '/tmp/rear.hvWqMGkcXVEGC9y/rootfs/lib/firmware/bnx2x/bnx2x-e1h-7.8.17.0.fw'
'/lib/firmware/bnx2x/bnx2x-e1h-7.8.19.0.fw' -> '/tmp/rear.hvWqMGkcXVEGC9y/rootfs/lib/firmware/bnx2x/bnx2x-e1h-7.8.19.0.fw'
'/lib/firmware/bnx2x/bnx2x-e1h-7.8.2.0.fw' -> '/tmp/rear.hvWqMGkcXVEGC9y/rootfs/lib/firmware/bnx2x/bnx2x-e1h-7.8.2.0.fw'
'/lib/firmware/bnx2x/bnx2x-e2-6.0.34.0.fw' -> '/tmp/rear.hvWqMGkcXVEGC9y/rootfs/lib/firmware/bnx2x/bnx2x-e2-6.0.34.0.fw'
'/lib/firmware/bnx2x/bnx2x-e2-6.2.5.0.fw' -> '/tmp/rear.hvWqMGkcXVEGC9y/rootfs/lib/firmware/bnx2x/bnx2x-e2-6.2.5.0.fw'
'/lib/firmware/bnx2x/bnx2x-e2-6.2.9.0.fw' -> '/tmp/rear.hvWqMGkcXVEGC9y/rootfs/lib/firmware/bnx2x/bnx2x-e2-6.2.9.0.fw'
'/lib/firmware/bnx2x/bnx2x-e2-7.0.20.0.fw' -> '/tmp/rear.hvWqMGkcXVEGC9y/rootfs/lib/firmware/bnx2x/bnx2x-e2-7.0.20.0.fw'
'/lib/firmware/bnx2x/bnx2x-e2-7.0.23.0.fw' -> '/tmp/rear.hvWqMGkcXVEGC9y/rootfs/lib/firmware/bnx2x/bnx2x-e2-7.0.23.0.fw'
'/lib/firmware/bnx2x/bnx2x-e2-7.0.29.0.fw' -> '/tmp/rear.hvWqMGkcXVEGC9y/rootfs/lib/firmware/bnx2x/bnx2x-e2-7.0.29.0.fw'
'/lib/firmware/bnx2x/bnx2x-e2-7.10.51.0.fw' -> '/tmp/rear.hvWqMGkcXVEGC9y/rootfs/lib/firmware/bnx2x/bnx2x-e2-7.10.51.0.fw'
'/lib/firmware/bnx2x/bnx2x-e2-7.12.30.0.fw' -> '/tmp/rear.hvWqMGkcXVEGC9y/rootfs/lib/firmware/bnx2x/bnx2x-e2-7.12.30.0.fw'
'/lib/firmware/bnx2x/bnx2x-e2-7.13.1.0.fw' -> '/tmp/rear.hvWqMGkcXVEGC9y/rootfs/lib/firmware/bnx2x/bnx2x-e2-7.13.1.0.fw'
'/lib/firmware/bnx2x/bnx2x-e2-7.13.11.0.fw' -> '/tmp/rear.hvWqMGkcXVEGC9y/rootfs/lib/firmware/bnx2x/bnx2x-e2-7.13.11.0.fw'
'/lib/firmware/bnx2x/bnx2x-e2-7.13.15.0.fw' -> '/tmp/rear.hvWqMGkcXVEGC9y/rootfs/lib/firmware/bnx2x/bnx2x-e2-7.13.15.0.fw'
'/lib/firmware/dvb-usb-it9135-02.fw' -> '/tmp/rear.hvWqMGkcXVEGC9y/rootfs/lib/firmware/dvb-usb-it9135-02.fw'
'/lib/firmware/yam' -> '/tmp/rear.hvWqMGkcXVEGC9y/rootfs/lib/firmware/yam'
'/lib/firmware/yam/1200.bin' -> '/tmp/rear.hvWqMGkcXVEGC9y/rootfs/lib/firmware/yam/1200.bin'
'/lib/firmware/yam/9600.bin' -> '/tmp/rear.hvWqMGkcXVEGC9y/rootfs/lib/firmware/yam/9600.bin'
'/lib/firmware/bnx2x-e1-4.8.53.0.fw' -> '/tmp/rear.hvWqMGkcXVEGC9y/rootfs/lib/firmware/bnx2x-e1-4.8.53.0.fw'
'/lib/firmware/dvb-usb-terratec-h5-drxk.fw' -> '/tmp/rear.hvWqMGkcXVEGC9y/rootfs/lib/firmware/dvb-usb-terratec-h5-drxk.fw'
'/lib/firmware/bnx2x-e1-5.2.13.0.fw' -> '/tmp/rear.hvWqMGkcXVEGC9y/rootfs/lib/firmware/bnx2x-e1-5.2.13.0.fw'
'/lib/firmware/keyspan_pda' -> '/tmp/rear.hvWqMGkcXVEGC9y/rootfs/lib/firmware/keyspan_pda'
'/lib/firmware/keyspan_pda/keyspan_pda.fw' -> '/tmp/rear.hvWqMGkcXVEGC9y/rootfs/lib/firmware/keyspan_pda/keyspan_pda.fw'
'/lib/firmware/keyspan_pda/xircom_pgs.fw' -> '/tmp/rear.hvWqMGkcXVEGC9y/rootfs/lib/firmware/keyspan_pda/xircom_pgs.fw'
'/lib/firmware/ea' -> '/tmp/rear.hvWqMGkcXVEGC9y/rootfs/lib/firmware/ea'
'/lib/firmware/ea/3g_asic.fw' -> '/tmp/rear.hvWqMGkcXVEGC9y/rootfs/lib/firmware/ea/3g_asic.fw'
'/lib/firmware/ea/darla20_dsp.fw' -> '/tmp/rear.hvWqMGkcXVEGC9y/rootfs/lib/firmware/ea/darla20_dsp.fw'
'/lib/firmware/ea/darla24_dsp.fw' -> '/tmp/rear.hvWqMGkcXVEGC9y/rootfs/lib/firmware/ea/darla24_dsp.fw'
'/lib/firmware/ea/echo3g_dsp.fw' -> '/tmp/rear.hvWqMGkcXVEGC9y/rootfs/lib/firmware/ea/echo3g_dsp.fw'
'/lib/firmware/ea/gina20_dsp.fw' -> '/tmp/rear.hvWqMGkcXVEGC9y/rootfs/lib/firmware/ea/gina20_dsp.fw'
'/lib/firmware/ea/gina24_301_asic.fw' -> '/tmp/rear.hvWqMGkcXVEGC9y/rootfs/lib/firmware/ea/gina24_301_asic.fw'
'/lib/firmware/ea/gina24_301_dsp.fw' -> '/tmp/rear.hvWqMGkcXVEGC9y/rootfs/lib/firmware/ea/gina24_301_dsp.fw'
'/lib/firmware/ea/gina24_361_asic.fw' -> '/tmp/rear.hvWqMGkcXVEGC9y/rootfs/lib/firmware/ea/gina24_361_asic.fw'
'/lib/firmware/ea/gina24_361_dsp.fw' -> '/tmp/rear.hvWqMGkcXVEGC9y/rootfs/lib/firmware/ea/gina24_361_dsp.fw'
'/lib/firmware/ea/indigo_dj_dsp.fw' -> '/tmp/rear.hvWqMGkcXVEGC9y/rootfs/lib/firmware/ea/indigo_dj_dsp.fw'
'/lib/firmware/ea/indigo_djx_dsp.fw' -> '/tmp/rear.hvWqMGkcXVEGC9y/rootfs/lib/firmware/ea/indigo_djx_dsp.fw'
'/lib/firmware/ea/indigo_dsp.fw' -> '/tmp/rear.hvWqMGkcXVEGC9y/rootfs/lib/firmware/ea/indigo_dsp.fw'
'/lib/firmware/ea/indigo_io_dsp.fw' -> '/tmp/rear.hvWqMGkcXVEGC9y/rootfs/lib/firmware/ea/indigo_io_dsp.fw'
'/lib/firmware/ea/indigo_iox_dsp.fw' -> '/tmp/rear.hvWqMGkcXVEGC9y/rootfs/lib/firmware/ea/indigo_iox_dsp.fw'
'/lib/firmware/ea/layla20_asic.fw' -> '/tmp/rear.hvWqMGkcXVEGC9y/rootfs/lib/firmware/ea/layla20_asic.fw'
'/lib/firmware/ea/layla20_dsp.fw' -> '/tmp/rear.hvWqMGkcXVEGC9y/rootfs/lib/firmware/ea/layla20_dsp.fw'
'/lib/firmware/ea/layla24_1_asic.fw' -> '/tmp/rear.hvWqMGkcXVEGC9y/rootfs/lib/firmware/ea/layla24_1_asic.fw'
'/lib/firmware/ea/layla24_2A_asic.fw' -> '/tmp/rear.hvWqMGkcXVEGC9y/rootfs/lib/firmware/ea/layla24_2A_asic.fw'
'/lib/firmware/ea/layla24_2S_asic.fw' -> '/tmp/rear.hvWqMGkcXVEGC9y/rootfs/lib/firmware/ea/layla24_2S_asic.fw'
'/lib/firmware/ea/layla24_dsp.fw' -> '/tmp/rear.hvWqMGkcXVEGC9y/rootfs/lib/firmware/ea/layla24_dsp.fw'
'/lib/firmware/ea/loader_dsp.fw' -> '/tmp/rear.hvWqMGkcXVEGC9y/rootfs/lib/firmware/ea/loader_dsp.fw'
'/lib/firmware/ea/mia_dsp.fw' -> '/tmp/rear.hvWqMGkcXVEGC9y/rootfs/lib/firmware/ea/mia_dsp.fw'
'/lib/firmware/ea/mona_2_asic.fw' -> '/tmp/rear.hvWqMGkcXVEGC9y/rootfs/lib/firmware/ea/mona_2_asic.fw'
'/lib/firmware/ea/mona_301_1_asic_48.fw' -> '/tmp/rear.hvWqMGkcXVEGC9y/rootfs/lib/firmware/ea/mona_301_1_asic_48.fw'
'/lib/firmware/ea/mona_301_1_asic_96.fw' -> '/tmp/rear.hvWqMGkcXVEGC9y/rootfs/lib/firmware/ea/mona_301_1_asic_96.fw'
'/lib/firmware/ea/mona_301_dsp.fw' -> '/tmp/rear.hvWqMGkcXVEGC9y/rootfs/lib/firmware/ea/mona_301_dsp.fw'
'/lib/firmware/ea/mona_361_1_asic_48.fw' -> '/tmp/rear.hvWqMGkcXVEGC9y/rootfs/lib/firmware/ea/mona_361_1_asic_48.fw'
'/lib/firmware/ea/mona_361_1_asic_96.fw' -> '/tmp/rear.hvWqMGkcXVEGC9y/rootfs/lib/firmware/ea/mona_361_1_asic_96.fw'
'/lib/firmware/ea/mona_361_dsp.fw' -> '/tmp/rear.hvWqMGkcXVEGC9y/rootfs/lib/firmware/ea/mona_361_dsp.fw'
'/lib/firmware/bnx2x-e1-5.2.7.0.fw' -> '/tmp/rear.hvWqMGkcXVEGC9y/rootfs/lib/firmware/bnx2x-e1-5.2.7.0.fw'
'/lib/firmware/dvb_nova_12mhz.inp' -> '/tmp/rear.hvWqMGkcXVEGC9y/rootfs/lib/firmware/dvb_nova_12mhz.inp'
'/lib/firmware/emu' -> '/tmp/rear.hvWqMGkcXVEGC9y/rootfs/lib/firmware/emu'
'/lib/firmware/emu/audio_dock.fw' -> '/tmp/rear.hvWqMGkcXVEGC9y/rootfs/lib/firmware/emu/audio_dock.fw'
'/lib/firmware/emu/emu0404.fw' -> '/tmp/rear.hvWqMGkcXVEGC9y/rootfs/lib/firmware/emu/emu0404.fw'
'/lib/firmware/emu/emu1010_notebook.fw' -> '/tmp/rear.hvWqMGkcXVEGC9y/rootfs/lib/firmware/emu/emu1010_notebook.fw'
'/lib/firmware/emu/emu1010b.fw' -> '/tmp/rear.hvWqMGkcXVEGC9y/rootfs/lib/firmware/emu/emu1010b.fw'
'/lib/firmware/emu/hana.fw' -> '/tmp/rear.hvWqMGkcXVEGC9y/rootfs/lib/firmware/emu/hana.fw'
'/lib/firmware/emu/micro_dock.fw' -> '/tmp/rear.hvWqMGkcXVEGC9y/rootfs/lib/firmware/emu/micro_dock.fw'
'/lib/firmware/bnx2x-e1h-4.8.53.0.fw' -> '/tmp/rear.hvWqMGkcXVEGC9y/rootfs/lib/firmware/bnx2x-e1h-4.8.53.0.fw'
'/lib/firmware/edgeport' -> '/tmp/rear.hvWqMGkcXVEGC9y/rootfs/lib/firmware/edgeport'
'/lib/firmware/edgeport/boot.fw' -> '/tmp/rear.hvWqMGkcXVEGC9y/rootfs/lib/firmware/edgeport/boot.fw'
'/lib/firmware/edgeport/boot2.fw' -> '/tmp/rear.hvWqMGkcXVEGC9y/rootfs/lib/firmware/edgeport/boot2.fw'
'/lib/firmware/edgeport/down.fw' -> '/tmp/rear.hvWqMGkcXVEGC9y/rootfs/lib/firmware/edgeport/down.fw'
'/lib/firmware/edgeport/down2.fw' -> '/tmp/rear.hvWqMGkcXVEGC9y/rootfs/lib/firmware/edgeport/down2.fw'
'/lib/firmware/edgeport/down3.bin' -> '/tmp/rear.hvWqMGkcXVEGC9y/rootfs/lib/firmware/edgeport/down3.bin'
'/lib/firmware/qat_mmp.bin' -> '/tmp/rear.hvWqMGkcXVEGC9y/rootfs/lib/firmware/qat_mmp.bin'
'/lib/firmware/bnx2x-e1h-5.2.13.0.fw' -> '/tmp/rear.hvWqMGkcXVEGC9y/rootfs/lib/firmware/bnx2x-e1h-5.2.13.0.fw'
'/lib/firmware/dvb_nova_12mhz_b0.inp' -> '/tmp/rear.hvWqMGkcXVEGC9y/rootfs/lib/firmware/dvb_nova_12mhz_b0.inp'
'/lib/firmware/bnx2x-e1h-5.2.7.0.fw' -> '/tmp/rear.hvWqMGkcXVEGC9y/rootfs/lib/firmware/bnx2x-e1h-5.2.7.0.fw'
'/lib/firmware/brcm' -> '/tmp/rear.hvWqMGkcXVEGC9y/rootfs/lib/firmware/brcm'
'/lib/firmware/brcm/BCM-0a5c-6410.hcd' -> '/tmp/rear.hvWqMGkcXVEGC9y/rootfs/lib/firmware/brcm/BCM-0a5c-6410.hcd'
'/lib/firmware/brcm/BCM-0bb4-0306.hcd' -> '/tmp/rear.hvWqMGkcXVEGC9y/rootfs/lib/firmware/brcm/BCM-0bb4-0306.hcd'
'/lib/firmware/brcm/brcmfmac4373-sdio.bin' -> '/tmp/rear.hvWqMGkcXVEGC9y/rootfs/lib/firmware/brcm/brcmfmac4373-sdio.bin'
'/lib/firmware/brcm/bcm4329-fullmac-4.bin' -> '/tmp/rear.hvWqMGkcXVEGC9y/rootfs/lib/firmware/brcm/bcm4329-fullmac-4.bin'
'/lib/firmware/brcm/bcm43xx-0.fw' -> '/tmp/rear.hvWqMGkcXVEGC9y/rootfs/lib/firmware/brcm/bcm43xx-0.fw'
'/lib/firmware/brcm/bcm43xx_hdr-0.fw' -> '/tmp/rear.hvWqMGkcXVEGC9y/rootfs/lib/firmware/brcm/bcm43xx_hdr-0.fw'
'/lib/firmware/brcm/brcmfmac4373.bin' -> '/tmp/rear.hvWqMGkcXVEGC9y/rootfs/lib/firmware/brcm/brcmfmac4373.bin'
'/lib/firmware/brcm/brcmfmac43143-sdio.bin' -> '/tmp/rear.hvWqMGkcXVEGC9y/rootfs/lib/firmware/brcm/brcmfmac43143-sdio.bin'
'/lib/firmware/brcm/brcmfmac43143.bin' -> '/tmp/rear.hvWqMGkcXVEGC9y/rootfs/lib/firmware/brcm/brcmfmac43143.bin'
'/lib/firmware/brcm/brcmfmac43236b.bin' -> '/tmp/rear.hvWqMGkcXVEGC9y/rootfs/lib/firmware/brcm/brcmfmac43236b.bin'
'/lib/firmware/brcm/brcmfmac43241b0-sdio.bin' -> '/tmp/rear.hvWqMGkcXVEGC9y/rootfs/lib/firmware/brcm/brcmfmac43241b0-sdio.bin'
'/lib/firmware/brcm/brcmfmac43241b4-sdio.bin' -> '/tmp/rear.hvWqMGkcXVEGC9y/rootfs/lib/firmware/brcm/brcmfmac43241b4-sdio.bin'
'/lib/firmware/brcm/brcmfmac43241b5-sdio.bin' -> '/tmp/rear.hvWqMGkcXVEGC9y/rootfs/lib/firmware/brcm/brcmfmac43241b5-sdio.bin'
'/lib/firmware/brcm/brcmfmac43242a.bin' -> '/tmp/rear.hvWqMGkcXVEGC9y/rootfs/lib/firmware/brcm/brcmfmac43242a.bin'
'/lib/firmware/brcm/brcmfmac4329-sdio.bin' -> '/tmp/rear.hvWqMGkcXVEGC9y/rootfs/lib/firmware/brcm/brcmfmac4329-sdio.bin'
'/lib/firmware/brcm/brcmfmac43602-pcie.bin' -> '/tmp/rear.hvWqMGkcXVEGC9y/rootfs/lib/firmware/brcm/brcmfmac43602-pcie.bin'
'/lib/firmware/brcm/brcmfmac4330-sdio.Prowise-PT301.txt' -> '/tmp/rear.hvWqMGkcXVEGC9y/rootfs/lib/firmware/brcm/brcmfmac4330-sdio.Prowise-PT301.txt'
'/lib/firmware/brcm/brcmfmac4330-sdio.bin' -> '/tmp/rear.hvWqMGkcXVEGC9y/rootfs/lib/firmware/brcm/brcmfmac4330-sdio.bin'
'/lib/firmware/brcm/brcmfmac4334-sdio.bin' -> '/tmp/rear.hvWqMGkcXVEGC9y/rootfs/lib/firmware/brcm/brcmfmac4334-sdio.bin'
'/lib/firmware/brcm/brcmfmac43340-sdio.bin' -> '/tmp/rear.hvWqMGkcXVEGC9y/rootfs/lib/firmware/brcm/brcmfmac43340-sdio.bin'
'/lib/firmware/brcm/brcmfmac4366b-pcie.bin' -> '/tmp/rear.hvWqMGkcXVEGC9y/rootfs/lib/firmware/brcm/brcmfmac4366b-pcie.bin'
'/lib/firmware/brcm/brcmfmac43340-sdio.meegopad-t08.txt' -> '/tmp/rear.hvWqMGkcXVEGC9y/rootfs/lib/firmware/brcm/brcmfmac43340-sdio.meegopad-t08.txt'
'/lib/firmware/brcm/brcmfmac4356-pcie.gpd-win-pocket.txt' -> '/tmp/rear.hvWqMGkcXVEGC9y/rootfs/lib/firmware/brcm/brcmfmac4356-pcie.gpd-win-pocket.txt'
'/lib/firmware/brcm/brcmfmac43340-sdio.pov-tab-p1006w-data.txt' -> '/tmp/rear.hvWqMGkcXVEGC9y/rootfs/lib/firmware/brcm/brcmfmac43340-sdio.pov-tab-p1006w-data.txt'
'/lib/firmware/brcm/brcmfmac4335-sdio.bin' -> '/tmp/rear.hvWqMGkcXVEGC9y/rootfs/lib/firmware/brcm/brcmfmac4335-sdio.bin'
'/lib/firmware/brcm/brcmfmac43362-sdio.bin' -> '/tmp/rear.hvWqMGkcXVEGC9y/rootfs/lib/firmware/brcm/brcmfmac43362-sdio.bin'
'/lib/firmware/brcm/brcmfmac4356-sdio.bin' -> '/tmp/rear.hvWqMGkcXVEGC9y/rootfs/lib/firmware/brcm/brcmfmac4356-sdio.bin'
'/lib/firmware/brcm/brcmfmac43362-sdio.cubietech,cubietruck.txt' -> '/tmp/rear.hvWqMGkcXVEGC9y/rootfs/lib/firmware/brcm/brcmfmac43362-sdio.cubietech,cubietruck.txt'
'/lib/firmware/brcm/brcmfmac43569.bin' -> '/tmp/rear.hvWqMGkcXVEGC9y/rootfs/lib/firmware/brcm/brcmfmac43569.bin'
'/lib/firmware/brcm/brcmfmac43362-sdio.lemaker,bananapro.txt' -> '/tmp/rear.hvWqMGkcXVEGC9y/rootfs/lib/firmware/brcm/brcmfmac43362-sdio.lemaker,bananapro.txt'
'/lib/firmware/brcm/brcmfmac4339-sdio.bin' -> '/tmp/rear.hvWqMGkcXVEGC9y/rootfs/lib/firmware/brcm/brcmfmac4339-sdio.bin'
'/lib/firmware/brcm/brcmfmac4366c-pcie.bin' -> '/tmp/rear.hvWqMGkcXVEGC9y/rootfs/lib/firmware/brcm/brcmfmac4366c-pcie.bin'
'/lib/firmware/brcm/brcmfmac43430-sdio.AP6212.txt' -> '/tmp/rear.hvWqMGkcXVEGC9y/rootfs/lib/firmware/brcm/brcmfmac43430-sdio.AP6212.txt'
'/lib/firmware/brcm/brcmfmac43570-pcie.bin' -> '/tmp/rear.hvWqMGkcXVEGC9y/rootfs/lib/firmware/brcm/brcmfmac43570-pcie.bin'
'/lib/firmware/brcm/brcmfmac43430-sdio.Hampoo-D2D3_Vi8A1.txt' -> '/tmp/rear.hvWqMGkcXVEGC9y/rootfs/lib/firmware/brcm/brcmfmac43430-sdio.Hampoo-D2D3_Vi8A1.txt'
'/lib/firmware/brcm/brcmfmac4371-pcie.bin' -> '/tmp/rear.hvWqMGkcXVEGC9y/rootfs/lib/firmware/brcm/brcmfmac4371-pcie.bin'
'/lib/firmware/brcm/brcmfmac43430-sdio.MUR1DX.txt' -> '/tmp/rear.hvWqMGkcXVEGC9y/rootfs/lib/firmware/brcm/brcmfmac43430-sdio.MUR1DX.txt'
'/lib/firmware/brcm/brcmfmac43430-sdio.bin' -> '/tmp/rear.hvWqMGkcXVEGC9y/rootfs/lib/firmware/brcm/brcmfmac43430-sdio.bin'
'/lib/firmware/brcm/brcmfmac4350c2-pcie.bin' -> '/tmp/rear.hvWqMGkcXVEGC9y/rootfs/lib/firmware/brcm/brcmfmac4350c2-pcie.bin'
'/lib/firmware/brcm/brcmfmac43430-sdio.raspberrypi,3-model-b.txt' -> '/tmp/rear.hvWqMGkcXVEGC9y/rootfs/lib/firmware/brcm/brcmfmac43430-sdio.raspberrypi,3-model-b.txt'
'/lib/firmware/brcm/brcmfmac43430a0-sdio.ONDA-V80 PLUS.txt' -> '/tmp/rear.hvWqMGkcXVEGC9y/rootfs/lib/firmware/brcm/brcmfmac43430a0-sdio.ONDA-V80 PLUS.txt'
'/lib/firmware/brcm/brcmfmac43430a0-sdio.bin' -> '/tmp/rear.hvWqMGkcXVEGC9y/rootfs/lib/firmware/brcm/brcmfmac43430a0-sdio.bin'
'/lib/firmware/brcm/brcmfmac4358-pcie.bin' -> '/tmp/rear.hvWqMGkcXVEGC9y/rootfs/lib/firmware/brcm/brcmfmac4358-pcie.bin'
'/lib/firmware/brcm/brcmfmac43430a0-sdio.jumper-ezpad-mini3.txt' -> '/tmp/rear.hvWqMGkcXVEGC9y/rootfs/lib/firmware/brcm/brcmfmac43430a0-sdio.jumper-ezpad-mini3.txt'
'/lib/firmware/brcm/brcmfmac43602-pcie.ap.bin' -> '/tmp/rear.hvWqMGkcXVEGC9y/rootfs/lib/firmware/brcm/brcmfmac43602-pcie.ap.bin'
'/lib/firmware/brcm/brcmfmac43455-sdio.MINIX-NEO Z83-4.txt' -> '/tmp/rear.hvWqMGkcXVEGC9y/rootfs/lib/firmware/brcm/brcmfmac43455-sdio.MINIX-NEO Z83-4.txt'
'/lib/firmware/brcm/brcmfmac43455-sdio.bin' -> '/tmp/rear.hvWqMGkcXVEGC9y/rootfs/lib/firmware/brcm/brcmfmac43455-sdio.bin'
'/lib/firmware/brcm/brcmfmac4354-sdio.bin' -> '/tmp/rear.hvWqMGkcXVEGC9y/rootfs/lib/firmware/brcm/brcmfmac4354-sdio.bin'
'/lib/firmware/brcm/brcmfmac43455-sdio.raspberrypi,3-model-b-plus.txt' -> '/tmp/rear.hvWqMGkcXVEGC9y/rootfs/lib/firmware/brcm/brcmfmac43455-sdio.raspberrypi,3-model-b-plus.txt'
'/lib/firmware/brcm/brcmfmac4356-pcie.bin' -> '/tmp/rear.hvWqMGkcXVEGC9y/rootfs/lib/firmware/brcm/brcmfmac4356-pcie.bin'
'/lib/firmware/brcm/brcmfmac43455-sdio.raspberrypi,4-model-b.txt' -> '/tmp/rear.hvWqMGkcXVEGC9y/rootfs/lib/firmware/brcm/brcmfmac43455-sdio.raspberrypi,4-model-b.txt'
'/lib/firmware/brcm/brcmfmac4350-pcie.bin' -> '/tmp/rear.hvWqMGkcXVEGC9y/rootfs/lib/firmware/brcm/brcmfmac4350-pcie.bin'
'/lib/firmware/cadence' -> '/tmp/rear.hvWqMGkcXVEGC9y/rootfs/lib/firmware/cadence'
'/lib/firmware/cadence/mhdp8546.bin' -> '/tmp/rear.hvWqMGkcXVEGC9y/rootfs/lib/firmware/cadence/mhdp8546.bin'
'/lib/firmware/lgs8g75.fw' -> '/tmp/rear.hvWqMGkcXVEGC9y/rootfs/lib/firmware/lgs8g75.fw'
'/lib/firmware/ess' -> '/tmp/rear.hvWqMGkcXVEGC9y/rootfs/lib/firmware/ess'
'/lib/firmware/ess/maestro3_assp_kernel.fw' -> '/tmp/rear.hvWqMGkcXVEGC9y/rootfs/lib/firmware/ess/maestro3_assp_kernel.fw'
'/lib/firmware/ess/maestro3_assp_minisrc.fw' -> '/tmp/rear.hvWqMGkcXVEGC9y/rootfs/lib/firmware/ess/maestro3_assp_minisrc.fw'
'/lib/firmware/carl9170-1.fw' -> '/tmp/rear.hvWqMGkcXVEGC9y/rootfs/lib/firmware/carl9170-1.fw'
'/lib/firmware/cavium' -> '/tmp/rear.hvWqMGkcXVEGC9y/rootfs/lib/firmware/cavium'
'/lib/firmware/cavium/cnn55xx_ae.fw' -> '/tmp/rear.hvWqMGkcXVEGC9y/rootfs/lib/firmware/cavium/cnn55xx_ae.fw'
'/lib/firmware/cavium/cnn55xx_se.fw' -> '/tmp/rear.hvWqMGkcXVEGC9y/rootfs/lib/firmware/cavium/cnn55xx_se.fw'
'/lib/firmware/lbtf_usb.bin' -> '/tmp/rear.hvWqMGkcXVEGC9y/rootfs/lib/firmware/lbtf_usb.bin'
'/lib/firmware/korg' -> '/tmp/rear.hvWqMGkcXVEGC9y/rootfs/lib/firmware/korg'
'/lib/firmware/korg/k1212.dsp' -> '/tmp/rear.hvWqMGkcXVEGC9y/rootfs/lib/firmware/korg/k1212.dsp'
'/lib/firmware/cbfw-3.2.1.1.bin' -> '/tmp/rear.hvWqMGkcXVEGC9y/rootfs/lib/firmware/cbfw-3.2.1.1.bin'
'/lib/firmware/matrox' -> '/tmp/rear.hvWqMGkcXVEGC9y/rootfs/lib/firmware/matrox'
'/lib/firmware/matrox/g200_warp.fw' -> '/tmp/rear.hvWqMGkcXVEGC9y/rootfs/lib/firmware/matrox/g200_warp.fw'
'/lib/firmware/matrox/g400_warp.fw' -> '/tmp/rear.hvWqMGkcXVEGC9y/rootfs/lib/firmware/matrox/g400_warp.fw'
'/lib/firmware/sb16' -> '/tmp/rear.hvWqMGkcXVEGC9y/rootfs/lib/firmware/sb16'
'/lib/firmware/sb16/alaw_main.csp' -> '/tmp/rear.hvWqMGkcXVEGC9y/rootfs/lib/firmware/sb16/alaw_main.csp'
'/lib/firmware/sb16/ima_adpcm_capture.csp' -> '/tmp/rear.hvWqMGkcXVEGC9y/rootfs/lib/firmware/sb16/ima_adpcm_capture.csp'
'/lib/firmware/sb16/ima_adpcm_init.csp' -> '/tmp/rear.hvWqMGkcXVEGC9y/rootfs/lib/firmware/sb16/ima_adpcm_init.csp'
'/lib/firmware/sb16/ima_adpcm_playback.csp' -> '/tmp/rear.hvWqMGkcXVEGC9y/rootfs/lib/firmware/sb16/ima_adpcm_playback.csp'
'/lib/firmware/sb16/mulaw_main.csp' -> '/tmp/rear.hvWqMGkcXVEGC9y/rootfs/lib/firmware/sb16/mulaw_main.csp'
'/lib/firmware/cbfw-3.2.3.0.bin' -> '/tmp/rear.hvWqMGkcXVEGC9y/rootfs/lib/firmware/cbfw-3.2.3.0.bin'
'/lib/firmware/liquidio' -> '/tmp/rear.hvWqMGkcXVEGC9y/rootfs/lib/firmware/liquidio'
'/lib/firmware/liquidio/lio_210nv_nic.bin' -> '/tmp/rear.hvWqMGkcXVEGC9y/rootfs/lib/firmware/liquidio/lio_210nv_nic.bin'
'/lib/firmware/liquidio/lio_210sv_nic.bin' -> '/tmp/rear.hvWqMGkcXVEGC9y/rootfs/lib/firmware/liquidio/lio_210sv_nic.bin'
'/lib/firmware/liquidio/lio_23xx_nic.bin' -> '/tmp/rear.hvWqMGkcXVEGC9y/rootfs/lib/firmware/liquidio/lio_23xx_nic.bin'
'/lib/firmware/liquidio/lio_23xx_vsw.bin' -> '/tmp/rear.hvWqMGkcXVEGC9y/rootfs/lib/firmware/liquidio/lio_23xx_vsw.bin'
'/lib/firmware/liquidio/lio_410nv_nic.bin' -> '/tmp/rear.hvWqMGkcXVEGC9y/rootfs/lib/firmware/liquidio/lio_410nv_nic.bin'
'/lib/firmware/vx' -> '/tmp/rear.hvWqMGkcXVEGC9y/rootfs/lib/firmware/vx'
'/lib/firmware/vx/bd56002.boot' -> '/tmp/rear.hvWqMGkcXVEGC9y/rootfs/lib/firmware/vx/bd56002.boot'
'/lib/firmware/vx/bd563s3.boot' -> '/tmp/rear.hvWqMGkcXVEGC9y/rootfs/lib/firmware/vx/bd563s3.boot'
'/lib/firmware/vx/bd563v2.boot' -> '/tmp/rear.hvWqMGkcXVEGC9y/rootfs/lib/firmware/vx/bd563v2.boot'
'/lib/firmware/vx/bx_1_vp4.b56' -> '/tmp/rear.hvWqMGkcXVEGC9y/rootfs/lib/firmware/vx/bx_1_vp4.b56'
'/lib/firmware/vx/bx_1_vxp.b56' -> '/tmp/rear.hvWqMGkcXVEGC9y/rootfs/lib/firmware/vx/bx_1_vxp.b56'
'/lib/firmware/vx/l_1_v22.d56' -> '/tmp/rear.hvWqMGkcXVEGC9y/rootfs/lib/firmware/vx/l_1_v22.d56'
'/lib/firmware/vx/l_1_vp4.d56' -> '/tmp/rear.hvWqMGkcXVEGC9y/rootfs/lib/firmware/vx/l_1_vp4.d56'
'/lib/firmware/vx/l_1_vx2.d56' -> '/tmp/rear.hvWqMGkcXVEGC9y/rootfs/lib/firmware/vx/l_1_vx2.d56'
'/lib/firmware/vx/l_1_vxp.d56' -> '/tmp/rear.hvWqMGkcXVEGC9y/rootfs/lib/firmware/vx/l_1_vxp.d56'
'/lib/firmware/vx/x1_1_vp4.xlx' -> '/tmp/rear.hvWqMGkcXVEGC9y/rootfs/lib/firmware/vx/x1_1_vp4.xlx'
'/lib/firmware/vx/x1_1_vx2.xlx' -> '/tmp/rear.hvWqMGkcXVEGC9y/rootfs/lib/firmware/vx/x1_1_vx2.xlx'
'/lib/firmware/vx/x1_1_vxp.xlx' -> '/tmp/rear.hvWqMGkcXVEGC9y/rootfs/lib/firmware/vx/x1_1_vxp.xlx'
'/lib/firmware/vx/x1_2_v22.xlx' -> '/tmp/rear.hvWqMGkcXVEGC9y/rootfs/lib/firmware/vx/x1_2_v22.xlx'
'/lib/firmware/cbfw-3.2.5.1.bin' -> '/tmp/rear.hvWqMGkcXVEGC9y/rootfs/lib/firmware/cbfw-3.2.5.1.bin'
'/lib/firmware/cis' -> '/tmp/rear.hvWqMGkcXVEGC9y/rootfs/lib/firmware/cis'
'/lib/firmware/cis/3CCFEM556.cis' -> '/tmp/rear.hvWqMGkcXVEGC9y/rootfs/lib/firmware/cis/3CCFEM556.cis'
'/lib/firmware/cis/3CXEM556.cis' -> '/tmp/rear.hvWqMGkcXVEGC9y/rootfs/lib/firmware/cis/3CXEM556.cis'
'/lib/firmware/cis/COMpad2.cis' -> '/tmp/rear.hvWqMGkcXVEGC9y/rootfs/lib/firmware/cis/COMpad2.cis'
'/lib/firmware/cis/COMpad4.cis' -> '/tmp/rear.hvWqMGkcXVEGC9y/rootfs/lib/firmware/cis/COMpad4.cis'
'/lib/firmware/cis/DP83903.cis' -> '/tmp/rear.hvWqMGkcXVEGC9y/rootfs/lib/firmware/cis/DP83903.cis'
'/lib/firmware/cis/LA-PCM.cis' -> '/tmp/rear.hvWqMGkcXVEGC9y/rootfs/lib/firmware/cis/LA-PCM.cis'
'/lib/firmware/cis/MT5634ZLX.cis' -> '/tmp/rear.hvWqMGkcXVEGC9y/rootfs/lib/firmware/cis/MT5634ZLX.cis'
'/lib/firmware/cis/NE2K.cis' -> '/tmp/rear.hvWqMGkcXVEGC9y/rootfs/lib/firmware/cis/NE2K.cis'
'/lib/firmware/cis/PCMLM28.cis' -> '/tmp/rear.hvWqMGkcXVEGC9y/rootfs/lib/firmware/cis/PCMLM28.cis'
'/lib/firmware/cis/PE-200.cis' -> '/tmp/rear.hvWqMGkcXVEGC9y/rootfs/lib/firmware/cis/PE-200.cis'
'/lib/firmware/cis/PE520.cis' -> '/tmp/rear.hvWqMGkcXVEGC9y/rootfs/lib/firmware/cis/PE520.cis'
'/lib/firmware/cis/RS-COM-2P.cis' -> '/tmp/rear.hvWqMGkcXVEGC9y/rootfs/lib/firmware/cis/RS-COM-2P.cis'
'/lib/firmware/cis/SW_555_SER.cis' -> '/tmp/rear.hvWqMGkcXVEGC9y/rootfs/lib/firmware/cis/SW_555_SER.cis'
'/lib/firmware/cis/SW_7xx_SER.cis' -> '/tmp/rear.hvWqMGkcXVEGC9y/rootfs/lib/firmware/cis/SW_7xx_SER.cis'
'/lib/firmware/cis/SW_8xx_SER.cis' -> '/tmp/rear.hvWqMGkcXVEGC9y/rootfs/lib/firmware/cis/SW_8xx_SER.cis'
'/lib/firmware/cis/tamarack.cis' -> '/tmp/rear.hvWqMGkcXVEGC9y/rootfs/lib/firmware/cis/tamarack.cis'
'/lib/firmware/mediatek' -> '/tmp/rear.hvWqMGkcXVEGC9y/rootfs/lib/firmware/mediatek'
'/lib/firmware/mediatek/mt7610e.bin' -> '/tmp/rear.hvWqMGkcXVEGC9y/rootfs/lib/firmware/mediatek/mt7610e.bin'
'/lib/firmware/mediatek/mt7610u.bin' -> '/tmp/rear.hvWqMGkcXVEGC9y/rootfs/lib/firmware/mediatek/mt7610u.bin'
'/lib/firmware/mediatek/mt7615_cr4.bin' -> '/tmp/rear.hvWqMGkcXVEGC9y/rootfs/lib/firmware/mediatek/mt7615_cr4.bin'
'/lib/firmware/mediatek/mt7615_n9.bin' -> '/tmp/rear.hvWqMGkcXVEGC9y/rootfs/lib/firmware/mediatek/mt7615_n9.bin'
'/lib/firmware/mediatek/mt7615_rom_patch.bin' -> '/tmp/rear.hvWqMGkcXVEGC9y/rootfs/lib/firmware/mediatek/mt7615_rom_patch.bin'
'/lib/firmware/mediatek/mt7622_n9.bin' -> '/tmp/rear.hvWqMGkcXVEGC9y/rootfs/lib/firmware/mediatek/mt7622_n9.bin'
'/lib/firmware/mediatek/mt7622_rom_patch.bin' -> '/tmp/rear.hvWqMGkcXVEGC9y/rootfs/lib/firmware/mediatek/mt7622_rom_patch.bin'
'/lib/firmware/mediatek/mt7622pr2h.bin' -> '/tmp/rear.hvWqMGkcXVEGC9y/rootfs/lib/firmware/mediatek/mt7622pr2h.bin'
'/lib/firmware/mediatek/mt7650e.bin' -> '/tmp/rear.hvWqMGkcXVEGC9y/rootfs/lib/firmware/mediatek/mt7650e.bin'
'/lib/firmware/mediatek/mt7662u.bin' -> '/tmp/rear.hvWqMGkcXVEGC9y/rootfs/lib/firmware/mediatek/mt7662u.bin'
'/lib/firmware/mediatek/mt7662u_rom_patch.bin' -> '/tmp/rear.hvWqMGkcXVEGC9y/rootfs/lib/firmware/mediatek/mt7662u_rom_patch.bin'
'/lib/firmware/mediatek/mt7663_n9_v3.bin' -> '/tmp/rear.hvWqMGkcXVEGC9y/rootfs/lib/firmware/mediatek/mt7663_n9_v3.bin'
'/lib/firmware/mediatek/mt7663pr2h.bin' -> '/tmp/rear.hvWqMGkcXVEGC9y/rootfs/lib/firmware/mediatek/mt7663pr2h.bin'
'/lib/firmware/mediatek/mt7668pr2h.bin' -> '/tmp/rear.hvWqMGkcXVEGC9y/rootfs/lib/firmware/mediatek/mt7668pr2h.bin'
'/lib/firmware/mediatek/mt8173' -> '/tmp/rear.hvWqMGkcXVEGC9y/rootfs/lib/firmware/mediatek/mt8173'
'/lib/firmware/mediatek/mt8173/vpu_d.bin' -> '/tmp/rear.hvWqMGkcXVEGC9y/rootfs/lib/firmware/mediatek/mt8173/vpu_d.bin'
'/lib/firmware/mediatek/mt8173/vpu_p.bin' -> '/tmp/rear.hvWqMGkcXVEGC9y/rootfs/lib/firmware/mediatek/mt8173/vpu_p.bin'
'/lib/firmware/mediatek/mt8183' -> '/tmp/rear.hvWqMGkcXVEGC9y/rootfs/lib/firmware/mediatek/mt8183'
'/lib/firmware/mediatek/mt8183/scp.img' -> '/tmp/rear.hvWqMGkcXVEGC9y/rootfs/lib/firmware/mediatek/mt8183/scp.img'
'/lib/firmware/cmmb_vega_12mhz.inp' -> '/tmp/rear.hvWqMGkcXVEGC9y/rootfs/lib/firmware/cmmb_vega_12mhz.inp'
'/lib/firmware/e100' -> '/tmp/rear.hvWqMGkcXVEGC9y/rootfs/lib/firmware/e100'
'/lib/firmware/e100/d101m_ucode.bin' -> '/tmp/rear.hvWqMGkcXVEGC9y/rootfs/lib/firmware/e100/d101m_ucode.bin'
'/lib/firmware/e100/d101s_ucode.bin' -> '/tmp/rear.hvWqMGkcXVEGC9y/rootfs/lib/firmware/e100/d101s_ucode.bin'
'/lib/firmware/e100/d102e_ucode.bin' -> '/tmp/rear.hvWqMGkcXVEGC9y/rootfs/lib/firmware/e100/d102e_ucode.bin'
'/lib/firmware/qat_895xcc_mmp.bin' -> '/tmp/rear.hvWqMGkcXVEGC9y/rootfs/lib/firmware/qat_895xcc_mmp.bin'
'/lib/firmware/cmmb_venice_12mhz.inp' -> '/tmp/rear.hvWqMGkcXVEGC9y/rootfs/lib/firmware/cmmb_venice_12mhz.inp'
'/lib/firmware/cpia2' -> '/tmp/rear.hvWqMGkcXVEGC9y/rootfs/lib/firmware/cpia2'
'/lib/firmware/cpia2/stv0672_vp4.bin' -> '/tmp/rear.hvWqMGkcXVEGC9y/rootfs/lib/firmware/cpia2/stv0672_vp4.bin'
'/lib/firmware/mellanox' -> '/tmp/rear.hvWqMGkcXVEGC9y/rootfs/lib/firmware/mellanox'
'/lib/firmware/mellanox/mlxsw_spectrum-13.1420.122.mfa2' -> '/tmp/rear.hvWqMGkcXVEGC9y/rootfs/lib/firmware/mellanox/mlxsw_spectrum-13.1420.122.mfa2'
'/lib/firmware/mellanox/mlxsw_spectrum-13.1530.152.mfa2' -> '/tmp/rear.hvWqMGkcXVEGC9y/rootfs/lib/firmware/mellanox/mlxsw_spectrum-13.1530.152.mfa2'
'/lib/firmware/mellanox/mlxsw_spectrum-13.1620.192.mfa2' -> '/tmp/rear.hvWqMGkcXVEGC9y/rootfs/lib/firmware/mellanox/mlxsw_spectrum-13.1620.192.mfa2'
'/lib/firmware/mellanox/mlxsw_spectrum-13.1702.6.mfa2' -> '/tmp/rear.hvWqMGkcXVEGC9y/rootfs/lib/firmware/mellanox/mlxsw_spectrum-13.1702.6.mfa2'
'/lib/firmware/mellanox/mlxsw_spectrum-13.1703.4.mfa2' -> '/tmp/rear.hvWqMGkcXVEGC9y/rootfs/lib/firmware/mellanox/mlxsw_spectrum-13.1703.4.mfa2'
'/lib/firmware/mellanox/mlxsw_spectrum-13.1910.622.mfa2' -> '/tmp/rear.hvWqMGkcXVEGC9y/rootfs/lib/firmware/mellanox/mlxsw_spectrum-13.1910.622.mfa2'
'/lib/firmware/mellanox/mlxsw_spectrum-13.2000.1122.mfa2' -> '/tmp/rear.hvWqMGkcXVEGC9y/rootfs/lib/firmware/mellanox/mlxsw_spectrum-13.2000.1122.mfa2'
'/lib/firmware/mellanox/mlxsw_spectrum-13.2000.1886.mfa2' -> '/tmp/rear.hvWqMGkcXVEGC9y/rootfs/lib/firmware/mellanox/mlxsw_spectrum-13.2000.1886.mfa2'
'/lib/firmware/mellanox/mlxsw_spectrum-13.2000.2308.mfa2' -> '/tmp/rear.hvWqMGkcXVEGC9y/rootfs/lib/firmware/mellanox/mlxsw_spectrum-13.2000.2308.mfa2'
'/lib/firmware/mellanox/mlxsw_spectrum-13.2000.2714.mfa2' -> '/tmp/rear.hvWqMGkcXVEGC9y/rootfs/lib/firmware/mellanox/mlxsw_spectrum-13.2000.2714.mfa2'
'/lib/firmware/mellanox/mlxsw_spectrum2-29.2000.2308.mfa2' -> '/tmp/rear.hvWqMGkcXVEGC9y/rootfs/lib/firmware/mellanox/mlxsw_spectrum2-29.2000.2308.mfa2'
'/lib/firmware/mellanox/mlxsw_spectrum2-29.2000.2714.mfa2' -> '/tmp/rear.hvWqMGkcXVEGC9y/rootfs/lib/firmware/mellanox/mlxsw_spectrum2-29.2000.2714.mfa2'
'/lib/firmware/ct2fw-3.2.1.1.bin' -> '/tmp/rear.hvWqMGkcXVEGC9y/rootfs/lib/firmware/ct2fw-3.2.1.1.bin'
'/lib/firmware/meson' -> '/tmp/rear.hvWqMGkcXVEGC9y/rootfs/lib/firmware/meson'
'/lib/firmware/meson/vdec' -> '/tmp/rear.hvWqMGkcXVEGC9y/rootfs/lib/firmware/meson/vdec'
'/lib/firmware/meson/vdec/g12a_h264.bin' -> '/tmp/rear.hvWqMGkcXVEGC9y/rootfs/lib/firmware/meson/vdec/g12a_h264.bin'
'/lib/firmware/meson/vdec/g12a_hevc_mmu.bin' -> '/tmp/rear.hvWqMGkcXVEGC9y/rootfs/lib/firmware/meson/vdec/g12a_hevc_mmu.bin'
'/lib/firmware/meson/vdec/g12a_vp9.bin' -> '/tmp/rear.hvWqMGkcXVEGC9y/rootfs/lib/firmware/meson/vdec/g12a_vp9.bin'
'/lib/firmware/meson/vdec/gxbb_h264.bin' -> '/tmp/rear.hvWqMGkcXVEGC9y/rootfs/lib/firmware/meson/vdec/gxbb_h264.bin'
'/lib/firmware/meson/vdec/gxl_h263.bin' -> '/tmp/rear.hvWqMGkcXVEGC9y/rootfs/lib/firmware/meson/vdec/gxl_h263.bin'
'/lib/firmware/meson/vdec/gxl_h264.bin' -> '/tmp/rear.hvWqMGkcXVEGC9y/rootfs/lib/firmware/meson/vdec/gxl_h264.bin'
'/lib/firmware/meson/vdec/gxl_hevc.bin' -> '/tmp/rear.hvWqMGkcXVEGC9y/rootfs/lib/firmware/meson/vdec/gxl_hevc.bin'
'/lib/firmware/meson/vdec/gxl_hevc_mmu.bin' -> '/tmp/rear.hvWqMGkcXVEGC9y/rootfs/lib/firmware/meson/vdec/gxl_hevc_mmu.bin'
'/lib/firmware/meson/vdec/gxl_mjpeg.bin' -> '/tmp/rear.hvWqMGkcXVEGC9y/rootfs/lib/firmware/meson/vdec/gxl_mjpeg.bin'
'/lib/firmware/meson/vdec/gxl_mpeg12.bin' -> '/tmp/rear.hvWqMGkcXVEGC9y/rootfs/lib/firmware/meson/vdec/gxl_mpeg12.bin'
'/lib/firmware/meson/vdec/gxl_mpeg4_5.bin' -> '/tmp/rear.hvWqMGkcXVEGC9y/rootfs/lib/firmware/meson/vdec/gxl_mpeg4_5.bin'
'/lib/firmware/meson/vdec/gxl_vp9.bin' -> '/tmp/rear.hvWqMGkcXVEGC9y/rootfs/lib/firmware/meson/vdec/gxl_vp9.bin'
'/lib/firmware/meson/vdec/gxm_h264.bin' -> '/tmp/rear.hvWqMGkcXVEGC9y/rootfs/lib/firmware/meson/vdec/gxm_h264.bin'
'/lib/firmware/meson/vdec/sm1_hevc_mmu.bin' -> '/tmp/rear.hvWqMGkcXVEGC9y/rootfs/lib/firmware/meson/vdec/sm1_hevc_mmu.bin'
'/lib/firmware/meson/vdec/sm1_vp9_mmu.bin' -> '/tmp/rear.hvWqMGkcXVEGC9y/rootfs/lib/firmware/meson/vdec/sm1_vp9_mmu.bin'
'/lib/firmware/ct2fw-3.2.3.0.bin' -> '/tmp/rear.hvWqMGkcXVEGC9y/rootfs/lib/firmware/ct2fw-3.2.3.0.bin'
'/lib/firmware/microchip' -> '/tmp/rear.hvWqMGkcXVEGC9y/rootfs/lib/firmware/microchip'
'/lib/firmware/microchip/mscc_vsc8574_revb_int8051_29e8.bin' -> '/tmp/rear.hvWqMGkcXVEGC9y/rootfs/lib/firmware/microchip/mscc_vsc8574_revb_int8051_29e8.bin'
'/lib/firmware/microchip/mscc_vsc8584_revb_int8051_fb48.bin' -> '/tmp/rear.hvWqMGkcXVEGC9y/rootfs/lib/firmware/microchip/mscc_vsc8584_revb_int8051_fb48.bin'
'/lib/firmware/ct2fw-3.2.5.1.bin' -> '/tmp/rear.hvWqMGkcXVEGC9y/rootfs/lib/firmware/ct2fw-3.2.5.1.bin'
'/lib/firmware/phanfw.bin' -> '/tmp/rear.hvWqMGkcXVEGC9y/rootfs/lib/firmware/phanfw.bin'
'/lib/firmware/ctefx.bin' -> '/tmp/rear.hvWqMGkcXVEGC9y/rootfs/lib/firmware/ctefx.bin'
'/lib/firmware/moxa' -> '/tmp/rear.hvWqMGkcXVEGC9y/rootfs/lib/firmware/moxa'
'/lib/firmware/moxa/moxa-1110.fw' -> '/tmp/rear.hvWqMGkcXVEGC9y/rootfs/lib/firmware/moxa/moxa-1110.fw'
'/lib/firmware/moxa/moxa-1130.fw' -> '/tmp/rear.hvWqMGkcXVEGC9y/rootfs/lib/firmware/moxa/moxa-1130.fw'
'/lib/firmware/moxa/moxa-1131.fw' -> '/tmp/rear.hvWqMGkcXVEGC9y/rootfs/lib/firmware/moxa/moxa-1131.fw'
'/lib/firmware/moxa/moxa-1150.fw' -> '/tmp/rear.hvWqMGkcXVEGC9y/rootfs/lib/firmware/moxa/moxa-1150.fw'
'/lib/firmware/moxa/moxa-1151.fw' -> '/tmp/rear.hvWqMGkcXVEGC9y/rootfs/lib/firmware/moxa/moxa-1151.fw'
'/lib/firmware/moxa/moxa-1250.fw' -> '/tmp/rear.hvWqMGkcXVEGC9y/rootfs/lib/firmware/moxa/moxa-1250.fw'
'/lib/firmware/moxa/moxa-1251.fw' -> '/tmp/rear.hvWqMGkcXVEGC9y/rootfs/lib/firmware/moxa/moxa-1251.fw'
'/lib/firmware/moxa/moxa-1410.fw' -> '/tmp/rear.hvWqMGkcXVEGC9y/rootfs/lib/firmware/moxa/moxa-1410.fw'
'/lib/firmware/moxa/moxa-1450.fw' -> '/tmp/rear.hvWqMGkcXVEGC9y/rootfs/lib/firmware/moxa/moxa-1450.fw'
'/lib/firmware/moxa/moxa-1451.fw' -> '/tmp/rear.hvWqMGkcXVEGC9y/rootfs/lib/firmware/moxa/moxa-1451.fw'
'/lib/firmware/moxa/moxa-1613.fw' -> '/tmp/rear.hvWqMGkcXVEGC9y/rootfs/lib/firmware/moxa/moxa-1613.fw'
'/lib/firmware/moxa/moxa-1618.fw' -> '/tmp/rear.hvWqMGkcXVEGC9y/rootfs/lib/firmware/moxa/moxa-1618.fw'
'/lib/firmware/moxa/moxa-1653.fw' -> '/tmp/rear.hvWqMGkcXVEGC9y/rootfs/lib/firmware/moxa/moxa-1653.fw'
'/lib/firmware/moxa/moxa-1658.fw' -> '/tmp/rear.hvWqMGkcXVEGC9y/rootfs/lib/firmware/moxa/moxa-1658.fw'
'/lib/firmware/qca' -> '/tmp/rear.hvWqMGkcXVEGC9y/rootfs/lib/firmware/qca'
'/lib/firmware/qca/crbtfw21.tlv' -> '/tmp/rear.hvWqMGkcXVEGC9y/rootfs/lib/firmware/qca/crbtfw21.tlv'
'/lib/firmware/qca/crbtfw32.tlv' -> '/tmp/rear.hvWqMGkcXVEGC9y/rootfs/lib/firmware/qca/crbtfw32.tlv'
'/lib/firmware/qca/crnv21.bin' -> '/tmp/rear.hvWqMGkcXVEGC9y/rootfs/lib/firmware/qca/crnv21.bin'
'/lib/firmware/qca/crnv32.bin' -> '/tmp/rear.hvWqMGkcXVEGC9y/rootfs/lib/firmware/qca/crnv32.bin'
'/lib/firmware/qca/htbtfw20.tlv' -> '/tmp/rear.hvWqMGkcXVEGC9y/rootfs/lib/firmware/qca/htbtfw20.tlv'
'/lib/firmware/qca/htnv20.bin' -> '/tmp/rear.hvWqMGkcXVEGC9y/rootfs/lib/firmware/qca/htnv20.bin'
'/lib/firmware/qca/nvm_00130300.bin' -> '/tmp/rear.hvWqMGkcXVEGC9y/rootfs/lib/firmware/qca/nvm_00130300.bin'
'/lib/firmware/qca/nvm_00130302.bin' -> '/tmp/rear.hvWqMGkcXVEGC9y/rootfs/lib/firmware/qca/nvm_00130302.bin'
'/lib/firmware/qca/nvm_00440302.bin' -> '/tmp/rear.hvWqMGkcXVEGC9y/rootfs/lib/firmware/qca/nvm_00440302.bin'
'/lib/firmware/qca/nvm_00440302_eu.bin' -> '/tmp/rear.hvWqMGkcXVEGC9y/rootfs/lib/firmware/qca/nvm_00440302_eu.bin'
'/lib/firmware/qca/nvm_00440302_i2s_eu.bin' -> '/tmp/rear.hvWqMGkcXVEGC9y/rootfs/lib/firmware/qca/nvm_00440302_i2s_eu.bin'
'/lib/firmware/qca/nvm_usb_00000200.bin' -> '/tmp/rear.hvWqMGkcXVEGC9y/rootfs/lib/firmware/qca/nvm_usb_00000200.bin'
'/lib/firmware/qca/nvm_usb_00000201.bin' -> '/tmp/rear.hvWqMGkcXVEGC9y/rootfs/lib/firmware/qca/nvm_usb_00000201.bin'
'/lib/firmware/qca/nvm_usb_00000300.bin' -> '/tmp/rear.hvWqMGkcXVEGC9y/rootfs/lib/firmware/qca/nvm_usb_00000300.bin'
'/lib/firmware/qca/nvm_usb_00000302.bin' -> '/tmp/rear.hvWqMGkcXVEGC9y/rootfs/lib/firmware/qca/nvm_usb_00000302.bin'
'/lib/firmware/qca/nvm_usb_00000302_eu.bin' -> '/tmp/rear.hvWqMGkcXVEGC9y/rootfs/lib/firmware/qca/nvm_usb_00000302_eu.bin'
'/lib/firmware/qca/rampatch_00130300.bin' -> '/tmp/rear.hvWqMGkcXVEGC9y/rootfs/lib/firmware/qca/rampatch_00130300.bin'
'/lib/firmware/qca/rampatch_00130302.bin' -> '/tmp/rear.hvWqMGkcXVEGC9y/rootfs/lib/firmware/qca/rampatch_00130302.bin'
'/lib/firmware/qca/rampatch_00440302.bin' -> '/tmp/rear.hvWqMGkcXVEGC9y/rootfs/lib/firmware/qca/rampatch_00440302.bin'
'/lib/firmware/qca/rampatch_usb_00000200.bin' -> '/tmp/rear.hvWqMGkcXVEGC9y/rootfs/lib/firmware/qca/rampatch_usb_00000200.bin'
'/lib/firmware/qca/rampatch_usb_00000201.bin' -> '/tmp/rear.hvWqMGkcXVEGC9y/rootfs/lib/firmware/qca/rampatch_usb_00000201.bin'
'/lib/firmware/qca/rampatch_usb_00000300.bin' -> '/tmp/rear.hvWqMGkcXVEGC9y/rootfs/lib/firmware/qca/rampatch_usb_00000300.bin'
'/lib/firmware/qca/rampatch_usb_00000302.bin' -> '/tmp/rear.hvWqMGkcXVEGC9y/rootfs/lib/firmware/qca/rampatch_usb_00000302.bin'
'/lib/firmware/ctfw-3.2.1.1.bin' -> '/tmp/rear.hvWqMGkcXVEGC9y/rootfs/lib/firmware/ctfw-3.2.1.1.bin'
'/lib/firmware/mrvl' -> '/tmp/rear.hvWqMGkcXVEGC9y/rootfs/lib/firmware/mrvl'
'/lib/firmware/mrvl/pcie8897_uapsta.bin' -> '/tmp/rear.hvWqMGkcXVEGC9y/rootfs/lib/firmware/mrvl/pcie8897_uapsta.bin'
'/lib/firmware/mrvl/pcie8997_wlan_v4.bin' -> '/tmp/rear.hvWqMGkcXVEGC9y/rootfs/lib/firmware/mrvl/pcie8997_wlan_v4.bin'
'/lib/firmware/mrvl/pcieuart8997_combo_v4.bin' -> '/tmp/rear.hvWqMGkcXVEGC9y/rootfs/lib/firmware/mrvl/pcieuart8997_combo_v4.bin'
'/lib/firmware/mrvl/pcieusb8997_combo_v4.bin' -> '/tmp/rear.hvWqMGkcXVEGC9y/rootfs/lib/firmware/mrvl/pcieusb8997_combo_v4.bin'
'/lib/firmware/mrvl/sd8787_uapsta.bin' -> '/tmp/rear.hvWqMGkcXVEGC9y/rootfs/lib/firmware/mrvl/sd8787_uapsta.bin'
'/lib/firmware/mrvl/sd8797_uapsta.bin' -> '/tmp/rear.hvWqMGkcXVEGC9y/rootfs/lib/firmware/mrvl/sd8797_uapsta.bin'
'/lib/firmware/mrvl/sd8801_uapsta.bin' -> '/tmp/rear.hvWqMGkcXVEGC9y/rootfs/lib/firmware/mrvl/sd8801_uapsta.bin'
'/lib/firmware/mrvl/sd8887_uapsta.bin' -> '/tmp/rear.hvWqMGkcXVEGC9y/rootfs/lib/firmware/mrvl/sd8887_uapsta.bin'
'/lib/firmware/mrvl/sd8897_uapsta.bin' -> '/tmp/rear.hvWqMGkcXVEGC9y/rootfs/lib/firmware/mrvl/sd8897_uapsta.bin'
'/lib/firmware/mrvl/sdsd8977_combo_v2.bin' -> '/tmp/rear.hvWqMGkcXVEGC9y/rootfs/lib/firmware/mrvl/sdsd8977_combo_v2.bin'
'/lib/firmware/mrvl/sdsd8997_combo_v4.bin' -> '/tmp/rear.hvWqMGkcXVEGC9y/rootfs/lib/firmware/mrvl/sdsd8997_combo_v4.bin'
'/lib/firmware/mrvl/usb8766_uapsta.bin' -> '/tmp/rear.hvWqMGkcXVEGC9y/rootfs/lib/firmware/mrvl/usb8766_uapsta.bin'
'/lib/firmware/mrvl/usb8797_uapsta.bin' -> '/tmp/rear.hvWqMGkcXVEGC9y/rootfs/lib/firmware/mrvl/usb8797_uapsta.bin'
'/lib/firmware/mrvl/usb8801_uapsta.bin' -> '/tmp/rear.hvWqMGkcXVEGC9y/rootfs/lib/firmware/mrvl/usb8801_uapsta.bin'
'/lib/firmware/mrvl/usb8897_uapsta.bin' -> '/tmp/rear.hvWqMGkcXVEGC9y/rootfs/lib/firmware/mrvl/usb8897_uapsta.bin'
'/lib/firmware/mrvl/usbusb8997_combo_v4.bin' -> '/tmp/rear.hvWqMGkcXVEGC9y/rootfs/lib/firmware/mrvl/usbusb8997_combo_v4.bin'
'/lib/firmware/qcom' -> '/tmp/rear.hvWqMGkcXVEGC9y/rootfs/lib/firmware/qcom'
'/lib/firmware/qcom/a300_pfp.fw' -> '/tmp/rear.hvWqMGkcXVEGC9y/rootfs/lib/firmware/qcom/a300_pfp.fw'
'/lib/firmware/qcom/a300_pm4.fw' -> '/tmp/rear.hvWqMGkcXVEGC9y/rootfs/lib/firmware/qcom/a300_pm4.fw'
'/lib/firmware/qcom/a530_pfp.fw' -> '/tmp/rear.hvWqMGkcXVEGC9y/rootfs/lib/firmware/qcom/a530_pfp.fw'
'/lib/firmware/qcom/a530_pm4.fw' -> '/tmp/rear.hvWqMGkcXVEGC9y/rootfs/lib/firmware/qcom/a530_pm4.fw'
'/lib/firmware/qcom/a530_zap.b00' -> '/tmp/rear.hvWqMGkcXVEGC9y/rootfs/lib/firmware/qcom/a530_zap.b00'
'/lib/firmware/qcom/a530_zap.b01' -> '/tmp/rear.hvWqMGkcXVEGC9y/rootfs/lib/firmware/qcom/a530_zap.b01'
'/lib/firmware/qcom/a530_zap.b02' -> '/tmp/rear.hvWqMGkcXVEGC9y/rootfs/lib/firmware/qcom/a530_zap.b02'
'/lib/firmware/qcom/a530_zap.mdt' -> '/tmp/rear.hvWqMGkcXVEGC9y/rootfs/lib/firmware/qcom/a530_zap.mdt'
'/lib/firmware/qcom/a530v3_gpmu.fw2' -> '/tmp/rear.hvWqMGkcXVEGC9y/rootfs/lib/firmware/qcom/a530v3_gpmu.fw2'
'/lib/firmware/qcom/a630_gmu.bin' -> '/tmp/rear.hvWqMGkcXVEGC9y/rootfs/lib/firmware/qcom/a630_gmu.bin'
'/lib/firmware/qcom/a630_sqe.fw' -> '/tmp/rear.hvWqMGkcXVEGC9y/rootfs/lib/firmware/qcom/a630_sqe.fw'
'/lib/firmware/qcom/sdm845' -> '/tmp/rear.hvWqMGkcXVEGC9y/rootfs/lib/firmware/qcom/sdm845'
'/lib/firmware/qcom/sdm845/a630_zap.mbn' -> '/tmp/rear.hvWqMGkcXVEGC9y/rootfs/lib/firmware/qcom/sdm845/a630_zap.mbn'
'/lib/firmware/qcom/sdm845/adsp.mbn' -> '/tmp/rear.hvWqMGkcXVEGC9y/rootfs/lib/firmware/qcom/sdm845/adsp.mbn'
'/lib/firmware/qcom/sdm845/adspr.jsn' -> '/tmp/rear.hvWqMGkcXVEGC9y/rootfs/lib/firmware/qcom/sdm845/adspr.jsn'
'/lib/firmware/qcom/sdm845/adspua.jsn' -> '/tmp/rear.hvWqMGkcXVEGC9y/rootfs/lib/firmware/qcom/sdm845/adspua.jsn'
'/lib/firmware/qcom/sdm845/cdsp.mbn' -> '/tmp/rear.hvWqMGkcXVEGC9y/rootfs/lib/firmware/qcom/sdm845/cdsp.mbn'
'/lib/firmware/qcom/sdm845/cdspr.jsn' -> '/tmp/rear.hvWqMGkcXVEGC9y/rootfs/lib/firmware/qcom/sdm845/cdspr.jsn'
'/lib/firmware/qcom/sdm845/mba.mbn' -> '/tmp/rear.hvWqMGkcXVEGC9y/rootfs/lib/firmware/qcom/sdm845/mba.mbn'
'/lib/firmware/qcom/sdm845/modem.mbn' -> '/tmp/rear.hvWqMGkcXVEGC9y/rootfs/lib/firmware/qcom/sdm845/modem.mbn'
'/lib/firmware/qcom/sdm845/modemuw.jsn' -> '/tmp/rear.hvWqMGkcXVEGC9y/rootfs/lib/firmware/qcom/sdm845/modemuw.jsn'
'/lib/firmware/qcom/sdm845/wlanmdsp.mbn' -> '/tmp/rear.hvWqMGkcXVEGC9y/rootfs/lib/firmware/qcom/sdm845/wlanmdsp.mbn'
'/lib/firmware/qcom/venus-1.8' -> '/tmp/rear.hvWqMGkcXVEGC9y/rootfs/lib/firmware/qcom/venus-1.8'
'/lib/firmware/qcom/venus-1.8/venus.b00' -> '/tmp/rear.hvWqMGkcXVEGC9y/rootfs/lib/firmware/qcom/venus-1.8/venus.b00'
'/lib/firmware/qcom/venus-1.8/venus.b01' -> '/tmp/rear.hvWqMGkcXVEGC9y/rootfs/lib/firmware/qcom/venus-1.8/venus.b01'
'/lib/firmware/qcom/venus-1.8/venus.b02' -> '/tmp/rear.hvWqMGkcXVEGC9y/rootfs/lib/firmware/qcom/venus-1.8/venus.b02'
'/lib/firmware/qcom/venus-1.8/venus.b03' -> '/tmp/rear.hvWqMGkcXVEGC9y/rootfs/lib/firmware/qcom/venus-1.8/venus.b03'
'/lib/firmware/qcom/venus-1.8/venus.b04' -> '/tmp/rear.hvWqMGkcXVEGC9y/rootfs/lib/firmware/qcom/venus-1.8/venus.b04'
'/lib/firmware/qcom/venus-1.8/venus.mdt' -> '/tmp/rear.hvWqMGkcXVEGC9y/rootfs/lib/firmware/qcom/venus-1.8/venus.mdt'
'/lib/firmware/qcom/venus-4.2' -> '/tmp/rear.hvWqMGkcXVEGC9y/rootfs/lib/firmware/qcom/venus-4.2'
'/lib/firmware/qcom/venus-4.2/venus.b00' -> '/tmp/rear.hvWqMGkcXVEGC9y/rootfs/lib/firmware/qcom/venus-4.2/venus.b00'
'/lib/firmware/qcom/venus-4.2/venus.b01' -> '/tmp/rear.hvWqMGkcXVEGC9y/rootfs/lib/firmware/qcom/venus-4.2/venus.b01'
'/lib/firmware/qcom/venus-4.2/venus.b02' -> '/tmp/rear.hvWqMGkcXVEGC9y/rootfs/lib/firmware/qcom/venus-4.2/venus.b02'
'/lib/firmware/qcom/venus-4.2/venus.b03' -> '/tmp/rear.hvWqMGkcXVEGC9y/rootfs/lib/firmware/qcom/venus-4.2/venus.b03'
'/lib/firmware/qcom/venus-4.2/venus.b04' -> '/tmp/rear.hvWqMGkcXVEGC9y/rootfs/lib/firmware/qcom/venus-4.2/venus.b04'
'/lib/firmware/qcom/venus-4.2/venus.mdt' -> '/tmp/rear.hvWqMGkcXVEGC9y/rootfs/lib/firmware/qcom/venus-4.2/venus.mdt'
'/lib/firmware/qcom/venus-5.2' -> '/tmp/rear.hvWqMGkcXVEGC9y/rootfs/lib/firmware/qcom/venus-5.2'
'/lib/firmware/qcom/venus-5.2/venus.b00' -> '/tmp/rear.hvWqMGkcXVEGC9y/rootfs/lib/firmware/qcom/venus-5.2/venus.b00'
'/lib/firmware/qcom/venus-5.2/venus.b01' -> '/tmp/rear.hvWqMGkcXVEGC9y/rootfs/lib/firmware/qcom/venus-5.2/venus.b01'
'/lib/firmware/qcom/venus-5.2/venus.b02' -> '/tmp/rear.hvWqMGkcXVEGC9y/rootfs/lib/firmware/qcom/venus-5.2/venus.b02'
'/lib/firmware/qcom/venus-5.2/venus.b03' -> '/tmp/rear.hvWqMGkcXVEGC9y/rootfs/lib/firmware/qcom/venus-5.2/venus.b03'
'/lib/firmware/qcom/venus-5.2/venus.b04' -> '/tmp/rear.hvWqMGkcXVEGC9y/rootfs/lib/firmware/qcom/venus-5.2/venus.b04'
'/lib/firmware/qcom/venus-5.2/venus.mbn' -> '/tmp/rear.hvWqMGkcXVEGC9y/rootfs/lib/firmware/qcom/venus-5.2/venus.mbn'
'/lib/firmware/qcom/venus-5.2/venus.mdt' -> '/tmp/rear.hvWqMGkcXVEGC9y/rootfs/lib/firmware/qcom/venus-5.2/venus.mdt'
'/lib/firmware/qcom/venus-5.4' -> '/tmp/rear.hvWqMGkcXVEGC9y/rootfs/lib/firmware/qcom/venus-5.4'
'/lib/firmware/qcom/venus-5.4/venus.b00' -> '/tmp/rear.hvWqMGkcXVEGC9y/rootfs/lib/firmware/qcom/venus-5.4/venus.b00'
'/lib/firmware/qcom/venus-5.4/venus.b01' -> '/tmp/rear.hvWqMGkcXVEGC9y/rootfs/lib/firmware/qcom/venus-5.4/venus.b01'
'/lib/firmware/qcom/venus-5.4/venus.b02' -> '/tmp/rear.hvWqMGkcXVEGC9y/rootfs/lib/firmware/qcom/venus-5.4/venus.b02'
'/lib/firmware/qcom/venus-5.4/venus.b03' -> '/tmp/rear.hvWqMGkcXVEGC9y/rootfs/lib/firmware/qcom/venus-5.4/venus.b03'
'/lib/firmware/qcom/venus-5.4/venus.b04' -> '/tmp/rear.hvWqMGkcXVEGC9y/rootfs/lib/firmware/qcom/venus-5.4/venus.b04'
'/lib/firmware/qcom/venus-5.4/venus.mbn' -> '/tmp/rear.hvWqMGkcXVEGC9y/rootfs/lib/firmware/qcom/venus-5.4/venus.mbn'
'/lib/firmware/qcom/venus-5.4/venus.mdt' -> '/tmp/rear.hvWqMGkcXVEGC9y/rootfs/lib/firmware/qcom/venus-5.4/venus.mdt'
'/lib/firmware/ctfw-3.2.3.0.bin' -> '/tmp/rear.hvWqMGkcXVEGC9y/rootfs/lib/firmware/ctfw-3.2.3.0.bin'
'/lib/firmware/mt7650.bin' -> '/tmp/rear.hvWqMGkcXVEGC9y/rootfs/lib/firmware/mt7650.bin'
'/lib/firmware/ctfw-3.2.5.1.bin' -> '/tmp/rear.hvWqMGkcXVEGC9y/rootfs/lib/firmware/ctfw-3.2.5.1.bin'
'/lib/firmware/qat_895xcc.bin' -> '/tmp/rear.hvWqMGkcXVEGC9y/rootfs/lib/firmware/qat_895xcc.bin'
'/lib/firmware/ctspeq.bin' -> '/tmp/rear.hvWqMGkcXVEGC9y/rootfs/lib/firmware/ctspeq.bin'
'/lib/firmware/cxgb3' -> '/tmp/rear.hvWqMGkcXVEGC9y/rootfs/lib/firmware/cxgb3'
'/lib/firmware/cxgb3/ael2005_opt_edc.bin' -> '/tmp/rear.hvWqMGkcXVEGC9y/rootfs/lib/firmware/cxgb3/ael2005_opt_edc.bin'
'/lib/firmware/cxgb3/ael2005_twx_edc.bin' -> '/tmp/rear.hvWqMGkcXVEGC9y/rootfs/lib/firmware/cxgb3/ael2005_twx_edc.bin'
'/lib/firmware/cxgb3/ael2020_twx_edc.bin' -> '/tmp/rear.hvWqMGkcXVEGC9y/rootfs/lib/firmware/cxgb3/ael2020_twx_edc.bin'
'/lib/firmware/cxgb3/t3b_psram-1.1.0.bin' -> '/tmp/rear.hvWqMGkcXVEGC9y/rootfs/lib/firmware/cxgb3/t3b_psram-1.1.0.bin'
'/lib/firmware/cxgb3/t3c_psram-1.1.0.bin' -> '/tmp/rear.hvWqMGkcXVEGC9y/rootfs/lib/firmware/cxgb3/t3c_psram-1.1.0.bin'
'/lib/firmware/cxgb3/t3fw-7.0.0.bin' -> '/tmp/rear.hvWqMGkcXVEGC9y/rootfs/lib/firmware/cxgb3/t3fw-7.0.0.bin'
'/lib/firmware/cxgb3/t3fw-7.1.0.bin' -> '/tmp/rear.hvWqMGkcXVEGC9y/rootfs/lib/firmware/cxgb3/t3fw-7.1.0.bin'
'/lib/firmware/cxgb3/t3fw-7.10.0.bin' -> '/tmp/rear.hvWqMGkcXVEGC9y/rootfs/lib/firmware/cxgb3/t3fw-7.10.0.bin'
'/lib/firmware/cxgb3/t3fw-7.12.0.bin' -> '/tmp/rear.hvWqMGkcXVEGC9y/rootfs/lib/firmware/cxgb3/t3fw-7.12.0.bin'
'/lib/firmware/cxgb3/t3fw-7.4.0.bin' -> '/tmp/rear.hvWqMGkcXVEGC9y/rootfs/lib/firmware/cxgb3/t3fw-7.4.0.bin'
'/lib/firmware/cxgb4' -> '/tmp/rear.hvWqMGkcXVEGC9y/rootfs/lib/firmware/cxgb4'
'/lib/firmware/cxgb4/aq1202_fw.cld' -> '/tmp/rear.hvWqMGkcXVEGC9y/rootfs/lib/firmware/cxgb4/aq1202_fw.cld'
'/lib/firmware/cxgb4/bcm8483.bin' -> '/tmp/rear.hvWqMGkcXVEGC9y/rootfs/lib/firmware/cxgb4/bcm8483.bin'
'/lib/firmware/cxgb4/configs' -> '/tmp/rear.hvWqMGkcXVEGC9y/rootfs/lib/firmware/cxgb4/configs'
'/lib/firmware/cxgb4/configs/t4-config-default.txt' -> '/tmp/rear.hvWqMGkcXVEGC9y/rootfs/lib/firmware/cxgb4/configs/t4-config-default.txt'
'/lib/firmware/cxgb4/configs/t5-config-default.txt' -> '/tmp/rear.hvWqMGkcXVEGC9y/rootfs/lib/firmware/cxgb4/configs/t5-config-default.txt'
'/lib/firmware/cxgb4/configs/t5-config-hashfilter.txt' -> '/tmp/rear.hvWqMGkcXVEGC9y/rootfs/lib/firmware/cxgb4/configs/t5-config-hashfilter.txt'
'/lib/firmware/cxgb4/configs/t6-config-default.txt' -> '/tmp/rear.hvWqMGkcXVEGC9y/rootfs/lib/firmware/cxgb4/configs/t6-config-default.txt'
'/lib/firmware/cxgb4/configs/t6-config-hashfilter.txt' -> '/tmp/rear.hvWqMGkcXVEGC9y/rootfs/lib/firmware/cxgb4/configs/t6-config-hashfilter.txt'
'/lib/firmware/cxgb4/t4-config.txt' -> '/tmp/rear.hvWqMGkcXVEGC9y/rootfs/lib/firmware/cxgb4/t4-config.txt'
'/lib/firmware/cxgb4/t4fw-1.14.4.0.bin' -> '/tmp/rear.hvWqMGkcXVEGC9y/rootfs/lib/firmware/cxgb4/t4fw-1.14.4.0.bin'
'/lib/firmware/cxgb4/t4fw-1.15.37.0.bin' -> '/tmp/rear.hvWqMGkcXVEGC9y/rootfs/lib/firmware/cxgb4/t4fw-1.15.37.0.bin'
'/lib/firmware/cxgb4/t4fw-1.24.14.0.bin' -> '/tmp/rear.hvWqMGkcXVEGC9y/rootfs/lib/firmware/cxgb4/t4fw-1.24.14.0.bin'
'/lib/firmware/cxgb4/t4fw.bin' -> '/tmp/rear.hvWqMGkcXVEGC9y/rootfs/lib/firmware/cxgb4/t4fw.bin'
'/lib/firmware/cxgb4/t5-config.txt' -> '/tmp/rear.hvWqMGkcXVEGC9y/rootfs/lib/firmware/cxgb4/t5-config.txt'
'/lib/firmware/cxgb4/t5fw-1.14.4.0.bin' -> '/tmp/rear.hvWqMGkcXVEGC9y/rootfs/lib/firmware/cxgb4/t5fw-1.14.4.0.bin'
'/lib/firmware/cxgb4/t5fw-1.15.37.0.bin' -> '/tmp/rear.hvWqMGkcXVEGC9y/rootfs/lib/firmware/cxgb4/t5fw-1.15.37.0.bin'
'/lib/firmware/cxgb4/t5fw-1.24.14.0.bin' -> '/tmp/rear.hvWqMGkcXVEGC9y/rootfs/lib/firmware/cxgb4/t5fw-1.24.14.0.bin'
'/lib/firmware/cxgb4/t5fw.bin' -> '/tmp/rear.hvWqMGkcXVEGC9y/rootfs/lib/firmware/cxgb4/t5fw.bin'
'/lib/firmware/cxgb4/t6-config.txt' -> '/tmp/rear.hvWqMGkcXVEGC9y/rootfs/lib/firmware/cxgb4/t6-config.txt'
'/lib/firmware/cxgb4/t6fw-1.24.14.0.bin' -> '/tmp/rear.hvWqMGkcXVEGC9y/rootfs/lib/firmware/cxgb4/t6fw-1.24.14.0.bin'
'/lib/firmware/cxgb4/t6fw.bin' -> '/tmp/rear.hvWqMGkcXVEGC9y/rootfs/lib/firmware/cxgb4/t6fw.bin'
'/lib/firmware/dabusb' -> '/tmp/rear.hvWqMGkcXVEGC9y/rootfs/lib/firmware/dabusb'
'/lib/firmware/dabusb/bitstream.bin' -> '/tmp/rear.hvWqMGkcXVEGC9y/rootfs/lib/firmware/dabusb/bitstream.bin'
'/lib/firmware/dabusb/firmware.fw' -> '/tmp/rear.hvWqMGkcXVEGC9y/rootfs/lib/firmware/dabusb/firmware.fw'
'/lib/firmware/dpaa2' -> '/tmp/rear.hvWqMGkcXVEGC9y/rootfs/lib/firmware/dpaa2'
'/lib/firmware/dpaa2/mc' -> '/tmp/rear.hvWqMGkcXVEGC9y/rootfs/lib/firmware/dpaa2/mc'
'/lib/firmware/dpaa2/mc/mc_10.10.0_ls1088a.itb' -> '/tmp/rear.hvWqMGkcXVEGC9y/rootfs/lib/firmware/dpaa2/mc/mc_10.10.0_ls1088a.itb'
'/lib/firmware/dpaa2/mc/mc_10.10.0_ls2088a.itb' -> '/tmp/rear.hvWqMGkcXVEGC9y/rootfs/lib/firmware/dpaa2/mc/mc_10.10.0_ls2088a.itb'
'/lib/firmware/dpaa2/mc/mc_10.10.0_lx2160a.itb' -> '/tmp/rear.hvWqMGkcXVEGC9y/rootfs/lib/firmware/dpaa2/mc/mc_10.10.0_lx2160a.itb'
'/lib/firmware/dpaa2/mc/mc_10.14.3_ls1088a.itb' -> '/tmp/rear.hvWqMGkcXVEGC9y/rootfs/lib/firmware/dpaa2/mc/mc_10.14.3_ls1088a.itb'
'/lib/firmware/dpaa2/mc/mc_10.14.3_ls2088a.itb' -> '/tmp/rear.hvWqMGkcXVEGC9y/rootfs/lib/firmware/dpaa2/mc/mc_10.14.3_ls2088a.itb'
'/lib/firmware/dpaa2/mc/mc_10.14.3_lx2160a.itb' -> '/tmp/rear.hvWqMGkcXVEGC9y/rootfs/lib/firmware/dpaa2/mc/mc_10.14.3_lx2160a.itb'
'/lib/firmware/dpaa2/mc/mc_10.16.2_ls1088a.itb' -> '/tmp/rear.hvWqMGkcXVEGC9y/rootfs/lib/firmware/dpaa2/mc/mc_10.16.2_ls1088a.itb'
'/lib/firmware/dpaa2/mc/mc_10.16.2_ls2088a.itb' -> '/tmp/rear.hvWqMGkcXVEGC9y/rootfs/lib/firmware/dpaa2/mc/mc_10.16.2_ls2088a.itb'
'/lib/firmware/dpaa2/mc/mc_10.16.2_lx2160a.itb' -> '/tmp/rear.hvWqMGkcXVEGC9y/rootfs/lib/firmware/dpaa2/mc/mc_10.16.2_lx2160a.itb'
'/lib/firmware/dpaa2/mc/mc_10.18.0_ls1088a.itb' -> '/tmp/rear.hvWqMGkcXVEGC9y/rootfs/lib/firmware/dpaa2/mc/mc_10.18.0_ls1088a.itb'
'/lib/firmware/dpaa2/mc/mc_10.18.0_ls2088a.itb' -> '/tmp/rear.hvWqMGkcXVEGC9y/rootfs/lib/firmware/dpaa2/mc/mc_10.18.0_ls2088a.itb'
'/lib/firmware/dpaa2/mc/mc_10.18.0_lx2160a.itb' -> '/tmp/rear.hvWqMGkcXVEGC9y/rootfs/lib/firmware/dpaa2/mc/mc_10.18.0_lx2160a.itb'
'/lib/firmware/dsp56k' -> '/tmp/rear.hvWqMGkcXVEGC9y/rootfs/lib/firmware/dsp56k'
'/lib/firmware/dsp56k/bootstrap.bin' -> '/tmp/rear.hvWqMGkcXVEGC9y/rootfs/lib/firmware/dsp56k/bootstrap.bin'
'/lib/firmware/emi26' -> '/tmp/rear.hvWqMGkcXVEGC9y/rootfs/lib/firmware/emi26'
'/lib/firmware/emi26/bitstream.fw' -> '/tmp/rear.hvWqMGkcXVEGC9y/rootfs/lib/firmware/emi26/bitstream.fw'
'/lib/firmware/emi26/firmware.fw' -> '/tmp/rear.hvWqMGkcXVEGC9y/rootfs/lib/firmware/emi26/firmware.fw'
'/lib/firmware/emi26/loader.fw' -> '/tmp/rear.hvWqMGkcXVEGC9y/rootfs/lib/firmware/emi26/loader.fw'
'/lib/firmware/qed' -> '/tmp/rear.hvWqMGkcXVEGC9y/rootfs/lib/firmware/qed'
'/lib/firmware/qed/qed_init_values-8.10.9.0.bin' -> '/tmp/rear.hvWqMGkcXVEGC9y/rootfs/lib/firmware/qed/qed_init_values-8.10.9.0.bin'
'/lib/firmware/qed/qed_init_values-8.14.6.0.bin' -> '/tmp/rear.hvWqMGkcXVEGC9y/rootfs/lib/firmware/qed/qed_init_values-8.14.6.0.bin'
'/lib/firmware/qed/qed_init_values-8.18.9.0.bin' -> '/tmp/rear.hvWqMGkcXVEGC9y/rootfs/lib/firmware/qed/qed_init_values-8.18.9.0.bin'
'/lib/firmware/qed/qed_init_values-8.20.0.0.bin' -> '/tmp/rear.hvWqMGkcXVEGC9y/rootfs/lib/firmware/qed/qed_init_values-8.20.0.0.bin'
'/lib/firmware/qed/qed_init_values-8.30.12.0.bin' -> '/tmp/rear.hvWqMGkcXVEGC9y/rootfs/lib/firmware/qed/qed_init_values-8.30.12.0.bin'
'/lib/firmware/qed/qed_init_values-8.33.12.0.bin' -> '/tmp/rear.hvWqMGkcXVEGC9y/rootfs/lib/firmware/qed/qed_init_values-8.33.12.0.bin'
'/lib/firmware/qed/qed_init_values-8.37.7.0.bin' -> '/tmp/rear.hvWqMGkcXVEGC9y/rootfs/lib/firmware/qed/qed_init_values-8.37.7.0.bin'
'/lib/firmware/qed/qed_init_values-8.40.33.0.bin' -> '/tmp/rear.hvWqMGkcXVEGC9y/rootfs/lib/firmware/qed/qed_init_values-8.40.33.0.bin'
'/lib/firmware/qed/qed_init_values_zipped-8.10.10.0.bin' -> '/tmp/rear.hvWqMGkcXVEGC9y/rootfs/lib/firmware/qed/qed_init_values_zipped-8.10.10.0.bin'
'/lib/firmware/qed/qed_init_values_zipped-8.10.5.0.bin' -> '/tmp/rear.hvWqMGkcXVEGC9y/rootfs/lib/firmware/qed/qed_init_values_zipped-8.10.5.0.bin'
'/lib/firmware/qed/qed_init_values_zipped-8.15.3.0.bin' -> '/tmp/rear.hvWqMGkcXVEGC9y/rootfs/lib/firmware/qed/qed_init_values_zipped-8.15.3.0.bin'
'/lib/firmware/qed/qed_init_values_zipped-8.20.0.0.bin' -> '/tmp/rear.hvWqMGkcXVEGC9y/rootfs/lib/firmware/qed/qed_init_values_zipped-8.20.0.0.bin'
'/lib/firmware/qed/qed_init_values_zipped-8.33.1.0.bin' -> '/tmp/rear.hvWqMGkcXVEGC9y/rootfs/lib/firmware/qed/qed_init_values_zipped-8.33.1.0.bin'
'/lib/firmware/qed/qed_init_values_zipped-8.33.11.0.bin' -> '/tmp/rear.hvWqMGkcXVEGC9y/rootfs/lib/firmware/qed/qed_init_values_zipped-8.33.11.0.bin'
'/lib/firmware/qed/qed_init_values_zipped-8.37.2.0.bin' -> '/tmp/rear.hvWqMGkcXVEGC9y/rootfs/lib/firmware/qed/qed_init_values_zipped-8.37.2.0.bin'
'/lib/firmware/qed/qed_init_values_zipped-8.37.7.0.bin' -> '/tmp/rear.hvWqMGkcXVEGC9y/rootfs/lib/firmware/qed/qed_init_values_zipped-8.37.7.0.bin'
'/lib/firmware/qed/qed_init_values_zipped-8.4.2.0.bin' -> '/tmp/rear.hvWqMGkcXVEGC9y/rootfs/lib/firmware/qed/qed_init_values_zipped-8.4.2.0.bin'
'/lib/firmware/qed/qed_init_values_zipped-8.42.2.0.bin' -> '/tmp/rear.hvWqMGkcXVEGC9y/rootfs/lib/firmware/qed/qed_init_values_zipped-8.42.2.0.bin'
'/lib/firmware/qed/qed_init_values_zipped-8.7.3.0.bin' -> '/tmp/rear.hvWqMGkcXVEGC9y/rootfs/lib/firmware/qed/qed_init_values_zipped-8.7.3.0.bin'
'/lib/firmware/dvb-fe-xc4000-1.4.1.fw' -> '/tmp/rear.hvWqMGkcXVEGC9y/rootfs/lib/firmware/dvb-fe-xc4000-1.4.1.fw'
'/lib/firmware/emi62' -> '/tmp/rear.hvWqMGkcXVEGC9y/rootfs/lib/firmware/emi62'
'/lib/firmware/emi62/bitstream.fw' -> '/tmp/rear.hvWqMGkcXVEGC9y/rootfs/lib/firmware/emi62/bitstream.fw'
'/lib/firmware/emi62/loader.fw' -> '/tmp/rear.hvWqMGkcXVEGC9y/rootfs/lib/firmware/emi62/loader.fw'
'/lib/firmware/emi62/midi.fw' -> '/tmp/rear.hvWqMGkcXVEGC9y/rootfs/lib/firmware/emi62/midi.fw'
'/lib/firmware/emi62/spdif.fw' -> '/tmp/rear.hvWqMGkcXVEGC9y/rootfs/lib/firmware/emi62/spdif.fw'
'/lib/firmware/qlogic' -> '/tmp/rear.hvWqMGkcXVEGC9y/rootfs/lib/firmware/qlogic'
'/lib/firmware/qlogic/1040.bin' -> '/tmp/rear.hvWqMGkcXVEGC9y/rootfs/lib/firmware/qlogic/1040.bin'
'/lib/firmware/qlogic/12160.bin' -> '/tmp/rear.hvWqMGkcXVEGC9y/rootfs/lib/firmware/qlogic/12160.bin'
'/lib/firmware/qlogic/1280.bin' -> '/tmp/rear.hvWqMGkcXVEGC9y/rootfs/lib/firmware/qlogic/1280.bin'
'/lib/firmware/qlogic/isp1000.bin' -> '/tmp/rear.hvWqMGkcXVEGC9y/rootfs/lib/firmware/qlogic/isp1000.bin'
'/lib/firmware/qlogic/sd7220.fw' -> '/tmp/rear.hvWqMGkcXVEGC9y/rootfs/lib/firmware/qlogic/sd7220.fw'
'/lib/firmware/dvb-fe-xc5000-1.6.114.fw' -> '/tmp/rear.hvWqMGkcXVEGC9y/rootfs/lib/firmware/dvb-fe-xc5000-1.6.114.fw'
'/lib/firmware/ene-ub6250' -> '/tmp/rear.hvWqMGkcXVEGC9y/rootfs/lib/firmware/ene-ub6250'
'/lib/firmware/ene-ub6250/ms_init.bin' -> '/tmp/rear.hvWqMGkcXVEGC9y/rootfs/lib/firmware/ene-ub6250/ms_init.bin'
'/lib/firmware/ene-ub6250/ms_rdwr.bin' -> '/tmp/rear.hvWqMGkcXVEGC9y/rootfs/lib/firmware/ene-ub6250/ms_rdwr.bin'
'/lib/firmware/ene-ub6250/msp_rdwr.bin' -> '/tmp/rear.hvWqMGkcXVEGC9y/rootfs/lib/firmware/ene-ub6250/msp_rdwr.bin'
'/lib/firmware/ene-ub6250/sd_init1.bin' -> '/tmp/rear.hvWqMGkcXVEGC9y/rootfs/lib/firmware/ene-ub6250/sd_init1.bin'
'/lib/firmware/ene-ub6250/sd_init2.bin' -> '/tmp/rear.hvWqMGkcXVEGC9y/rootfs/lib/firmware/ene-ub6250/sd_init2.bin'
'/lib/firmware/ene-ub6250/sd_rdwr.bin' -> '/tmp/rear.hvWqMGkcXVEGC9y/rootfs/lib/firmware/ene-ub6250/sd_rdwr.bin'
'/lib/firmware/r128' -> '/tmp/rear.hvWqMGkcXVEGC9y/rootfs/lib/firmware/r128'
'/lib/firmware/r128/r128_cce.bin' -> '/tmp/rear.hvWqMGkcXVEGC9y/rootfs/lib/firmware/r128/r128_cce.bin'
'/lib/firmware/dvb-fe-xc5000c-4.1.30.7.fw' -> '/tmp/rear.hvWqMGkcXVEGC9y/rootfs/lib/firmware/dvb-fe-xc5000c-4.1.30.7.fw'
'/lib/firmware/f2255usb.bin' -> '/tmp/rear.hvWqMGkcXVEGC9y/rootfs/lib/firmware/f2255usb.bin'
'/lib/firmware/go7007' -> '/tmp/rear.hvWqMGkcXVEGC9y/rootfs/lib/firmware/go7007'
'/lib/firmware/go7007/go7007fw.bin' -> '/tmp/rear.hvWqMGkcXVEGC9y/rootfs/lib/firmware/go7007/go7007fw.bin'
'/lib/firmware/go7007/go7007tv.bin' -> '/tmp/rear.hvWqMGkcXVEGC9y/rootfs/lib/firmware/go7007/go7007tv.bin'
'/lib/firmware/go7007/lr192.fw' -> '/tmp/rear.hvWqMGkcXVEGC9y/rootfs/lib/firmware/go7007/lr192.fw'
'/lib/firmware/go7007/px-m402u.fw' -> '/tmp/rear.hvWqMGkcXVEGC9y/rootfs/lib/firmware/go7007/px-m402u.fw'
'/lib/firmware/go7007/px-tv402u.fw' -> '/tmp/rear.hvWqMGkcXVEGC9y/rootfs/lib/firmware/go7007/px-tv402u.fw'
'/lib/firmware/go7007/s2250-1.fw' -> '/tmp/rear.hvWqMGkcXVEGC9y/rootfs/lib/firmware/go7007/s2250-1.fw'
'/lib/firmware/go7007/s2250-2.fw' -> '/tmp/rear.hvWqMGkcXVEGC9y/rootfs/lib/firmware/go7007/s2250-2.fw'
'/lib/firmware/go7007/wis-startrek.fw' -> '/tmp/rear.hvWqMGkcXVEGC9y/rootfs/lib/firmware/go7007/wis-startrek.fw'
'/lib/firmware/mt7601u.bin' -> '/tmp/rear.hvWqMGkcXVEGC9y/rootfs/lib/firmware/mt7601u.bin'
'/lib/firmware/hfi1_dc8051.fw' -> '/tmp/rear.hvWqMGkcXVEGC9y/rootfs/lib/firmware/hfi1_dc8051.fw'
'/lib/firmware/mt7662.bin' -> '/tmp/rear.hvWqMGkcXVEGC9y/rootfs/lib/firmware/mt7662.bin'
'/lib/firmware/hfi1_fabric.fw' -> '/tmp/rear.hvWqMGkcXVEGC9y/rootfs/lib/firmware/hfi1_fabric.fw'
'/lib/firmware/mt7662_rom_patch.bin' -> '/tmp/rear.hvWqMGkcXVEGC9y/rootfs/lib/firmware/mt7662_rom_patch.bin'
'/lib/firmware/hfi1_pcie.fw' -> '/tmp/rear.hvWqMGkcXVEGC9y/rootfs/lib/firmware/hfi1_pcie.fw'
'/lib/firmware/mwlwifi' -> '/tmp/rear.hvWqMGkcXVEGC9y/rootfs/lib/firmware/mwlwifi'
'/lib/firmware/mwlwifi/88W8864.bin' -> '/tmp/rear.hvWqMGkcXVEGC9y/rootfs/lib/firmware/mwlwifi/88W8864.bin'
'/lib/firmware/mwlwifi/88W8897.bin' -> '/tmp/rear.hvWqMGkcXVEGC9y/rootfs/lib/firmware/mwlwifi/88W8897.bin'
'/lib/firmware/hfi1_sbus.fw' -> '/tmp/rear.hvWqMGkcXVEGC9y/rootfs/lib/firmware/hfi1_sbus.fw'
'/lib/firmware/qat_c3xxx.bin' -> '/tmp/rear.hvWqMGkcXVEGC9y/rootfs/lib/firmware/qat_c3xxx.bin'
'/lib/firmware/htc_7010.fw' -> '/tmp/rear.hvWqMGkcXVEGC9y/rootfs/lib/firmware/htc_7010.fw'
'/lib/firmware/qat_c3xxx_mmp.bin' -> '/tmp/rear.hvWqMGkcXVEGC9y/rootfs/lib/firmware/qat_c3xxx_mmp.bin'
'/lib/firmware/htc_9271.fw' -> '/tmp/rear.hvWqMGkcXVEGC9y/rootfs/lib/firmware/htc_9271.fw'
'/lib/firmware/i915' -> '/tmp/rear.hvWqMGkcXVEGC9y/rootfs/lib/firmware/i915'
'/lib/firmware/i915/bxt_dmc_ver1.bin' -> '/tmp/rear.hvWqMGkcXVEGC9y/rootfs/lib/firmware/i915/bxt_dmc_ver1.bin'
'/lib/firmware/i915/bxt_dmc_ver1_07.bin' -> '/tmp/rear.hvWqMGkcXVEGC9y/rootfs/lib/firmware/i915/bxt_dmc_ver1_07.bin'
'/lib/firmware/i915/bxt_guc_32.0.3.bin' -> '/tmp/rear.hvWqMGkcXVEGC9y/rootfs/lib/firmware/i915/bxt_guc_32.0.3.bin'
'/lib/firmware/i915/bxt_guc_33.0.0.bin' -> '/tmp/rear.hvWqMGkcXVEGC9y/rootfs/lib/firmware/i915/bxt_guc_33.0.0.bin'
'/lib/firmware/i915/bxt_guc_ver8_7.bin' -> '/tmp/rear.hvWqMGkcXVEGC9y/rootfs/lib/firmware/i915/bxt_guc_ver8_7.bin'
'/lib/firmware/i915/bxt_guc_ver9_29.bin' -> '/tmp/rear.hvWqMGkcXVEGC9y/rootfs/lib/firmware/i915/bxt_guc_ver9_29.bin'
'/lib/firmware/i915/bxt_huc_2.0.0.bin' -> '/tmp/rear.hvWqMGkcXVEGC9y/rootfs/lib/firmware/i915/bxt_huc_2.0.0.bin'
'/lib/firmware/i915/tgl_dmc_ver2_06.bin' -> '/tmp/rear.hvWqMGkcXVEGC9y/rootfs/lib/firmware/i915/tgl_dmc_ver2_06.bin'
'/lib/firmware/i915/bxt_huc_ver01_07_1398.bin' -> '/tmp/rear.hvWqMGkcXVEGC9y/rootfs/lib/firmware/i915/bxt_huc_ver01_07_1398.bin'
'/lib/firmware/i915/tgl_dmc_ver2_04.bin' -> '/tmp/rear.hvWqMGkcXVEGC9y/rootfs/lib/firmware/i915/tgl_dmc_ver2_04.bin'
'/lib/firmware/i915/bxt_huc_ver01_8_2893.bin' -> '/tmp/rear.hvWqMGkcXVEGC9y/rootfs/lib/firmware/i915/bxt_huc_ver01_8_2893.bin'
'/lib/firmware/i915/cml_guc_33.0.0.bin' -> '/tmp/rear.hvWqMGkcXVEGC9y/rootfs/lib/firmware/i915/cml_guc_33.0.0.bin'
'/lib/firmware/i915/cml_huc_4.0.0.bin' -> '/tmp/rear.hvWqMGkcXVEGC9y/rootfs/lib/firmware/i915/cml_huc_4.0.0.bin'
'/lib/firmware/i915/cnl_dmc_ver1_06.bin' -> '/tmp/rear.hvWqMGkcXVEGC9y/rootfs/lib/firmware/i915/cnl_dmc_ver1_06.bin'
'/lib/firmware/i915/cnl_dmc_ver1_07.bin' -> '/tmp/rear.hvWqMGkcXVEGC9y/rootfs/lib/firmware/i915/cnl_dmc_ver1_07.bin'
'/lib/firmware/i915/ehl_guc_33.0.4.bin' -> '/tmp/rear.hvWqMGkcXVEGC9y/rootfs/lib/firmware/i915/ehl_guc_33.0.4.bin'
'/lib/firmware/i915/ehl_huc_9.0.0.bin' -> '/tmp/rear.hvWqMGkcXVEGC9y/rootfs/lib/firmware/i915/ehl_huc_9.0.0.bin'
'/lib/firmware/i915/glk_dmc_ver1_04.bin' -> '/tmp/rear.hvWqMGkcXVEGC9y/rootfs/lib/firmware/i915/glk_dmc_ver1_04.bin'
'/lib/firmware/i915/glk_guc_32.0.3.bin' -> '/tmp/rear.hvWqMGkcXVEGC9y/rootfs/lib/firmware/i915/glk_guc_32.0.3.bin'
'/lib/firmware/i915/glk_guc_33.0.0.bin' -> '/tmp/rear.hvWqMGkcXVEGC9y/rootfs/lib/firmware/i915/glk_guc_33.0.0.bin'
'/lib/firmware/i915/glk_huc_4.0.0.bin' -> '/tmp/rear.hvWqMGkcXVEGC9y/rootfs/lib/firmware/i915/glk_huc_4.0.0.bin'
'/lib/firmware/i915/tgl_guc_35.2.0.bin' -> '/tmp/rear.hvWqMGkcXVEGC9y/rootfs/lib/firmware/i915/tgl_guc_35.2.0.bin'
'/lib/firmware/i915/glk_huc_ver03_01_2893.bin' -> '/tmp/rear.hvWqMGkcXVEGC9y/rootfs/lib/firmware/i915/glk_huc_ver03_01_2893.bin'
'/lib/firmware/i915/icl_dmc_ver1_07.bin' -> '/tmp/rear.hvWqMGkcXVEGC9y/rootfs/lib/firmware/i915/icl_dmc_ver1_07.bin'
'/lib/firmware/i915/icl_dmc_ver1_09.bin' -> '/tmp/rear.hvWqMGkcXVEGC9y/rootfs/lib/firmware/i915/icl_dmc_ver1_09.bin'
'/lib/firmware/i915/icl_guc_32.0.3.bin' -> '/tmp/rear.hvWqMGkcXVEGC9y/rootfs/lib/firmware/i915/icl_guc_32.0.3.bin'
'/lib/firmware/i915/icl_guc_33.0.0.bin' -> '/tmp/rear.hvWqMGkcXVEGC9y/rootfs/lib/firmware/i915/icl_guc_33.0.0.bin'
'/lib/firmware/i915/icl_huc_9.0.0.bin' -> '/tmp/rear.hvWqMGkcXVEGC9y/rootfs/lib/firmware/i915/icl_huc_9.0.0.bin'
'/lib/firmware/i915/icl_huc_ver8_4_3238.bin' -> '/tmp/rear.hvWqMGkcXVEGC9y/rootfs/lib/firmware/i915/icl_huc_ver8_4_3238.bin'
'/lib/firmware/i915/kbl_dmc_ver1.bin' -> '/tmp/rear.hvWqMGkcXVEGC9y/rootfs/lib/firmware/i915/kbl_dmc_ver1.bin'
'/lib/firmware/i915/kbl_dmc_ver1_01.bin' -> '/tmp/rear.hvWqMGkcXVEGC9y/rootfs/lib/firmware/i915/kbl_dmc_ver1_01.bin'
'/lib/firmware/i915/kbl_dmc_ver1_04.bin' -> '/tmp/rear.hvWqMGkcXVEGC9y/rootfs/lib/firmware/i915/kbl_dmc_ver1_04.bin'
'/lib/firmware/i915/kbl_guc_32.0.3.bin' -> '/tmp/rear.hvWqMGkcXVEGC9y/rootfs/lib/firmware/i915/kbl_guc_32.0.3.bin'
'/lib/firmware/i915/kbl_guc_33.0.0.bin' -> '/tmp/rear.hvWqMGkcXVEGC9y/rootfs/lib/firmware/i915/kbl_guc_33.0.0.bin'
'/lib/firmware/i915/kbl_guc_ver9_14.bin' -> '/tmp/rear.hvWqMGkcXVEGC9y/rootfs/lib/firmware/i915/kbl_guc_ver9_14.bin'
'/lib/firmware/i915/kbl_guc_ver9_39.bin' -> '/tmp/rear.hvWqMGkcXVEGC9y/rootfs/lib/firmware/i915/kbl_guc_ver9_39.bin'
'/lib/firmware/i915/kbl_huc_4.0.0.bin' -> '/tmp/rear.hvWqMGkcXVEGC9y/rootfs/lib/firmware/i915/kbl_huc_4.0.0.bin'
'/lib/firmware/i915/tgl_huc_7.0.12.bin' -> '/tmp/rear.hvWqMGkcXVEGC9y/rootfs/lib/firmware/i915/tgl_huc_7.0.12.bin'
'/lib/firmware/i915/kbl_huc_ver02_00_1810.bin' -> '/tmp/rear.hvWqMGkcXVEGC9y/rootfs/lib/firmware/i915/kbl_huc_ver02_00_1810.bin'
'/lib/firmware/i915/skl_dmc_ver1.bin' -> '/tmp/rear.hvWqMGkcXVEGC9y/rootfs/lib/firmware/i915/skl_dmc_ver1.bin'
'/lib/firmware/i915/skl_dmc_ver1_23.bin' -> '/tmp/rear.hvWqMGkcXVEGC9y/rootfs/lib/firmware/i915/skl_dmc_ver1_23.bin'
'/lib/firmware/i915/skl_dmc_ver1_26.bin' -> '/tmp/rear.hvWqMGkcXVEGC9y/rootfs/lib/firmware/i915/skl_dmc_ver1_26.bin'
'/lib/firmware/i915/skl_dmc_ver1_27.bin' -> '/tmp/rear.hvWqMGkcXVEGC9y/rootfs/lib/firmware/i915/skl_dmc_ver1_27.bin'
'/lib/firmware/i915/skl_guc_32.0.3.bin' -> '/tmp/rear.hvWqMGkcXVEGC9y/rootfs/lib/firmware/i915/skl_guc_32.0.3.bin'
'/lib/firmware/i915/skl_guc_33.0.0.bin' -> '/tmp/rear.hvWqMGkcXVEGC9y/rootfs/lib/firmware/i915/skl_guc_33.0.0.bin'
'/lib/firmware/i915/skl_guc_ver1.bin' -> '/tmp/rear.hvWqMGkcXVEGC9y/rootfs/lib/firmware/i915/skl_guc_ver1.bin'
'/lib/firmware/i915/skl_guc_ver4.bin' -> '/tmp/rear.hvWqMGkcXVEGC9y/rootfs/lib/firmware/i915/skl_guc_ver4.bin'
'/lib/firmware/i915/skl_guc_ver6.bin' -> '/tmp/rear.hvWqMGkcXVEGC9y/rootfs/lib/firmware/i915/skl_guc_ver6.bin'
'/lib/firmware/i915/skl_guc_ver6_1.bin' -> '/tmp/rear.hvWqMGkcXVEGC9y/rootfs/lib/firmware/i915/skl_guc_ver6_1.bin'
'/lib/firmware/i915/skl_guc_ver9_33.bin' -> '/tmp/rear.hvWqMGkcXVEGC9y/rootfs/lib/firmware/i915/skl_guc_ver9_33.bin'
'/lib/firmware/i915/skl_huc_2.0.0.bin' -> '/tmp/rear.hvWqMGkcXVEGC9y/rootfs/lib/firmware/i915/skl_huc_2.0.0.bin'
'/lib/firmware/i915/skl_huc_ver01_07_1398.bin' -> '/tmp/rear.hvWqMGkcXVEGC9y/rootfs/lib/firmware/i915/skl_huc_ver01_07_1398.bin'
'/lib/firmware/i915/tgl_huc_7.0.3.bin' -> '/tmp/rear.hvWqMGkcXVEGC9y/rootfs/lib/firmware/i915/tgl_huc_7.0.3.bin'
'/lib/firmware/imx' -> '/tmp/rear.hvWqMGkcXVEGC9y/rootfs/lib/firmware/imx'
'/lib/firmware/imx/sdma' -> '/tmp/rear.hvWqMGkcXVEGC9y/rootfs/lib/firmware/imx/sdma'
'/lib/firmware/imx/sdma/sdma-imx6q.bin' -> '/tmp/rear.hvWqMGkcXVEGC9y/rootfs/lib/firmware/imx/sdma/sdma-imx6q.bin'
'/lib/firmware/imx/sdma/sdma-imx7d.bin' -> '/tmp/rear.hvWqMGkcXVEGC9y/rootfs/lib/firmware/imx/sdma/sdma-imx7d.bin'
'/lib/firmware/inside-secure' -> '/tmp/rear.hvWqMGkcXVEGC9y/rootfs/lib/firmware/inside-secure'
'/lib/firmware/inside-secure/eip197_minifw' -> '/tmp/rear.hvWqMGkcXVEGC9y/rootfs/lib/firmware/inside-secure/eip197_minifw'
'/lib/firmware/inside-secure/eip197_minifw/ifpp.bin' -> '/tmp/rear.hvWqMGkcXVEGC9y/rootfs/lib/firmware/inside-secure/eip197_minifw/ifpp.bin'
'/lib/firmware/inside-secure/eip197_minifw/ipue.bin' -> '/tmp/rear.hvWqMGkcXVEGC9y/rootfs/lib/firmware/inside-secure/eip197_minifw/ipue.bin'
'/lib/firmware/intel' -> '/tmp/rear.hvWqMGkcXVEGC9y/rootfs/lib/firmware/intel'
'/lib/firmware/intel/ibt-hw-37.8.bseq' -> '/tmp/rear.hvWqMGkcXVEGC9y/rootfs/lib/firmware/intel/ibt-hw-37.8.bseq'
'/lib/firmware/intel/IntcSST2.bin' -> '/tmp/rear.hvWqMGkcXVEGC9y/rootfs/lib/firmware/intel/IntcSST2.bin'
'/lib/firmware/intel/ibt-hw-37.7.bseq' -> '/tmp/rear.hvWqMGkcXVEGC9y/rootfs/lib/firmware/intel/ibt-hw-37.7.bseq'
'/lib/firmware/intel/dsp_fw_bxtn.bin' -> '/tmp/rear.hvWqMGkcXVEGC9y/rootfs/lib/firmware/intel/dsp_fw_bxtn.bin'
'/lib/firmware/intel/ibt-19-0-0.sfi' -> '/tmp/rear.hvWqMGkcXVEGC9y/rootfs/lib/firmware/intel/ibt-19-0-0.sfi'
'/lib/firmware/intel/dsp_fw_bxtn_v2219.bin' -> '/tmp/rear.hvWqMGkcXVEGC9y/rootfs/lib/firmware/intel/dsp_fw_bxtn_v2219.bin'
'/lib/firmware/intel/ibt-19-0-1.ddc' -> '/tmp/rear.hvWqMGkcXVEGC9y/rootfs/lib/firmware/intel/ibt-19-0-1.ddc'
'/lib/firmware/intel/dsp_fw_bxtn_v3366.bin' -> '/tmp/rear.hvWqMGkcXVEGC9y/rootfs/lib/firmware/intel/dsp_fw_bxtn_v3366.bin'
'/lib/firmware/intel/dsp_fw_cnl.bin' -> '/tmp/rear.hvWqMGkcXVEGC9y/rootfs/lib/firmware/intel/dsp_fw_cnl.bin'
'/lib/firmware/intel/ibt-19-0-1.sfi' -> '/tmp/rear.hvWqMGkcXVEGC9y/rootfs/lib/firmware/intel/ibt-19-0-1.sfi'
'/lib/firmware/intel/dsp_fw_cnl_v1191.bin' -> '/tmp/rear.hvWqMGkcXVEGC9y/rootfs/lib/firmware/intel/dsp_fw_cnl_v1191.bin'
'/lib/firmware/intel/ibt-19-0-4.ddc' -> '/tmp/rear.hvWqMGkcXVEGC9y/rootfs/lib/firmware/intel/ibt-19-0-4.ddc'
'/lib/firmware/intel/dsp_fw_cnl_v1858.bin' -> '/tmp/rear.hvWqMGkcXVEGC9y/rootfs/lib/firmware/intel/dsp_fw_cnl_v1858.bin'
'/lib/firmware/intel/ice' -> '/tmp/rear.hvWqMGkcXVEGC9y/rootfs/lib/firmware/intel/ice'
'/lib/firmware/intel/ice/ddp' -> '/tmp/rear.hvWqMGkcXVEGC9y/rootfs/lib/firmware/intel/ice/ddp'
'/lib/firmware/intel/ice/ddp/ice-1.3.4.0.pkg' -> '/tmp/rear.hvWqMGkcXVEGC9y/rootfs/lib/firmware/intel/ice/ddp/ice-1.3.4.0.pkg'
'/lib/firmware/intel/ice/ddp/ice.pkg' -> '/tmp/rear.hvWqMGkcXVEGC9y/rootfs/lib/firmware/intel/ice/ddp/ice.pkg'
'/lib/firmware/intel/dsp_fw_glk.bin' -> '/tmp/rear.hvWqMGkcXVEGC9y/rootfs/lib/firmware/intel/dsp_fw_glk.bin'
'/lib/firmware/intel/ibt-19-0-4.sfi' -> '/tmp/rear.hvWqMGkcXVEGC9y/rootfs/lib/firmware/intel/ibt-19-0-4.sfi'
'/lib/firmware/intel/dsp_fw_glk_v1814.bin' -> '/tmp/rear.hvWqMGkcXVEGC9y/rootfs/lib/firmware/intel/dsp_fw_glk_v1814.bin'
'/lib/firmware/intel/ibt-19-16-4.sfi' -> '/tmp/rear.hvWqMGkcXVEGC9y/rootfs/lib/firmware/intel/ibt-19-16-4.sfi'
'/lib/firmware/intel/dsp_fw_glk_v2768.bin' -> '/tmp/rear.hvWqMGkcXVEGC9y/rootfs/lib/firmware/intel/dsp_fw_glk_v2768.bin'
'/lib/firmware/intel/ibt-19-16-4.ddc' -> '/tmp/rear.hvWqMGkcXVEGC9y/rootfs/lib/firmware/intel/ibt-19-16-4.ddc'
'/lib/firmware/intel/dsp_fw_glk_v2880.bin' -> '/tmp/rear.hvWqMGkcXVEGC9y/rootfs/lib/firmware/intel/dsp_fw_glk_v2880.bin'
'/lib/firmware/intel/ibt-19-240-1.ddc' -> '/tmp/rear.hvWqMGkcXVEGC9y/rootfs/lib/firmware/intel/ibt-19-240-1.ddc'
'/lib/firmware/intel/dsp_fw_glk_v3366.bin' -> '/tmp/rear.hvWqMGkcXVEGC9y/rootfs/lib/firmware/intel/dsp_fw_glk_v3366.bin'
'/lib/firmware/intel/ipu3-fw.bin' -> '/tmp/rear.hvWqMGkcXVEGC9y/rootfs/lib/firmware/intel/ipu3-fw.bin'
'/lib/firmware/intel/dsp_fw_kbl.bin' -> '/tmp/rear.hvWqMGkcXVEGC9y/rootfs/lib/firmware/intel/dsp_fw_kbl.bin'
'/lib/firmware/intel/ibt-19-240-1.sfi' -> '/tmp/rear.hvWqMGkcXVEGC9y/rootfs/lib/firmware/intel/ibt-19-240-1.sfi'
'/lib/firmware/intel/dsp_fw_kbl_v1037.bin' -> '/tmp/rear.hvWqMGkcXVEGC9y/rootfs/lib/firmware/intel/dsp_fw_kbl_v1037.bin'
'/lib/firmware/intel/ibt-19-240-4.ddc' -> '/tmp/rear.hvWqMGkcXVEGC9y/rootfs/lib/firmware/intel/ibt-19-240-4.ddc'
'/lib/firmware/intel/dsp_fw_kbl_v2042.bin' -> '/tmp/rear.hvWqMGkcXVEGC9y/rootfs/lib/firmware/intel/dsp_fw_kbl_v2042.bin'
'/lib/firmware/intel/ibt-19-240-4.sfi' -> '/tmp/rear.hvWqMGkcXVEGC9y/rootfs/lib/firmware/intel/ibt-19-240-4.sfi'
'/lib/firmware/intel/dsp_fw_kbl_v2630.bin' -> '/tmp/rear.hvWqMGkcXVEGC9y/rootfs/lib/firmware/intel/dsp_fw_kbl_v2630.bin'
'/lib/firmware/intel/ibt-20-1-3.ddc' -> '/tmp/rear.hvWqMGkcXVEGC9y/rootfs/lib/firmware/intel/ibt-20-1-3.ddc'
'/lib/firmware/intel/dsp_fw_kbl_v3266.bin' -> '/tmp/rear.hvWqMGkcXVEGC9y/rootfs/lib/firmware/intel/dsp_fw_kbl_v3266.bin'
'/lib/firmware/intel/ibt-20-0-3.sfi' -> '/tmp/rear.hvWqMGkcXVEGC9y/rootfs/lib/firmware/intel/ibt-20-0-3.sfi'
'/lib/firmware/intel/dsp_fw_kbl_v3402.bin' -> '/tmp/rear.hvWqMGkcXVEGC9y/rootfs/lib/firmware/intel/dsp_fw_kbl_v3402.bin'
'/lib/firmware/intel/ibt-20-1-3.sfi' -> '/tmp/rear.hvWqMGkcXVEGC9y/rootfs/lib/firmware/intel/ibt-20-1-3.sfi'
'/lib/firmware/intel/dsp_fw_kbl_v3420.bin' -> '/tmp/rear.hvWqMGkcXVEGC9y/rootfs/lib/firmware/intel/dsp_fw_kbl_v3420.bin'
'/lib/firmware/intel/dsp_fw_kbl_v701.bin' -> '/tmp/rear.hvWqMGkcXVEGC9y/rootfs/lib/firmware/intel/dsp_fw_kbl_v701.bin'
'/lib/firmware/intel/dsp_fw_release.bin' -> '/tmp/rear.hvWqMGkcXVEGC9y/rootfs/lib/firmware/intel/dsp_fw_release.bin'
'/lib/firmware/intel/ibt-hw-37.7.10-fw-1.0.1.2d.d.bseq' -> '/tmp/rear.hvWqMGkcXVEGC9y/rootfs/lib/firmware/intel/ibt-hw-37.7.10-fw-1.0.1.2d.d.bseq'
'/lib/firmware/intel/dsp_fw_release_v3402.bin' -> '/tmp/rear.hvWqMGkcXVEGC9y/rootfs/lib/firmware/intel/dsp_fw_release_v3402.bin'
'/lib/firmware/intel/ibt-20-1-4.ddc' -> '/tmp/rear.hvWqMGkcXVEGC9y/rootfs/lib/firmware/intel/ibt-20-1-4.ddc'
'/lib/firmware/intel/dsp_fw_release_v969.bin' -> '/tmp/rear.hvWqMGkcXVEGC9y/rootfs/lib/firmware/intel/dsp_fw_release_v969.bin'
'/lib/firmware/intel/fw_sst_0f28.bin' -> '/tmp/rear.hvWqMGkcXVEGC9y/rootfs/lib/firmware/intel/fw_sst_0f28.bin'
'/lib/firmware/intel/ibt-19-0-0.ddc' -> '/tmp/rear.hvWqMGkcXVEGC9y/rootfs/lib/firmware/intel/ibt-19-0-0.ddc'
'/lib/firmware/intel/fw_sst_0f28.bin-48kHz_i2s_master' -> '/tmp/rear.hvWqMGkcXVEGC9y/rootfs/lib/firmware/intel/fw_sst_0f28.bin-48kHz_i2s_master'
'/lib/firmware/intel/ibt-20-1-4.sfi' -> '/tmp/rear.hvWqMGkcXVEGC9y/rootfs/lib/firmware/intel/ibt-20-1-4.sfi'
'/lib/firmware/intel/fw_sst_0f28_ssp0.bin' -> '/tmp/rear.hvWqMGkcXVEGC9y/rootfs/lib/firmware/intel/fw_sst_0f28_ssp0.bin'
'/lib/firmware/intel/fw_sst_22a8.bin' -> '/tmp/rear.hvWqMGkcXVEGC9y/rootfs/lib/firmware/intel/fw_sst_22a8.bin'
'/lib/firmware/intel/ibt-11-5.ddc' -> '/tmp/rear.hvWqMGkcXVEGC9y/rootfs/lib/firmware/intel/ibt-11-5.ddc'
'/lib/firmware/intel/ibt-11-5.sfi' -> '/tmp/rear.hvWqMGkcXVEGC9y/rootfs/lib/firmware/intel/ibt-11-5.sfi'
'/lib/firmware/intel/ibt-12-16.ddc' -> '/tmp/rear.hvWqMGkcXVEGC9y/rootfs/lib/firmware/intel/ibt-12-16.ddc'
'/lib/firmware/intel/ibt-12-16.sfi' -> '/tmp/rear.hvWqMGkcXVEGC9y/rootfs/lib/firmware/intel/ibt-12-16.sfi'
'/lib/firmware/intel/ibt-17-0-1.ddc' -> '/tmp/rear.hvWqMGkcXVEGC9y/rootfs/lib/firmware/intel/ibt-17-0-1.ddc'
'/lib/firmware/intel/ibt-17-0-1.sfi' -> '/tmp/rear.hvWqMGkcXVEGC9y/rootfs/lib/firmware/intel/ibt-17-0-1.sfi'
'/lib/firmware/intel/ibt-17-1.ddc' -> '/tmp/rear.hvWqMGkcXVEGC9y/rootfs/lib/firmware/intel/ibt-17-1.ddc'
'/lib/firmware/intel/ibt-17-1.sfi' -> '/tmp/rear.hvWqMGkcXVEGC9y/rootfs/lib/firmware/intel/ibt-17-1.sfi'
'/lib/firmware/intel/ibt-17-16-1.ddc' -> '/tmp/rear.hvWqMGkcXVEGC9y/rootfs/lib/firmware/intel/ibt-17-16-1.ddc'
'/lib/firmware/intel/ibt-17-16-1.sfi' -> '/tmp/rear.hvWqMGkcXVEGC9y/rootfs/lib/firmware/intel/ibt-17-16-1.sfi'
'/lib/firmware/intel/ibt-17-2.ddc' -> '/tmp/rear.hvWqMGkcXVEGC9y/rootfs/lib/firmware/intel/ibt-17-2.ddc'
'/lib/firmware/intel/ibt-17-2.sfi' -> '/tmp/rear.hvWqMGkcXVEGC9y/rootfs/lib/firmware/intel/ibt-17-2.sfi'
'/lib/firmware/intel/ibt-18-0-1.ddc' -> '/tmp/rear.hvWqMGkcXVEGC9y/rootfs/lib/firmware/intel/ibt-18-0-1.ddc'
'/lib/firmware/intel/ibt-18-0-1.sfi' -> '/tmp/rear.hvWqMGkcXVEGC9y/rootfs/lib/firmware/intel/ibt-18-0-1.sfi'
'/lib/firmware/intel/ibt-18-1.ddc' -> '/tmp/rear.hvWqMGkcXVEGC9y/rootfs/lib/firmware/intel/ibt-18-1.ddc'
'/lib/firmware/intel/ibt-18-1.sfi' -> '/tmp/rear.hvWqMGkcXVEGC9y/rootfs/lib/firmware/intel/ibt-18-1.sfi'
'/lib/firmware/intel/ibt-18-16-1.ddc' -> '/tmp/rear.hvWqMGkcXVEGC9y/rootfs/lib/firmware/intel/ibt-18-16-1.ddc'
'/lib/firmware/intel/ibt-18-16-1.sfi' -> '/tmp/rear.hvWqMGkcXVEGC9y/rootfs/lib/firmware/intel/ibt-18-16-1.sfi'
'/lib/firmware/intel/ibt-18-2.ddc' -> '/tmp/rear.hvWqMGkcXVEGC9y/rootfs/lib/firmware/intel/ibt-18-2.ddc'
'/lib/firmware/intel/ibt-18-2.sfi' -> '/tmp/rear.hvWqMGkcXVEGC9y/rootfs/lib/firmware/intel/ibt-18-2.sfi'
'/lib/firmware/intel/ibt-19-32-0.ddc' -> '/tmp/rear.hvWqMGkcXVEGC9y/rootfs/lib/firmware/intel/ibt-19-32-0.ddc'
'/lib/firmware/intel/ibt-19-32-0.sfi' -> '/tmp/rear.hvWqMGkcXVEGC9y/rootfs/lib/firmware/intel/ibt-19-32-0.sfi'
'/lib/firmware/intel/ibt-19-32-1.ddc' -> '/tmp/rear.hvWqMGkcXVEGC9y/rootfs/lib/firmware/intel/ibt-19-32-1.ddc'
'/lib/firmware/intel/ibt-19-32-1.sfi' -> '/tmp/rear.hvWqMGkcXVEGC9y/rootfs/lib/firmware/intel/ibt-19-32-1.sfi'
'/lib/firmware/intel/ibt-19-32-4.ddc' -> '/tmp/rear.hvWqMGkcXVEGC9y/rootfs/lib/firmware/intel/ibt-19-32-4.ddc'
'/lib/firmware/intel/ibt-19-32-4.sfi' -> '/tmp/rear.hvWqMGkcXVEGC9y/rootfs/lib/firmware/intel/ibt-19-32-4.sfi'
'/lib/firmware/intel/ibt-20-0-3.ddc' -> '/tmp/rear.hvWqMGkcXVEGC9y/rootfs/lib/firmware/intel/ibt-20-0-3.ddc'
'/lib/firmware/intel/ibt-hw-37.7.10-fw-1.0.2.3.d.bseq' -> '/tmp/rear.hvWqMGkcXVEGC9y/rootfs/lib/firmware/intel/ibt-hw-37.7.10-fw-1.0.2.3.d.bseq'
'/lib/firmware/intel/ibt-hw-37.7.10-fw-1.80.1.2d.d.bseq' -> '/tmp/rear.hvWqMGkcXVEGC9y/rootfs/lib/firmware/intel/ibt-hw-37.7.10-fw-1.80.1.2d.d.bseq'
'/lib/firmware/intel/ibt-hw-37.7.10-fw-1.80.2.3.d.bseq' -> '/tmp/rear.hvWqMGkcXVEGC9y/rootfs/lib/firmware/intel/ibt-hw-37.7.10-fw-1.80.2.3.d.bseq'
'/lib/firmware/intel/ibt-hw-37.8.10-fw-1.10.2.27.d.bseq' -> '/tmp/rear.hvWqMGkcXVEGC9y/rootfs/lib/firmware/intel/ibt-hw-37.8.10-fw-1.10.2.27.d.bseq'
'/lib/firmware/intel/ibt-hw-37.8.10-fw-1.10.3.11.e.bseq' -> '/tmp/rear.hvWqMGkcXVEGC9y/rootfs/lib/firmware/intel/ibt-hw-37.8.10-fw-1.10.3.11.e.bseq'
'/lib/firmware/intel/ibt-hw-37.8.10-fw-22.50.19.14.f.bseq' -> '/tmp/rear.hvWqMGkcXVEGC9y/rootfs/lib/firmware/intel/ibt-hw-37.8.10-fw-22.50.19.14.f.bseq'
'/lib/firmware/intel/irci_irci_ecr-master_20161208_0213_20170112_1500.bin' -> '/tmp/rear.hvWqMGkcXVEGC9y/rootfs/lib/firmware/intel/irci_irci_ecr-master_20161208_0213_20170112_1500.bin'
'/lib/firmware/mts_cdma.fw' -> '/tmp/rear.hvWqMGkcXVEGC9y/rootfs/lib/firmware/mts_cdma.fw'
'/lib/firmware/intelliport2.bin' -> '/tmp/rear.hvWqMGkcXVEGC9y/rootfs/lib/firmware/intelliport2.bin'
'/lib/firmware/isci' -> '/tmp/rear.hvWqMGkcXVEGC9y/rootfs/lib/firmware/isci'
'/lib/firmware/isci/isci_firmware.bin' -> '/tmp/rear.hvWqMGkcXVEGC9y/rootfs/lib/firmware/isci/isci_firmware.bin'
'/lib/firmware/qat_c62x.bin' -> '/tmp/rear.hvWqMGkcXVEGC9y/rootfs/lib/firmware/qat_c62x.bin'
'/lib/firmware/vntwusb.fw' -> '/tmp/rear.hvWqMGkcXVEGC9y/rootfs/lib/firmware/vntwusb.fw'
'/lib/firmware/myri10ge_eth_big_z8e.dat' -> '/tmp/rear.hvWqMGkcXVEGC9y/rootfs/lib/firmware/myri10ge_eth_big_z8e.dat'
'/lib/firmware/vpu_d.bin' -> '/tmp/rear.hvWqMGkcXVEGC9y/rootfs/lib/firmware/vpu_d.bin'
'/lib/firmware/myri10ge_ethp_big_z8e.dat' -> '/tmp/rear.hvWqMGkcXVEGC9y/rootfs/lib/firmware/myri10ge_ethp_big_z8e.dat'
'/lib/firmware/vpu_p.bin' -> '/tmp/rear.hvWqMGkcXVEGC9y/rootfs/lib/firmware/vpu_p.bin'
'/lib/firmware/myri10ge_ethp_z8e.dat' -> '/tmp/rear.hvWqMGkcXVEGC9y/rootfs/lib/firmware/myri10ge_ethp_z8e.dat'
'/lib/firmware/vicam' -> '/tmp/rear.hvWqMGkcXVEGC9y/rootfs/lib/firmware/vicam'
'/lib/firmware/vicam/firmware.fw' -> '/tmp/rear.hvWqMGkcXVEGC9y/rootfs/lib/firmware/vicam/firmware.fw'
'/lib/firmware/iwlwifi-3160-9.ucode' -> '/tmp/rear.hvWqMGkcXVEGC9y/rootfs/lib/firmware/iwlwifi-3160-9.ucode'
'/lib/firmware/myri10ge_rss_eth_big_z8e.dat' -> '/tmp/rear.hvWqMGkcXVEGC9y/rootfs/lib/firmware/myri10ge_rss_eth_big_z8e.dat'
'/lib/firmware/whiteheat.fw' -> '/tmp/rear.hvWqMGkcXVEGC9y/rootfs/lib/firmware/whiteheat.fw'
'/lib/firmware/myri10ge_rss_eth_z8e.dat' -> '/tmp/rear.hvWqMGkcXVEGC9y/rootfs/lib/firmware/myri10ge_rss_eth_z8e.dat'
'/lib/firmware/v4l-cx231xx-avcore-01.fw' -> '/tmp/rear.hvWqMGkcXVEGC9y/rootfs/lib/firmware/v4l-cx231xx-avcore-01.fw'
'/lib/firmware/myri10ge_rss_ethp_big_z8e.dat' -> '/tmp/rear.hvWqMGkcXVEGC9y/rootfs/lib/firmware/myri10ge_rss_ethp_big_z8e.dat'
'/lib/firmware/whiteheat_loader.fw' -> '/tmp/rear.hvWqMGkcXVEGC9y/rootfs/lib/firmware/whiteheat_loader.fw'
'/lib/firmware/myri10ge_rss_ethp_z8e.dat' -> '/tmp/rear.hvWqMGkcXVEGC9y/rootfs/lib/firmware/myri10ge_rss_ethp_z8e.dat'
'/lib/firmware/pcxhr' -> '/tmp/rear.hvWqMGkcXVEGC9y/rootfs/lib/firmware/pcxhr'
'/lib/firmware/pcxhr/b321_512.b56' -> '/tmp/rear.hvWqMGkcXVEGC9y/rootfs/lib/firmware/pcxhr/b321_512.b56'
'/lib/firmware/pcxhr/d321_512.d56' -> '/tmp/rear.hvWqMGkcXVEGC9y/rootfs/lib/firmware/pcxhr/d321_512.d56'
'/lib/firmware/pcxhr/dspb1222e.b56' -> '/tmp/rear.hvWqMGkcXVEGC9y/rootfs/lib/firmware/pcxhr/dspb1222e.b56'
'/lib/firmware/pcxhr/dspb1222hr.b56' -> '/tmp/rear.hvWqMGkcXVEGC9y/rootfs/lib/firmware/pcxhr/dspb1222hr.b56'
'/lib/firmware/pcxhr/dspb882e.b56' -> '/tmp/rear.hvWqMGkcXVEGC9y/rootfs/lib/firmware/pcxhr/dspb882e.b56'
'/lib/firmware/pcxhr/dspb882hr.b56' -> '/tmp/rear.hvWqMGkcXVEGC9y/rootfs/lib/firmware/pcxhr/dspb882hr.b56'
'/lib/firmware/pcxhr/dspb924.b56' -> '/tmp/rear.hvWqMGkcXVEGC9y/rootfs/lib/firmware/pcxhr/dspb924.b56'
'/lib/firmware/pcxhr/dspd1222.d56' -> '/tmp/rear.hvWqMGkcXVEGC9y/rootfs/lib/firmware/pcxhr/dspd1222.d56'
'/lib/firmware/pcxhr/dspd222.d56' -> '/tmp/rear.hvWqMGkcXVEGC9y/rootfs/lib/firmware/pcxhr/dspd222.d56'
'/lib/firmware/pcxhr/dspd882.d56' -> '/tmp/rear.hvWqMGkcXVEGC9y/rootfs/lib/firmware/pcxhr/dspd882.d56'
'/lib/firmware/pcxhr/dspe882.e56' -> '/tmp/rear.hvWqMGkcXVEGC9y/rootfs/lib/firmware/pcxhr/dspe882.e56'
'/lib/firmware/pcxhr/dspe924.e56' -> '/tmp/rear.hvWqMGkcXVEGC9y/rootfs/lib/firmware/pcxhr/dspe924.e56'
'/lib/firmware/pcxhr/e321_512.e56' -> '/tmp/rear.hvWqMGkcXVEGC9y/rootfs/lib/firmware/pcxhr/e321_512.e56'
'/lib/firmware/pcxhr/xc_1_882.dat' -> '/tmp/rear.hvWqMGkcXVEGC9y/rootfs/lib/firmware/pcxhr/xc_1_882.dat'
'/lib/firmware/pcxhr/xi_1_882.dat' -> '/tmp/rear.hvWqMGkcXVEGC9y/rootfs/lib/firmware/pcxhr/xi_1_882.dat'
'/lib/firmware/pcxhr/xlxc1222e.dat' -> '/tmp/rear.hvWqMGkcXVEGC9y/rootfs/lib/firmware/pcxhr/xlxc1222e.dat'
'/lib/firmware/pcxhr/xlxc1222hr.dat' -> '/tmp/rear.hvWqMGkcXVEGC9y/rootfs/lib/firmware/pcxhr/xlxc1222hr.dat'
'/lib/firmware/pcxhr/xlxc222.dat' -> '/tmp/rear.hvWqMGkcXVEGC9y/rootfs/lib/firmware/pcxhr/xlxc222.dat'
'/lib/firmware/pcxhr/xlxc882e.dat' -> '/tmp/rear.hvWqMGkcXVEGC9y/rootfs/lib/firmware/pcxhr/xlxc882e.dat'
'/lib/firmware/pcxhr/xlxc882hr.dat' -> '/tmp/rear.hvWqMGkcXVEGC9y/rootfs/lib/firmware/pcxhr/xlxc882hr.dat'
'/lib/firmware/pcxhr/xlxc924.dat' -> '/tmp/rear.hvWqMGkcXVEGC9y/rootfs/lib/firmware/pcxhr/xlxc924.dat'
'/lib/firmware/pcxhr/xlxint.dat' -> '/tmp/rear.hvWqMGkcXVEGC9y/rootfs/lib/firmware/pcxhr/xlxint.dat'
'/lib/firmware/qat_c62x_mmp.bin' -> '/tmp/rear.hvWqMGkcXVEGC9y/rootfs/lib/firmware/qat_c62x_mmp.bin'
'/lib/firmware/regulatory.db' -> '/tmp/rear.hvWqMGkcXVEGC9y/rootfs/lib/firmware/regulatory.db'
'/lib/firmware/ql2100_fw.bin' -> '/tmp/rear.hvWqMGkcXVEGC9y/rootfs/lib/firmware/ql2100_fw.bin'
'/lib/firmware/rpm_firmware.bin' -> '/tmp/rear.hvWqMGkcXVEGC9y/rootfs/lib/firmware/rpm_firmware.bin'
'/lib/firmware/ql2200_fw.bin' -> '/tmp/rear.hvWqMGkcXVEGC9y/rootfs/lib/firmware/ql2200_fw.bin'
'/lib/firmware/yamaha' -> '/tmp/rear.hvWqMGkcXVEGC9y/rootfs/lib/firmware/yamaha'
'/lib/firmware/yamaha/ds1_ctrl.fw' -> '/tmp/rear.hvWqMGkcXVEGC9y/rootfs/lib/firmware/yamaha/ds1_ctrl.fw'
'/lib/firmware/yamaha/ds1_dsp.fw' -> '/tmp/rear.hvWqMGkcXVEGC9y/rootfs/lib/firmware/yamaha/ds1_dsp.fw'
'/lib/firmware/yamaha/ds1e_ctrl.fw' -> '/tmp/rear.hvWqMGkcXVEGC9y/rootfs/lib/firmware/yamaha/ds1e_ctrl.fw'
'/lib/firmware/yamaha/yss225_registers.bin' -> '/tmp/rear.hvWqMGkcXVEGC9y/rootfs/lib/firmware/yamaha/yss225_registers.bin'
'/lib/firmware/ql2300_fw.bin' -> '/tmp/rear.hvWqMGkcXVEGC9y/rootfs/lib/firmware/ql2300_fw.bin'
'/lib/firmware/3.10.0-1160.el7.x86_64' -> '/tmp/rear.hvWqMGkcXVEGC9y/rootfs/lib/firmware/3.10.0-1160.el7.x86_64'
'/lib/firmware/3.10.0-1160.el7.x86_64/intel-ucode' -> '/tmp/rear.hvWqMGkcXVEGC9y/rootfs/lib/firmware/3.10.0-1160.el7.x86_64/intel-ucode'
'/lib/firmware/3.10.0-1160.el7.x86_64/intel-ucode/06-66-03' -> '/tmp/rear.hvWqMGkcXVEGC9y/rootfs/lib/firmware/3.10.0-1160.el7.x86_64/intel-ucode/06-66-03'
'/lib/firmware/3.10.0-1160.el7.x86_64/intel-ucode/06-06-0d' -> '/tmp/rear.hvWqMGkcXVEGC9y/rootfs/lib/firmware/3.10.0-1160.el7.x86_64/intel-ucode/06-06-0d'
'/lib/firmware/3.10.0-1160.el7.x86_64/intel-ucode/06-7a-01' -> '/tmp/rear.hvWqMGkcXVEGC9y/rootfs/lib/firmware/3.10.0-1160.el7.x86_64/intel-ucode/06-7a-01'
'/lib/firmware/3.10.0-1160.el7.x86_64/intel-ucode/06-07-01' -> '/tmp/rear.hvWqMGkcXVEGC9y/rootfs/lib/firmware/3.10.0-1160.el7.x86_64/intel-ucode/06-07-01'
'/lib/firmware/3.10.0-1160.el7.x86_64/intel-ucode/06-7a-08' -> '/tmp/rear.hvWqMGkcXVEGC9y/rootfs/lib/firmware/3.10.0-1160.el7.x86_64/intel-ucode/06-7a-08'
'/lib/firmware/3.10.0-1160.el7.x86_64/intel-ucode/06-07-02' -> '/tmp/rear.hvWqMGkcXVEGC9y/rootfs/lib/firmware/3.10.0-1160.el7.x86_64/intel-ucode/06-07-02'
'/lib/firmware/3.10.0-1160.el7.x86_64/intel-ucode/06-7e-05' -> '/tmp/rear.hvWqMGkcXVEGC9y/rootfs/lib/firmware/3.10.0-1160.el7.x86_64/intel-ucode/06-7e-05'
'/lib/firmware/3.10.0-1160.el7.x86_64/intel-ucode/06-07-03' -> '/tmp/rear.hvWqMGkcXVEGC9y/rootfs/lib/firmware/3.10.0-1160.el7.x86_64/intel-ucode/06-07-03'
'/lib/firmware/3.10.0-1160.el7.x86_64/intel-ucode/06-8e-09' -> '/tmp/rear.hvWqMGkcXVEGC9y/rootfs/lib/firmware/3.10.0-1160.el7.x86_64/intel-ucode/06-8e-09'
'/lib/firmware/3.10.0-1160.el7.x86_64/intel-ucode/06-08-01' -> '/tmp/rear.hvWqMGkcXVEGC9y/rootfs/lib/firmware/3.10.0-1160.el7.x86_64/intel-ucode/06-08-01'
'/lib/firmware/3.10.0-1160.el7.x86_64/intel-ucode/06-8e-0a' -> '/tmp/rear.hvWqMGkcXVEGC9y/rootfs/lib/firmware/3.10.0-1160.el7.x86_64/intel-ucode/06-8e-0a'
'/lib/firmware/3.10.0-1160.el7.x86_64/intel-ucode/06-08-03' -> '/tmp/rear.hvWqMGkcXVEGC9y/rootfs/lib/firmware/3.10.0-1160.el7.x86_64/intel-ucode/06-08-03'
'/lib/firmware/3.10.0-1160.el7.x86_64/intel-ucode/06-8e-0b' -> '/tmp/rear.hvWqMGkcXVEGC9y/rootfs/lib/firmware/3.10.0-1160.el7.x86_64/intel-ucode/06-8e-0b'
'/lib/firmware/3.10.0-1160.el7.x86_64/intel-ucode/06-08-06' -> '/tmp/rear.hvWqMGkcXVEGC9y/rootfs/lib/firmware/3.10.0-1160.el7.x86_64/intel-ucode/06-08-06'
'/lib/firmware/3.10.0-1160.el7.x86_64/intel-ucode/06-8e-0c' -> '/tmp/rear.hvWqMGkcXVEGC9y/rootfs/lib/firmware/3.10.0-1160.el7.x86_64/intel-ucode/06-8e-0c'
'/lib/firmware/3.10.0-1160.el7.x86_64/intel-ucode/06-08-0a' -> '/tmp/rear.hvWqMGkcXVEGC9y/rootfs/lib/firmware/3.10.0-1160.el7.x86_64/intel-ucode/06-08-0a'
'/lib/firmware/3.10.0-1160.el7.x86_64/intel-ucode/06-9e-09' -> '/tmp/rear.hvWqMGkcXVEGC9y/rootfs/lib/firmware/3.10.0-1160.el7.x86_64/intel-ucode/06-9e-09'
'/lib/firmware/3.10.0-1160.el7.x86_64/intel-ucode/06-09-05' -> '/tmp/rear.hvWqMGkcXVEGC9y/rootfs/lib/firmware/3.10.0-1160.el7.x86_64/intel-ucode/06-09-05'
'/lib/firmware/3.10.0-1160.el7.x86_64/intel-ucode/06-9e-0a' -> '/tmp/rear.hvWqMGkcXVEGC9y/rootfs/lib/firmware/3.10.0-1160.el7.x86_64/intel-ucode/06-9e-0a'
'/lib/firmware/3.10.0-1160.el7.x86_64/intel-ucode/06-0a-00' -> '/tmp/rear.hvWqMGkcXVEGC9y/rootfs/lib/firmware/3.10.0-1160.el7.x86_64/intel-ucode/06-0a-00'
'/lib/firmware/3.10.0-1160.el7.x86_64/intel-ucode/06-9e-0b' -> '/tmp/rear.hvWqMGkcXVEGC9y/rootfs/lib/firmware/3.10.0-1160.el7.x86_64/intel-ucode/06-9e-0b'
'/lib/firmware/3.10.0-1160.el7.x86_64/intel-ucode/06-0a-01' -> '/tmp/rear.hvWqMGkcXVEGC9y/rootfs/lib/firmware/3.10.0-1160.el7.x86_64/intel-ucode/06-0a-01'
'/lib/firmware/3.10.0-1160.el7.x86_64/intel-ucode/06-9e-0c' -> '/tmp/rear.hvWqMGkcXVEGC9y/rootfs/lib/firmware/3.10.0-1160.el7.x86_64/intel-ucode/06-9e-0c'
'/lib/firmware/3.10.0-1160.el7.x86_64/intel-ucode/06-0b-01' -> '/tmp/rear.hvWqMGkcXVEGC9y/rootfs/lib/firmware/3.10.0-1160.el7.x86_64/intel-ucode/06-0b-01'
'/lib/firmware/3.10.0-1160.el7.x86_64/intel-ucode/06-9e-0d' -> '/tmp/rear.hvWqMGkcXVEGC9y/rootfs/lib/firmware/3.10.0-1160.el7.x86_64/intel-ucode/06-9e-0d'
'/lib/firmware/3.10.0-1160.el7.x86_64/intel-ucode/06-0b-04' -> '/tmp/rear.hvWqMGkcXVEGC9y/rootfs/lib/firmware/3.10.0-1160.el7.x86_64/intel-ucode/06-0b-04'
'/lib/firmware/3.10.0-1160.el7.x86_64/intel-ucode/06-a6-00' -> '/tmp/rear.hvWqMGkcXVEGC9y/rootfs/lib/firmware/3.10.0-1160.el7.x86_64/intel-ucode/06-a6-00'
'/lib/firmware/3.10.0-1160.el7.x86_64/intel-ucode/06-0d-06' -> '/tmp/rear.hvWqMGkcXVEGC9y/rootfs/lib/firmware/3.10.0-1160.el7.x86_64/intel-ucode/06-0d-06'
'/lib/firmware/3.10.0-1160.el7.x86_64/intel-ucode/0f-00-07' -> '/tmp/rear.hvWqMGkcXVEGC9y/rootfs/lib/firmware/3.10.0-1160.el7.x86_64/intel-ucode/0f-00-07'
'/lib/firmware/3.10.0-1160.el7.x86_64/intel-ucode/06-0e-08' -> '/tmp/rear.hvWqMGkcXVEGC9y/rootfs/lib/firmware/3.10.0-1160.el7.x86_64/intel-ucode/06-0e-08'
'/lib/firmware/3.10.0-1160.el7.x86_64/intel-ucode/0f-00-0a' -> '/tmp/rear.hvWqMGkcXVEGC9y/rootfs/lib/firmware/3.10.0-1160.el7.x86_64/intel-ucode/0f-00-0a'
'/lib/firmware/3.10.0-1160.el7.x86_64/intel-ucode/06-0e-0c' -> '/tmp/rear.hvWqMGkcXVEGC9y/rootfs/lib/firmware/3.10.0-1160.el7.x86_64/intel-ucode/06-0e-0c'
'/lib/firmware/3.10.0-1160.el7.x86_64/intel-ucode/0f-01-02' -> '/tmp/rear.hvWqMGkcXVEGC9y/rootfs/lib/firmware/3.10.0-1160.el7.x86_64/intel-ucode/0f-01-02'
'/lib/firmware/3.10.0-1160.el7.x86_64/intel-ucode/06-0f-02' -> '/tmp/rear.hvWqMGkcXVEGC9y/rootfs/lib/firmware/3.10.0-1160.el7.x86_64/intel-ucode/06-0f-02'
'/lib/firmware/3.10.0-1160.el7.x86_64/intel-ucode/0f-02-04' -> '/tmp/rear.hvWqMGkcXVEGC9y/rootfs/lib/firmware/3.10.0-1160.el7.x86_64/intel-ucode/0f-02-04'
'/lib/firmware/3.10.0-1160.el7.x86_64/intel-ucode/06-0f-06' -> '/tmp/rear.hvWqMGkcXVEGC9y/rootfs/lib/firmware/3.10.0-1160.el7.x86_64/intel-ucode/06-0f-06'
'/lib/firmware/3.10.0-1160.el7.x86_64/intel-ucode/0f-02-05' -> '/tmp/rear.hvWqMGkcXVEGC9y/rootfs/lib/firmware/3.10.0-1160.el7.x86_64/intel-ucode/0f-02-05'
'/lib/firmware/3.10.0-1160.el7.x86_64/intel-ucode/06-0f-07' -> '/tmp/rear.hvWqMGkcXVEGC9y/rootfs/lib/firmware/3.10.0-1160.el7.x86_64/intel-ucode/06-0f-07'
'/lib/firmware/3.10.0-1160.el7.x86_64/intel-ucode/0f-02-06' -> '/tmp/rear.hvWqMGkcXVEGC9y/rootfs/lib/firmware/3.10.0-1160.el7.x86_64/intel-ucode/0f-02-06'
'/lib/firmware/3.10.0-1160.el7.x86_64/intel-ucode/06-0f-0a' -> '/tmp/rear.hvWqMGkcXVEGC9y/rootfs/lib/firmware/3.10.0-1160.el7.x86_64/intel-ucode/06-0f-0a'
'/lib/firmware/3.10.0-1160.el7.x86_64/intel-ucode/0f-02-07' -> '/tmp/rear.hvWqMGkcXVEGC9y/rootfs/lib/firmware/3.10.0-1160.el7.x86_64/intel-ucode/0f-02-07'
'/lib/firmware/3.10.0-1160.el7.x86_64/intel-ucode/06-0f-0b' -> '/tmp/rear.hvWqMGkcXVEGC9y/rootfs/lib/firmware/3.10.0-1160.el7.x86_64/intel-ucode/06-0f-0b'
'/lib/firmware/3.10.0-1160.el7.x86_64/intel-ucode/0f-02-09' -> '/tmp/rear.hvWqMGkcXVEGC9y/rootfs/lib/firmware/3.10.0-1160.el7.x86_64/intel-ucode/0f-02-09'
'/lib/firmware/3.10.0-1160.el7.x86_64/intel-ucode/06-0f-0d' -> '/tmp/rear.hvWqMGkcXVEGC9y/rootfs/lib/firmware/3.10.0-1160.el7.x86_64/intel-ucode/06-0f-0d'
'/lib/firmware/3.10.0-1160.el7.x86_64/intel-ucode/0f-03-02' -> '/tmp/rear.hvWqMGkcXVEGC9y/rootfs/lib/firmware/3.10.0-1160.el7.x86_64/intel-ucode/0f-03-02'
'/lib/firmware/3.10.0-1160.el7.x86_64/intel-ucode/06-16-01' -> '/tmp/rear.hvWqMGkcXVEGC9y/rootfs/lib/firmware/3.10.0-1160.el7.x86_64/intel-ucode/06-16-01'
'/lib/firmware/3.10.0-1160.el7.x86_64/intel-ucode/0f-03-03' -> '/tmp/rear.hvWqMGkcXVEGC9y/rootfs/lib/firmware/3.10.0-1160.el7.x86_64/intel-ucode/0f-03-03'
'/lib/firmware/3.10.0-1160.el7.x86_64/intel-ucode/06-17-06' -> '/tmp/rear.hvWqMGkcXVEGC9y/rootfs/lib/firmware/3.10.0-1160.el7.x86_64/intel-ucode/06-17-06'
'/lib/firmware/3.10.0-1160.el7.x86_64/intel-ucode/0f-03-04' -> '/tmp/rear.hvWqMGkcXVEGC9y/rootfs/lib/firmware/3.10.0-1160.el7.x86_64/intel-ucode/0f-03-04'
'/lib/firmware/3.10.0-1160.el7.x86_64/intel-ucode/06-17-07' -> '/tmp/rear.hvWqMGkcXVEGC9y/rootfs/lib/firmware/3.10.0-1160.el7.x86_64/intel-ucode/06-17-07'
'/lib/firmware/3.10.0-1160.el7.x86_64/intel-ucode/0f-04-01' -> '/tmp/rear.hvWqMGkcXVEGC9y/rootfs/lib/firmware/3.10.0-1160.el7.x86_64/intel-ucode/0f-04-01'
'/lib/firmware/3.10.0-1160.el7.x86_64/intel-ucode/06-17-0a' -> '/tmp/rear.hvWqMGkcXVEGC9y/rootfs/lib/firmware/3.10.0-1160.el7.x86_64/intel-ucode/06-17-0a'
'/lib/firmware/3.10.0-1160.el7.x86_64/intel-ucode/0f-04-03' -> '/tmp/rear.hvWqMGkcXVEGC9y/rootfs/lib/firmware/3.10.0-1160.el7.x86_64/intel-ucode/0f-04-03'
'/lib/firmware/3.10.0-1160.el7.x86_64/intel-ucode/06-1a-04' -> '/tmp/rear.hvWqMGkcXVEGC9y/rootfs/lib/firmware/3.10.0-1160.el7.x86_64/intel-ucode/06-1a-04'
'/lib/firmware/3.10.0-1160.el7.x86_64/intel-ucode/0f-04-04' -> '/tmp/rear.hvWqMGkcXVEGC9y/rootfs/lib/firmware/3.10.0-1160.el7.x86_64/intel-ucode/0f-04-04'
'/lib/firmware/3.10.0-1160.el7.x86_64/intel-ucode/06-1a-05' -> '/tmp/rear.hvWqMGkcXVEGC9y/rootfs/lib/firmware/3.10.0-1160.el7.x86_64/intel-ucode/06-1a-05'
'/lib/firmware/3.10.0-1160.el7.x86_64/intel-ucode/0f-04-07' -> '/tmp/rear.hvWqMGkcXVEGC9y/rootfs/lib/firmware/3.10.0-1160.el7.x86_64/intel-ucode/0f-04-07'
'/lib/firmware/3.10.0-1160.el7.x86_64/intel-ucode/06-1c-02' -> '/tmp/rear.hvWqMGkcXVEGC9y/rootfs/lib/firmware/3.10.0-1160.el7.x86_64/intel-ucode/06-1c-02'
'/lib/firmware/3.10.0-1160.el7.x86_64/intel-ucode/0f-04-08' -> '/tmp/rear.hvWqMGkcXVEGC9y/rootfs/lib/firmware/3.10.0-1160.el7.x86_64/intel-ucode/0f-04-08'
'/lib/firmware/3.10.0-1160.el7.x86_64/intel-ucode/06-1c-0a' -> '/tmp/rear.hvWqMGkcXVEGC9y/rootfs/lib/firmware/3.10.0-1160.el7.x86_64/intel-ucode/06-1c-0a'
'/lib/firmware/3.10.0-1160.el7.x86_64/intel-ucode/0f-04-09' -> '/tmp/rear.hvWqMGkcXVEGC9y/rootfs/lib/firmware/3.10.0-1160.el7.x86_64/intel-ucode/0f-04-09'
'/lib/firmware/3.10.0-1160.el7.x86_64/intel-ucode/06-1d-01' -> '/tmp/rear.hvWqMGkcXVEGC9y/rootfs/lib/firmware/3.10.0-1160.el7.x86_64/intel-ucode/06-1d-01'
'/lib/firmware/3.10.0-1160.el7.x86_64/intel-ucode/0f-04-0a' -> '/tmp/rear.hvWqMGkcXVEGC9y/rootfs/lib/firmware/3.10.0-1160.el7.x86_64/intel-ucode/0f-04-0a'
'/lib/firmware/3.10.0-1160.el7.x86_64/intel-ucode/06-1e-05' -> '/tmp/rear.hvWqMGkcXVEGC9y/rootfs/lib/firmware/3.10.0-1160.el7.x86_64/intel-ucode/06-1e-05'
'/lib/firmware/3.10.0-1160.el7.x86_64/intel-ucode/0f-06-02' -> '/tmp/rear.hvWqMGkcXVEGC9y/rootfs/lib/firmware/3.10.0-1160.el7.x86_64/intel-ucode/0f-06-02'
'/lib/firmware/3.10.0-1160.el7.x86_64/intel-ucode/06-25-02' -> '/tmp/rear.hvWqMGkcXVEGC9y/rootfs/lib/firmware/3.10.0-1160.el7.x86_64/intel-ucode/06-25-02'
'/lib/firmware/3.10.0-1160.el7.x86_64/intel-ucode/0f-06-04' -> '/tmp/rear.hvWqMGkcXVEGC9y/rootfs/lib/firmware/3.10.0-1160.el7.x86_64/intel-ucode/0f-06-04'
'/lib/firmware/3.10.0-1160.el7.x86_64/intel-ucode/06-25-05' -> '/tmp/rear.hvWqMGkcXVEGC9y/rootfs/lib/firmware/3.10.0-1160.el7.x86_64/intel-ucode/06-25-05'
'/lib/firmware/3.10.0-1160.el7.x86_64/intel-ucode/0f-06-05' -> '/tmp/rear.hvWqMGkcXVEGC9y/rootfs/lib/firmware/3.10.0-1160.el7.x86_64/intel-ucode/0f-06-05'
'/lib/firmware/3.10.0-1160.el7.x86_64/intel-ucode/06-26-01' -> '/tmp/rear.hvWqMGkcXVEGC9y/rootfs/lib/firmware/3.10.0-1160.el7.x86_64/intel-ucode/06-26-01'
'/lib/firmware/3.10.0-1160.el7.x86_64/intel-ucode/0f-06-08' -> '/tmp/rear.hvWqMGkcXVEGC9y/rootfs/lib/firmware/3.10.0-1160.el7.x86_64/intel-ucode/0f-06-08'
'/lib/firmware/3.10.0-1160.el7.x86_64/intel-ucode/06-2a-07' -> '/tmp/rear.hvWqMGkcXVEGC9y/rootfs/lib/firmware/3.10.0-1160.el7.x86_64/intel-ucode/06-2a-07'
'/lib/firmware/3.10.0-1160.el7.x86_64/intel-ucode/06-55-05' -> '/tmp/rear.hvWqMGkcXVEGC9y/rootfs/lib/firmware/3.10.0-1160.el7.x86_64/intel-ucode/06-55-05'
'/lib/firmware/3.10.0-1160.el7.x86_64/intel-ucode/06-2c-02' -> '/tmp/rear.hvWqMGkcXVEGC9y/rootfs/lib/firmware/3.10.0-1160.el7.x86_64/intel-ucode/06-2c-02'
'/lib/firmware/3.10.0-1160.el7.x86_64/intel-ucode/06-55-0b' -> '/tmp/rear.hvWqMGkcXVEGC9y/rootfs/lib/firmware/3.10.0-1160.el7.x86_64/intel-ucode/06-55-0b'
'/lib/firmware/3.10.0-1160.el7.x86_64/intel-ucode/06-2d-06' -> '/tmp/rear.hvWqMGkcXVEGC9y/rootfs/lib/firmware/3.10.0-1160.el7.x86_64/intel-ucode/06-2d-06'
'/lib/firmware/3.10.0-1160.el7.x86_64/intel-ucode/06-6a-05' -> '/tmp/rear.hvWqMGkcXVEGC9y/rootfs/lib/firmware/3.10.0-1160.el7.x86_64/intel-ucode/06-6a-05'
'/lib/firmware/3.10.0-1160.el7.x86_64/intel-ucode/06-6a-06' -> '/tmp/rear.hvWqMGkcXVEGC9y/rootfs/lib/firmware/3.10.0-1160.el7.x86_64/intel-ucode/06-6a-06'
'/lib/firmware/3.10.0-1160.el7.x86_64/intel-ucode/06-2e-06' -> '/tmp/rear.hvWqMGkcXVEGC9y/rootfs/lib/firmware/3.10.0-1160.el7.x86_64/intel-ucode/06-2e-06'
'/lib/firmware/3.10.0-1160.el7.x86_64/intel-ucode/06-8a-01' -> '/tmp/rear.hvWqMGkcXVEGC9y/rootfs/lib/firmware/3.10.0-1160.el7.x86_64/intel-ucode/06-8a-01'
'/lib/firmware/3.10.0-1160.el7.x86_64/intel-ucode/06-2f-02' -> '/tmp/rear.hvWqMGkcXVEGC9y/rootfs/lib/firmware/3.10.0-1160.el7.x86_64/intel-ucode/06-2f-02'
'/lib/firmware/3.10.0-1160.el7.x86_64/intel-ucode/06-8c-02' -> '/tmp/rear.hvWqMGkcXVEGC9y/rootfs/lib/firmware/3.10.0-1160.el7.x86_64/intel-ucode/06-8c-02'
'/lib/firmware/3.10.0-1160.el7.x86_64/intel-ucode/06-37-08' -> '/tmp/rear.hvWqMGkcXVEGC9y/rootfs/lib/firmware/3.10.0-1160.el7.x86_64/intel-ucode/06-37-08'
'/lib/firmware/3.10.0-1160.el7.x86_64/intel-ucode/06-8d-01' -> '/tmp/rear.hvWqMGkcXVEGC9y/rootfs/lib/firmware/3.10.0-1160.el7.x86_64/intel-ucode/06-8d-01'
'/lib/firmware/3.10.0-1160.el7.x86_64/intel-ucode/06-37-09' -> '/tmp/rear.hvWqMGkcXVEGC9y/rootfs/lib/firmware/3.10.0-1160.el7.x86_64/intel-ucode/06-37-09'
'/lib/firmware/3.10.0-1160.el7.x86_64/intel-ucode/06-96-01' -> '/tmp/rear.hvWqMGkcXVEGC9y/rootfs/lib/firmware/3.10.0-1160.el7.x86_64/intel-ucode/06-96-01'
'/lib/firmware/3.10.0-1160.el7.x86_64/intel-ucode/06-3a-09' -> '/tmp/rear.hvWqMGkcXVEGC9y/rootfs/lib/firmware/3.10.0-1160.el7.x86_64/intel-ucode/06-3a-09'
'/lib/firmware/3.10.0-1160.el7.x86_64/intel-ucode/06-97-02' -> '/tmp/rear.hvWqMGkcXVEGC9y/rootfs/lib/firmware/3.10.0-1160.el7.x86_64/intel-ucode/06-97-02'
'/lib/firmware/3.10.0-1160.el7.x86_64/intel-ucode/06-3c-03' -> '/tmp/rear.hvWqMGkcXVEGC9y/rootfs/lib/firmware/3.10.0-1160.el7.x86_64/intel-ucode/06-3c-03'
'/lib/firmware/3.10.0-1160.el7.x86_64/intel-ucode/06-97-05' -> '/tmp/rear.hvWqMGkcXVEGC9y/rootfs/lib/firmware/3.10.0-1160.el7.x86_64/intel-ucode/06-97-05'
'/lib/firmware/3.10.0-1160.el7.x86_64/intel-ucode/06-3d-04' -> '/tmp/rear.hvWqMGkcXVEGC9y/rootfs/lib/firmware/3.10.0-1160.el7.x86_64/intel-ucode/06-3d-04'
'/lib/firmware/3.10.0-1160.el7.x86_64/intel-ucode/06-9a-03' -> '/tmp/rear.hvWqMGkcXVEGC9y/rootfs/lib/firmware/3.10.0-1160.el7.x86_64/intel-ucode/06-9a-03'
'/lib/firmware/3.10.0-1160.el7.x86_64/intel-ucode/06-3e-04' -> '/tmp/rear.hvWqMGkcXVEGC9y/rootfs/lib/firmware/3.10.0-1160.el7.x86_64/intel-ucode/06-3e-04'
'/lib/firmware/3.10.0-1160.el7.x86_64/intel-ucode/06-9a-04' -> '/tmp/rear.hvWqMGkcXVEGC9y/rootfs/lib/firmware/3.10.0-1160.el7.x86_64/intel-ucode/06-9a-04'
'/lib/firmware/3.10.0-1160.el7.x86_64/intel-ucode/06-3e-06' -> '/tmp/rear.hvWqMGkcXVEGC9y/rootfs/lib/firmware/3.10.0-1160.el7.x86_64/intel-ucode/06-3e-06'
'/lib/firmware/3.10.0-1160.el7.x86_64/intel-ucode/06-9c-00' -> '/tmp/rear.hvWqMGkcXVEGC9y/rootfs/lib/firmware/3.10.0-1160.el7.x86_64/intel-ucode/06-9c-00'
'/lib/firmware/3.10.0-1160.el7.x86_64/intel-ucode/06-3e-07' -> '/tmp/rear.hvWqMGkcXVEGC9y/rootfs/lib/firmware/3.10.0-1160.el7.x86_64/intel-ucode/06-3e-07'
'/lib/firmware/3.10.0-1160.el7.x86_64/intel-ucode/06-a5-02' -> '/tmp/rear.hvWqMGkcXVEGC9y/rootfs/lib/firmware/3.10.0-1160.el7.x86_64/intel-ucode/06-a5-02'
'/lib/firmware/3.10.0-1160.el7.x86_64/intel-ucode/06-3f-02' -> '/tmp/rear.hvWqMGkcXVEGC9y/rootfs/lib/firmware/3.10.0-1160.el7.x86_64/intel-ucode/06-3f-02'
'/lib/firmware/3.10.0-1160.el7.x86_64/intel-ucode/06-a5-03' -> '/tmp/rear.hvWqMGkcXVEGC9y/rootfs/lib/firmware/3.10.0-1160.el7.x86_64/intel-ucode/06-a5-03'
'/lib/firmware/3.10.0-1160.el7.x86_64/intel-ucode/06-3f-04' -> '/tmp/rear.hvWqMGkcXVEGC9y/rootfs/lib/firmware/3.10.0-1160.el7.x86_64/intel-ucode/06-3f-04'
'/lib/firmware/3.10.0-1160.el7.x86_64/intel-ucode/06-a5-05' -> '/tmp/rear.hvWqMGkcXVEGC9y/rootfs/lib/firmware/3.10.0-1160.el7.x86_64/intel-ucode/06-a5-05'
'/lib/firmware/3.10.0-1160.el7.x86_64/intel-ucode/06-45-01' -> '/tmp/rear.hvWqMGkcXVEGC9y/rootfs/lib/firmware/3.10.0-1160.el7.x86_64/intel-ucode/06-45-01'
'/lib/firmware/3.10.0-1160.el7.x86_64/intel-ucode/06-a6-01' -> '/tmp/rear.hvWqMGkcXVEGC9y/rootfs/lib/firmware/3.10.0-1160.el7.x86_64/intel-ucode/06-a6-01'
'/lib/firmware/3.10.0-1160.el7.x86_64/intel-ucode/06-46-01' -> '/tmp/rear.hvWqMGkcXVEGC9y/rootfs/lib/firmware/3.10.0-1160.el7.x86_64/intel-ucode/06-46-01'
'/lib/firmware/3.10.0-1160.el7.x86_64/intel-ucode/06-55-07' -> '/tmp/rear.hvWqMGkcXVEGC9y/rootfs/lib/firmware/3.10.0-1160.el7.x86_64/intel-ucode/06-55-07'
'/lib/firmware/3.10.0-1160.el7.x86_64/intel-ucode/06-a7-01' -> '/tmp/rear.hvWqMGkcXVEGC9y/rootfs/lib/firmware/3.10.0-1160.el7.x86_64/intel-ucode/06-a7-01'
'/lib/firmware/3.10.0-1160.el7.x86_64/intel-ucode/06-56-02' -> '/tmp/rear.hvWqMGkcXVEGC9y/rootfs/lib/firmware/3.10.0-1160.el7.x86_64/intel-ucode/06-56-02'
'/lib/firmware/3.10.0-1160.el7.x86_64/intel-ucode/06-bf-02' -> '/tmp/rear.hvWqMGkcXVEGC9y/rootfs/lib/firmware/3.10.0-1160.el7.x86_64/intel-ucode/06-bf-02'
'/lib/firmware/3.10.0-1160.el7.x86_64/intel-ucode/06-56-03' -> '/tmp/rear.hvWqMGkcXVEGC9y/rootfs/lib/firmware/3.10.0-1160.el7.x86_64/intel-ucode/06-56-03'
'/lib/firmware/3.10.0-1160.el7.x86_64/intel-ucode/06-bf-05' -> '/tmp/rear.hvWqMGkcXVEGC9y/rootfs/lib/firmware/3.10.0-1160.el7.x86_64/intel-ucode/06-bf-05'
'/lib/firmware/3.10.0-1160.el7.x86_64/intel-ucode/06-56-04' -> '/tmp/rear.hvWqMGkcXVEGC9y/rootfs/lib/firmware/3.10.0-1160.el7.x86_64/intel-ucode/06-56-04'
'/lib/firmware/3.10.0-1160.el7.x86_64/intel-ucode/06-56-05' -> '/tmp/rear.hvWqMGkcXVEGC9y/rootfs/lib/firmware/3.10.0-1160.el7.x86_64/intel-ucode/06-56-05'
'/lib/firmware/3.10.0-1160.el7.x86_64/intel-ucode/06-5c-02' -> '/tmp/rear.hvWqMGkcXVEGC9y/rootfs/lib/firmware/3.10.0-1160.el7.x86_64/intel-ucode/06-5c-02'
'/lib/firmware/3.10.0-1160.el7.x86_64/intel-ucode/06-5c-09' -> '/tmp/rear.hvWqMGkcXVEGC9y/rootfs/lib/firmware/3.10.0-1160.el7.x86_64/intel-ucode/06-5c-09'
'/lib/firmware/3.10.0-1160.el7.x86_64/intel-ucode/06-5c-0a' -> '/tmp/rear.hvWqMGkcXVEGC9y/rootfs/lib/firmware/3.10.0-1160.el7.x86_64/intel-ucode/06-5c-0a'
'/lib/firmware/3.10.0-1160.el7.x86_64/intel-ucode/06-5f-01' -> '/tmp/rear.hvWqMGkcXVEGC9y/rootfs/lib/firmware/3.10.0-1160.el7.x86_64/intel-ucode/06-5f-01'
'/lib/firmware/3.10.0-1160.el7.x86_64/intel-ucode/06-2d-07' -> '/tmp/rear.hvWqMGkcXVEGC9y/rootfs/lib/firmware/3.10.0-1160.el7.x86_64/intel-ucode/06-2d-07'
'/lib/firmware/3.10.0-1160.el7.x86_64/intel-ucode/06-55-04' -> '/tmp/rear.hvWqMGkcXVEGC9y/rootfs/lib/firmware/3.10.0-1160.el7.x86_64/intel-ucode/06-55-04'
'/lib/firmware/3.10.0-1160.el7.x86_64/intel-ucode/06-5e-03' -> '/tmp/rear.hvWqMGkcXVEGC9y/rootfs/lib/firmware/3.10.0-1160.el7.x86_64/intel-ucode/06-5e-03'
'/lib/firmware/3.10.0-1160.el7.x86_64/intel-ucode/06-8c-01' -> '/tmp/rear.hvWqMGkcXVEGC9y/rootfs/lib/firmware/3.10.0-1160.el7.x86_64/intel-ucode/06-8c-01'
'/lib/firmware/3.10.0-1160.el7.x86_64/intel-ucode/06-47-01' -> '/tmp/rear.hvWqMGkcXVEGC9y/rootfs/lib/firmware/3.10.0-1160.el7.x86_64/intel-ucode/06-47-01'
'/lib/firmware/3.10.0-1160.el7.x86_64/intel-ucode/06-03-02' -> '/tmp/rear.hvWqMGkcXVEGC9y/rootfs/lib/firmware/3.10.0-1160.el7.x86_64/intel-ucode/06-03-02'
'/lib/firmware/3.10.0-1160.el7.x86_64/intel-ucode/06-4c-03' -> '/tmp/rear.hvWqMGkcXVEGC9y/rootfs/lib/firmware/3.10.0-1160.el7.x86_64/intel-ucode/06-4c-03'
'/lib/firmware/3.10.0-1160.el7.x86_64/intel-ucode/06-05-00' -> '/tmp/rear.hvWqMGkcXVEGC9y/rootfs/lib/firmware/3.10.0-1160.el7.x86_64/intel-ucode/06-05-00'
'/lib/firmware/3.10.0-1160.el7.x86_64/intel-ucode/06-4c-04' -> '/tmp/rear.hvWqMGkcXVEGC9y/rootfs/lib/firmware/3.10.0-1160.el7.x86_64/intel-ucode/06-4c-04'
'/lib/firmware/3.10.0-1160.el7.x86_64/intel-ucode/06-05-01' -> '/tmp/rear.hvWqMGkcXVEGC9y/rootfs/lib/firmware/3.10.0-1160.el7.x86_64/intel-ucode/06-05-01'
'/lib/firmware/3.10.0-1160.el7.x86_64/intel-ucode/06-4d-08' -> '/tmp/rear.hvWqMGkcXVEGC9y/rootfs/lib/firmware/3.10.0-1160.el7.x86_64/intel-ucode/06-4d-08'
'/lib/firmware/3.10.0-1160.el7.x86_64/intel-ucode/06-05-02' -> '/tmp/rear.hvWqMGkcXVEGC9y/rootfs/lib/firmware/3.10.0-1160.el7.x86_64/intel-ucode/06-05-02'
'/lib/firmware/3.10.0-1160.el7.x86_64/intel-ucode/06-55-03' -> '/tmp/rear.hvWqMGkcXVEGC9y/rootfs/lib/firmware/3.10.0-1160.el7.x86_64/intel-ucode/06-55-03'
'/lib/firmware/3.10.0-1160.el7.x86_64/intel-ucode/06-05-03' -> '/tmp/rear.hvWqMGkcXVEGC9y/rootfs/lib/firmware/3.10.0-1160.el7.x86_64/intel-ucode/06-05-03'
'/lib/firmware/3.10.0-1160.el7.x86_64/intel-ucode/06-4e-03' -> '/tmp/rear.hvWqMGkcXVEGC9y/rootfs/lib/firmware/3.10.0-1160.el7.x86_64/intel-ucode/06-4e-03'
'/lib/firmware/3.10.0-1160.el7.x86_64/intel-ucode/06-06-00' -> '/tmp/rear.hvWqMGkcXVEGC9y/rootfs/lib/firmware/3.10.0-1160.el7.x86_64/intel-ucode/06-06-00'
'/lib/firmware/3.10.0-1160.el7.x86_64/intel-ucode/06-06-05' -> '/tmp/rear.hvWqMGkcXVEGC9y/rootfs/lib/firmware/3.10.0-1160.el7.x86_64/intel-ucode/06-06-05'
'/lib/firmware/3.10.0-1160.el7.x86_64/intel-ucode/06-55-06' -> '/tmp/rear.hvWqMGkcXVEGC9y/rootfs/lib/firmware/3.10.0-1160.el7.x86_64/intel-ucode/06-55-06'
'/lib/firmware/3.10.0-1160.el7.x86_64/intel-ucode/06-06-0a' -> '/tmp/rear.hvWqMGkcXVEGC9y/rootfs/lib/firmware/3.10.0-1160.el7.x86_64/intel-ucode/06-06-0a'
'/lib/firmware/3.10.0-1160.el7.x86_64/readme-intel' -> '/tmp/rear.hvWqMGkcXVEGC9y/rootfs/lib/firmware/3.10.0-1160.el7.x86_64/readme-intel'
'/lib/firmware/3.10.0-1160.el7.x86_64/readme-intel-06-2d-07' -> '/tmp/rear.hvWqMGkcXVEGC9y/rootfs/lib/firmware/3.10.0-1160.el7.x86_64/readme-intel-06-2d-07'
'/lib/firmware/3.10.0-1160.el7.x86_64/readme-intel-06-55-04' -> '/tmp/rear.hvWqMGkcXVEGC9y/rootfs/lib/firmware/3.10.0-1160.el7.x86_64/readme-intel-06-55-04'
'/lib/firmware/3.10.0-1160.el7.x86_64/readme-intel-06-5e-03' -> '/tmp/rear.hvWqMGkcXVEGC9y/rootfs/lib/firmware/3.10.0-1160.el7.x86_64/readme-intel-06-5e-03'
'/lib/firmware/3.10.0-1160.el7.x86_64/readme-intel-06-8c-01' -> '/tmp/rear.hvWqMGkcXVEGC9y/rootfs/lib/firmware/3.10.0-1160.el7.x86_64/readme-intel-06-8c-01'
'/lib/firmware/ql2322_fw.bin' -> '/tmp/rear.hvWqMGkcXVEGC9y/rootfs/lib/firmware/ql2322_fw.bin'
'/lib/firmware/ql2400_fw.bin' -> '/tmp/rear.hvWqMGkcXVEGC9y/rootfs/lib/firmware/ql2400_fw.bin'
'/lib/firmware/aic94xx-seq.fw' -> '/tmp/rear.hvWqMGkcXVEGC9y/rootfs/lib/firmware/aic94xx-seq.fw'
'/lib/firmware/ql2500_fw.bin' -> '/tmp/rear.hvWqMGkcXVEGC9y/rootfs/lib/firmware/ql2500_fw.bin'
'/lib/firmware/wil6210.brd' -> '/tmp/rear.hvWqMGkcXVEGC9y/rootfs/lib/firmware/wil6210.brd'
'/lib/firmware/r8a779x_usb3_v1.dlmem' -> '/tmp/rear.hvWqMGkcXVEGC9y/rootfs/lib/firmware/r8a779x_usb3_v1.dlmem'
'/lib/firmware/wil6210.fw' -> '/tmp/rear.hvWqMGkcXVEGC9y/rootfs/lib/firmware/wil6210.fw'
'/lib/firmware/r8a779x_usb3_v2.dlmem' -> '/tmp/rear.hvWqMGkcXVEGC9y/rootfs/lib/firmware/r8a779x_usb3_v2.dlmem'
'/lib/firmware/wsm_22.bin' -> '/tmp/rear.hvWqMGkcXVEGC9y/rootfs/lib/firmware/wsm_22.bin'
'/lib/firmware/r8a779x_usb3_v3.dlmem' -> '/tmp/rear.hvWqMGkcXVEGC9y/rootfs/lib/firmware/r8a779x_usb3_v3.dlmem'
'/lib/firmware/radeon' -> '/tmp/rear.hvWqMGkcXVEGC9y/rootfs/lib/firmware/radeon'
'/lib/firmware/radeon/HAWAII_sdma.bin' -> '/tmp/rear.hvWqMGkcXVEGC9y/rootfs/lib/firmware/radeon/HAWAII_sdma.bin'
'/lib/firmware/radeon/ARUBA_me.bin' -> '/tmp/rear.hvWqMGkcXVEGC9y/rootfs/lib/firmware/radeon/ARUBA_me.bin'
'/lib/firmware/radeon/HAWAII_rlc.bin' -> '/tmp/rear.hvWqMGkcXVEGC9y/rootfs/lib/firmware/radeon/HAWAII_rlc.bin'
'/lib/firmware/radeon/ARUBA_pfp.bin' -> '/tmp/rear.hvWqMGkcXVEGC9y/rootfs/lib/firmware/radeon/ARUBA_pfp.bin'
'/lib/firmware/radeon/KABINI_me.bin' -> '/tmp/rear.hvWqMGkcXVEGC9y/rootfs/lib/firmware/radeon/KABINI_me.bin'
'/lib/firmware/radeon/ARUBA_rlc.bin' -> '/tmp/rear.hvWqMGkcXVEGC9y/rootfs/lib/firmware/radeon/ARUBA_rlc.bin'
'/lib/firmware/radeon/KABINI_mec.bin' -> '/tmp/rear.hvWqMGkcXVEGC9y/rootfs/lib/firmware/radeon/KABINI_mec.bin'
'/lib/firmware/radeon/BARTS_mc.bin' -> '/tmp/rear.hvWqMGkcXVEGC9y/rootfs/lib/firmware/radeon/BARTS_mc.bin'
'/lib/firmware/radeon/KABINI_pfp.bin' -> '/tmp/rear.hvWqMGkcXVEGC9y/rootfs/lib/firmware/radeon/KABINI_pfp.bin'
'/lib/firmware/radeon/BARTS_me.bin' -> '/tmp/rear.hvWqMGkcXVEGC9y/rootfs/lib/firmware/radeon/BARTS_me.bin'
'/lib/firmware/radeon/KABINI_rlc.bin' -> '/tmp/rear.hvWqMGkcXVEGC9y/rootfs/lib/firmware/radeon/KABINI_rlc.bin'
'/lib/firmware/radeon/BARTS_pfp.bin' -> '/tmp/rear.hvWqMGkcXVEGC9y/rootfs/lib/firmware/radeon/BARTS_pfp.bin'
'/lib/firmware/radeon/KABINI_sdma.bin' -> '/tmp/rear.hvWqMGkcXVEGC9y/rootfs/lib/firmware/radeon/KABINI_sdma.bin'
'/lib/firmware/radeon/BARTS_smc.bin' -> '/tmp/rear.hvWqMGkcXVEGC9y/rootfs/lib/firmware/radeon/BARTS_smc.bin'
'/lib/firmware/radeon/KAVERI_ce.bin' -> '/tmp/rear.hvWqMGkcXVEGC9y/rootfs/lib/firmware/radeon/KAVERI_ce.bin'
'/lib/firmware/radeon/BONAIRE_ce.bin' -> '/tmp/rear.hvWqMGkcXVEGC9y/rootfs/lib/firmware/radeon/BONAIRE_ce.bin'
'/lib/firmware/radeon/KAVERI_me.bin' -> '/tmp/rear.hvWqMGkcXVEGC9y/rootfs/lib/firmware/radeon/KAVERI_me.bin'
'/lib/firmware/radeon/BONAIRE_mc.bin' -> '/tmp/rear.hvWqMGkcXVEGC9y/rootfs/lib/firmware/radeon/BONAIRE_mc.bin'
'/lib/firmware/radeon/KAVERI_mec.bin' -> '/tmp/rear.hvWqMGkcXVEGC9y/rootfs/lib/firmware/radeon/KAVERI_mec.bin'
'/lib/firmware/radeon/BONAIRE_mc2.bin' -> '/tmp/rear.hvWqMGkcXVEGC9y/rootfs/lib/firmware/radeon/BONAIRE_mc2.bin'
'/lib/firmware/radeon/KAVERI_pfp.bin' -> '/tmp/rear.hvWqMGkcXVEGC9y/rootfs/lib/firmware/radeon/KAVERI_pfp.bin'
'/lib/firmware/radeon/BONAIRE_me.bin' -> '/tmp/rear.hvWqMGkcXVEGC9y/rootfs/lib/firmware/radeon/BONAIRE_me.bin'
'/lib/firmware/radeon/KAVERI_rlc.bin' -> '/tmp/rear.hvWqMGkcXVEGC9y/rootfs/lib/firmware/radeon/KAVERI_rlc.bin'
'/lib/firmware/radeon/BONAIRE_mec.bin' -> '/tmp/rear.hvWqMGkcXVEGC9y/rootfs/lib/firmware/radeon/BONAIRE_mec.bin'
'/lib/firmware/radeon/KAVERI_sdma.bin' -> '/tmp/rear.hvWqMGkcXVEGC9y/rootfs/lib/firmware/radeon/KAVERI_sdma.bin'
'/lib/firmware/radeon/BONAIRE_pfp.bin' -> '/tmp/rear.hvWqMGkcXVEGC9y/rootfs/lib/firmware/radeon/BONAIRE_pfp.bin'
'/lib/firmware/radeon/MULLINS_ce.bin' -> '/tmp/rear.hvWqMGkcXVEGC9y/rootfs/lib/firmware/radeon/MULLINS_ce.bin'
'/lib/firmware/radeon/BONAIRE_rlc.bin' -> '/tmp/rear.hvWqMGkcXVEGC9y/rootfs/lib/firmware/radeon/BONAIRE_rlc.bin'
'/lib/firmware/radeon/MULLINS_me.bin' -> '/tmp/rear.hvWqMGkcXVEGC9y/rootfs/lib/firmware/radeon/MULLINS_me.bin'
'/lib/firmware/radeon/BONAIRE_sdma.bin' -> '/tmp/rear.hvWqMGkcXVEGC9y/rootfs/lib/firmware/radeon/BONAIRE_sdma.bin'
'/lib/firmware/radeon/MULLINS_mec.bin' -> '/tmp/rear.hvWqMGkcXVEGC9y/rootfs/lib/firmware/radeon/MULLINS_mec.bin'
'/lib/firmware/radeon/BONAIRE_smc.bin' -> '/tmp/rear.hvWqMGkcXVEGC9y/rootfs/lib/firmware/radeon/BONAIRE_smc.bin'
'/lib/firmware/radeon/MULLINS_pfp.bin' -> '/tmp/rear.hvWqMGkcXVEGC9y/rootfs/lib/firmware/radeon/MULLINS_pfp.bin'
'/lib/firmware/radeon/BONAIRE_uvd.bin' -> '/tmp/rear.hvWqMGkcXVEGC9y/rootfs/lib/firmware/radeon/BONAIRE_uvd.bin'
'/lib/firmware/radeon/MULLINS_rlc.bin' -> '/tmp/rear.hvWqMGkcXVEGC9y/rootfs/lib/firmware/radeon/MULLINS_rlc.bin'
'/lib/firmware/radeon/BONAIRE_vce.bin' -> '/tmp/rear.hvWqMGkcXVEGC9y/rootfs/lib/firmware/radeon/BONAIRE_vce.bin'
'/lib/firmware/radeon/RV610_me.bin' -> '/tmp/rear.hvWqMGkcXVEGC9y/rootfs/lib/firmware/radeon/RV610_me.bin'
'/lib/firmware/radeon/BTC_rlc.bin' -> '/tmp/rear.hvWqMGkcXVEGC9y/rootfs/lib/firmware/radeon/BTC_rlc.bin'
'/lib/firmware/radeon/MULLINS_sdma.bin' -> '/tmp/rear.hvWqMGkcXVEGC9y/rootfs/lib/firmware/radeon/MULLINS_sdma.bin'
'/lib/firmware/radeon/CAICOS_mc.bin' -> '/tmp/rear.hvWqMGkcXVEGC9y/rootfs/lib/firmware/radeon/CAICOS_mc.bin'
'/lib/firmware/radeon/OLAND_ce.bin' -> '/tmp/rear.hvWqMGkcXVEGC9y/rootfs/lib/firmware/radeon/OLAND_ce.bin'
'/lib/firmware/radeon/CAICOS_me.bin' -> '/tmp/rear.hvWqMGkcXVEGC9y/rootfs/lib/firmware/radeon/CAICOS_me.bin'
'/lib/firmware/radeon/OLAND_mc.bin' -> '/tmp/rear.hvWqMGkcXVEGC9y/rootfs/lib/firmware/radeon/OLAND_mc.bin'
'/lib/firmware/radeon/CAICOS_pfp.bin' -> '/tmp/rear.hvWqMGkcXVEGC9y/rootfs/lib/firmware/radeon/CAICOS_pfp.bin'
'/lib/firmware/radeon/OLAND_mc2.bin' -> '/tmp/rear.hvWqMGkcXVEGC9y/rootfs/lib/firmware/radeon/OLAND_mc2.bin'
'/lib/firmware/radeon/CAICOS_smc.bin' -> '/tmp/rear.hvWqMGkcXVEGC9y/rootfs/lib/firmware/radeon/CAICOS_smc.bin'
'/lib/firmware/radeon/OLAND_me.bin' -> '/tmp/rear.hvWqMGkcXVEGC9y/rootfs/lib/firmware/radeon/OLAND_me.bin'
'/lib/firmware/radeon/CAYMAN_mc.bin' -> '/tmp/rear.hvWqMGkcXVEGC9y/rootfs/lib/firmware/radeon/CAYMAN_mc.bin'
'/lib/firmware/radeon/OLAND_pfp.bin' -> '/tmp/rear.hvWqMGkcXVEGC9y/rootfs/lib/firmware/radeon/OLAND_pfp.bin'
'/lib/firmware/radeon/CAYMAN_me.bin' -> '/tmp/rear.hvWqMGkcXVEGC9y/rootfs/lib/firmware/radeon/CAYMAN_me.bin'
'/lib/firmware/radeon/OLAND_rlc.bin' -> '/tmp/rear.hvWqMGkcXVEGC9y/rootfs/lib/firmware/radeon/OLAND_rlc.bin'
'/lib/firmware/radeon/CAYMAN_pfp.bin' -> '/tmp/rear.hvWqMGkcXVEGC9y/rootfs/lib/firmware/radeon/CAYMAN_pfp.bin'
'/lib/firmware/radeon/OLAND_smc.bin' -> '/tmp/rear.hvWqMGkcXVEGC9y/rootfs/lib/firmware/radeon/OLAND_smc.bin'
'/lib/firmware/radeon/CAYMAN_rlc.bin' -> '/tmp/rear.hvWqMGkcXVEGC9y/rootfs/lib/firmware/radeon/CAYMAN_rlc.bin'
'/lib/firmware/radeon/PALM_me.bin' -> '/tmp/rear.hvWqMGkcXVEGC9y/rootfs/lib/firmware/radeon/PALM_me.bin'
'/lib/firmware/radeon/CAYMAN_smc.bin' -> '/tmp/rear.hvWqMGkcXVEGC9y/rootfs/lib/firmware/radeon/CAYMAN_smc.bin'
'/lib/firmware/radeon/PALM_pfp.bin' -> '/tmp/rear.hvWqMGkcXVEGC9y/rootfs/lib/firmware/radeon/PALM_pfp.bin'
'/lib/firmware/radeon/CEDAR_me.bin' -> '/tmp/rear.hvWqMGkcXVEGC9y/rootfs/lib/firmware/radeon/CEDAR_me.bin'
'/lib/firmware/radeon/PITCAIRN_ce.bin' -> '/tmp/rear.hvWqMGkcXVEGC9y/rootfs/lib/firmware/radeon/PITCAIRN_ce.bin'
'/lib/firmware/radeon/CEDAR_pfp.bin' -> '/tmp/rear.hvWqMGkcXVEGC9y/rootfs/lib/firmware/radeon/CEDAR_pfp.bin'
'/lib/firmware/radeon/PITCAIRN_mc.bin' -> '/tmp/rear.hvWqMGkcXVEGC9y/rootfs/lib/firmware/radeon/PITCAIRN_mc.bin'
'/lib/firmware/radeon/CEDAR_rlc.bin' -> '/tmp/rear.hvWqMGkcXVEGC9y/rootfs/lib/firmware/radeon/CEDAR_rlc.bin'
'/lib/firmware/radeon/PITCAIRN_mc2.bin' -> '/tmp/rear.hvWqMGkcXVEGC9y/rootfs/lib/firmware/radeon/PITCAIRN_mc2.bin'
'/lib/firmware/radeon/CEDAR_smc.bin' -> '/tmp/rear.hvWqMGkcXVEGC9y/rootfs/lib/firmware/radeon/CEDAR_smc.bin'
'/lib/firmware/radeon/PITCAIRN_me.bin' -> '/tmp/rear.hvWqMGkcXVEGC9y/rootfs/lib/firmware/radeon/PITCAIRN_me.bin'
'/lib/firmware/radeon/CYPRESS_me.bin' -> '/tmp/rear.hvWqMGkcXVEGC9y/rootfs/lib/firmware/radeon/CYPRESS_me.bin'
'/lib/firmware/radeon/PITCAIRN_pfp.bin' -> '/tmp/rear.hvWqMGkcXVEGC9y/rootfs/lib/firmware/radeon/PITCAIRN_pfp.bin'
'/lib/firmware/radeon/CYPRESS_pfp.bin' -> '/tmp/rear.hvWqMGkcXVEGC9y/rootfs/lib/firmware/radeon/CYPRESS_pfp.bin'
'/lib/firmware/radeon/PITCAIRN_rlc.bin' -> '/tmp/rear.hvWqMGkcXVEGC9y/rootfs/lib/firmware/radeon/PITCAIRN_rlc.bin'
'/lib/firmware/radeon/CYPRESS_rlc.bin' -> '/tmp/rear.hvWqMGkcXVEGC9y/rootfs/lib/firmware/radeon/CYPRESS_rlc.bin'
'/lib/firmware/radeon/PITCAIRN_smc.bin' -> '/tmp/rear.hvWqMGkcXVEGC9y/rootfs/lib/firmware/radeon/PITCAIRN_smc.bin'
'/lib/firmware/radeon/CYPRESS_smc.bin' -> '/tmp/rear.hvWqMGkcXVEGC9y/rootfs/lib/firmware/radeon/CYPRESS_smc.bin'
'/lib/firmware/radeon/R100_cp.bin' -> '/tmp/rear.hvWqMGkcXVEGC9y/rootfs/lib/firmware/radeon/R100_cp.bin'
'/lib/firmware/radeon/CYPRESS_uvd.bin' -> '/tmp/rear.hvWqMGkcXVEGC9y/rootfs/lib/firmware/radeon/CYPRESS_uvd.bin'
'/lib/firmware/radeon/R200_cp.bin' -> '/tmp/rear.hvWqMGkcXVEGC9y/rootfs/lib/firmware/radeon/R200_cp.bin'
'/lib/firmware/radeon/HAINAN_ce.bin' -> '/tmp/rear.hvWqMGkcXVEGC9y/rootfs/lib/firmware/radeon/HAINAN_ce.bin'
'/lib/firmware/radeon/R300_cp.bin' -> '/tmp/rear.hvWqMGkcXVEGC9y/rootfs/lib/firmware/radeon/R300_cp.bin'
'/lib/firmware/radeon/HAINAN_mc.bin' -> '/tmp/rear.hvWqMGkcXVEGC9y/rootfs/lib/firmware/radeon/HAINAN_mc.bin'
'/lib/firmware/radeon/R420_cp.bin' -> '/tmp/rear.hvWqMGkcXVEGC9y/rootfs/lib/firmware/radeon/R420_cp.bin'
'/lib/firmware/radeon/HAINAN_mc2.bin' -> '/tmp/rear.hvWqMGkcXVEGC9y/rootfs/lib/firmware/radeon/HAINAN_mc2.bin'
'/lib/firmware/radeon/R520_cp.bin' -> '/tmp/rear.hvWqMGkcXVEGC9y/rootfs/lib/firmware/radeon/R520_cp.bin'
'/lib/firmware/radeon/HAINAN_me.bin' -> '/tmp/rear.hvWqMGkcXVEGC9y/rootfs/lib/firmware/radeon/HAINAN_me.bin'
'/lib/firmware/radeon/R600_me.bin' -> '/tmp/rear.hvWqMGkcXVEGC9y/rootfs/lib/firmware/radeon/R600_me.bin'
'/lib/firmware/radeon/HAINAN_pfp.bin' -> '/tmp/rear.hvWqMGkcXVEGC9y/rootfs/lib/firmware/radeon/HAINAN_pfp.bin'
'/lib/firmware/radeon/R600_pfp.bin' -> '/tmp/rear.hvWqMGkcXVEGC9y/rootfs/lib/firmware/radeon/R600_pfp.bin'
'/lib/firmware/radeon/HAINAN_rlc.bin' -> '/tmp/rear.hvWqMGkcXVEGC9y/rootfs/lib/firmware/radeon/HAINAN_rlc.bin'
'/lib/firmware/radeon/R600_rlc.bin' -> '/tmp/rear.hvWqMGkcXVEGC9y/rootfs/lib/firmware/radeon/R600_rlc.bin'
'/lib/firmware/radeon/HAINAN_smc.bin' -> '/tmp/rear.hvWqMGkcXVEGC9y/rootfs/lib/firmware/radeon/HAINAN_smc.bin'
'/lib/firmware/radeon/R600_uvd.bin' -> '/tmp/rear.hvWqMGkcXVEGC9y/rootfs/lib/firmware/radeon/R600_uvd.bin'
'/lib/firmware/radeon/HAWAII_ce.bin' -> '/tmp/rear.hvWqMGkcXVEGC9y/rootfs/lib/firmware/radeon/HAWAII_ce.bin'
'/lib/firmware/radeon/R700_rlc.bin' -> '/tmp/rear.hvWqMGkcXVEGC9y/rootfs/lib/firmware/radeon/R700_rlc.bin'
'/lib/firmware/radeon/HAWAII_mc.bin' -> '/tmp/rear.hvWqMGkcXVEGC9y/rootfs/lib/firmware/radeon/HAWAII_mc.bin'
'/lib/firmware/radeon/REDWOOD_me.bin' -> '/tmp/rear.hvWqMGkcXVEGC9y/rootfs/lib/firmware/radeon/REDWOOD_me.bin'
'/lib/firmware/radeon/HAWAII_mc2.bin' -> '/tmp/rear.hvWqMGkcXVEGC9y/rootfs/lib/firmware/radeon/HAWAII_mc2.bin'
'/lib/firmware/radeon/REDWOOD_pfp.bin' -> '/tmp/rear.hvWqMGkcXVEGC9y/rootfs/lib/firmware/radeon/REDWOOD_pfp.bin'
'/lib/firmware/radeon/HAWAII_me.bin' -> '/tmp/rear.hvWqMGkcXVEGC9y/rootfs/lib/firmware/radeon/HAWAII_me.bin'
'/lib/firmware/radeon/REDWOOD_rlc.bin' -> '/tmp/rear.hvWqMGkcXVEGC9y/rootfs/lib/firmware/radeon/REDWOOD_rlc.bin'
'/lib/firmware/radeon/HAWAII_mec.bin' -> '/tmp/rear.hvWqMGkcXVEGC9y/rootfs/lib/firmware/radeon/HAWAII_mec.bin'
'/lib/firmware/radeon/REDWOOD_smc.bin' -> '/tmp/rear.hvWqMGkcXVEGC9y/rootfs/lib/firmware/radeon/REDWOOD_smc.bin'
'/lib/firmware/radeon/HAWAII_pfp.bin' -> '/tmp/rear.hvWqMGkcXVEGC9y/rootfs/lib/firmware/radeon/HAWAII_pfp.bin'
'/lib/firmware/radeon/HAWAII_smc.bin' -> '/tmp/rear.hvWqMGkcXVEGC9y/rootfs/lib/firmware/radeon/HAWAII_smc.bin'
'/lib/firmware/radeon/RS600_cp.bin' -> '/tmp/rear.hvWqMGkcXVEGC9y/rootfs/lib/firmware/radeon/RS600_cp.bin'
'/lib/firmware/radeon/JUNIPER_me.bin' -> '/tmp/rear.hvWqMGkcXVEGC9y/rootfs/lib/firmware/radeon/JUNIPER_me.bin'
'/lib/firmware/radeon/RS690_cp.bin' -> '/tmp/rear.hvWqMGkcXVEGC9y/rootfs/lib/firmware/radeon/RS690_cp.bin'
'/lib/firmware/radeon/JUNIPER_pfp.bin' -> '/tmp/rear.hvWqMGkcXVEGC9y/rootfs/lib/firmware/radeon/JUNIPER_pfp.bin'
'/lib/firmware/radeon/RS780_me.bin' -> '/tmp/rear.hvWqMGkcXVEGC9y/rootfs/lib/firmware/radeon/RS780_me.bin'
'/lib/firmware/radeon/JUNIPER_rlc.bin' -> '/tmp/rear.hvWqMGkcXVEGC9y/rootfs/lib/firmware/radeon/JUNIPER_rlc.bin'
'/lib/firmware/radeon/RS780_pfp.bin' -> '/tmp/rear.hvWqMGkcXVEGC9y/rootfs/lib/firmware/radeon/RS780_pfp.bin'
'/lib/firmware/radeon/JUNIPER_smc.bin' -> '/tmp/rear.hvWqMGkcXVEGC9y/rootfs/lib/firmware/radeon/JUNIPER_smc.bin'
'/lib/firmware/radeon/RS780_uvd.bin' -> '/tmp/rear.hvWqMGkcXVEGC9y/rootfs/lib/firmware/radeon/RS780_uvd.bin'
'/lib/firmware/radeon/KABINI_ce.bin' -> '/tmp/rear.hvWqMGkcXVEGC9y/rootfs/lib/firmware/radeon/KABINI_ce.bin'
'/lib/firmware/radeon/SUMO_pfp.bin' -> '/tmp/rear.hvWqMGkcXVEGC9y/rootfs/lib/firmware/radeon/SUMO_pfp.bin'
'/lib/firmware/radeon/SUMO_me.bin' -> '/tmp/rear.hvWqMGkcXVEGC9y/rootfs/lib/firmware/radeon/SUMO_me.bin'
'/lib/firmware/radeon/RV610_pfp.bin' -> '/tmp/rear.hvWqMGkcXVEGC9y/rootfs/lib/firmware/radeon/RV610_pfp.bin'
'/lib/firmware/radeon/RV620_me.bin' -> '/tmp/rear.hvWqMGkcXVEGC9y/rootfs/lib/firmware/radeon/RV620_me.bin'
'/lib/firmware/radeon/RV620_pfp.bin' -> '/tmp/rear.hvWqMGkcXVEGC9y/rootfs/lib/firmware/radeon/RV620_pfp.bin'
'/lib/firmware/radeon/RV630_me.bin' -> '/tmp/rear.hvWqMGkcXVEGC9y/rootfs/lib/firmware/radeon/RV630_me.bin'
'/lib/firmware/radeon/RV630_pfp.bin' -> '/tmp/rear.hvWqMGkcXVEGC9y/rootfs/lib/firmware/radeon/RV630_pfp.bin'
'/lib/firmware/radeon/RV635_me.bin' -> '/tmp/rear.hvWqMGkcXVEGC9y/rootfs/lib/firmware/radeon/RV635_me.bin'
'/lib/firmware/radeon/RV635_pfp.bin' -> '/tmp/rear.hvWqMGkcXVEGC9y/rootfs/lib/firmware/radeon/RV635_pfp.bin'
'/lib/firmware/radeon/RV670_me.bin' -> '/tmp/rear.hvWqMGkcXVEGC9y/rootfs/lib/firmware/radeon/RV670_me.bin'
'/lib/firmware/radeon/RV670_pfp.bin' -> '/tmp/rear.hvWqMGkcXVEGC9y/rootfs/lib/firmware/radeon/RV670_pfp.bin'
'/lib/firmware/radeon/RV710_me.bin' -> '/tmp/rear.hvWqMGkcXVEGC9y/rootfs/lib/firmware/radeon/RV710_me.bin'
'/lib/firmware/radeon/RV710_pfp.bin' -> '/tmp/rear.hvWqMGkcXVEGC9y/rootfs/lib/firmware/radeon/RV710_pfp.bin'
'/lib/firmware/radeon/RV710_smc.bin' -> '/tmp/rear.hvWqMGkcXVEGC9y/rootfs/lib/firmware/radeon/RV710_smc.bin'
'/lib/firmware/radeon/RV710_uvd.bin' -> '/tmp/rear.hvWqMGkcXVEGC9y/rootfs/lib/firmware/radeon/RV710_uvd.bin'
'/lib/firmware/radeon/RV730_me.bin' -> '/tmp/rear.hvWqMGkcXVEGC9y/rootfs/lib/firmware/radeon/RV730_me.bin'
'/lib/firmware/radeon/RV730_pfp.bin' -> '/tmp/rear.hvWqMGkcXVEGC9y/rootfs/lib/firmware/radeon/RV730_pfp.bin'
'/lib/firmware/radeon/RV730_smc.bin' -> '/tmp/rear.hvWqMGkcXVEGC9y/rootfs/lib/firmware/radeon/RV730_smc.bin'
'/lib/firmware/radeon/RV740_smc.bin' -> '/tmp/rear.hvWqMGkcXVEGC9y/rootfs/lib/firmware/radeon/RV740_smc.bin'
'/lib/firmware/radeon/RV770_me.bin' -> '/tmp/rear.hvWqMGkcXVEGC9y/rootfs/lib/firmware/radeon/RV770_me.bin'
'/lib/firmware/radeon/RV770_pfp.bin' -> '/tmp/rear.hvWqMGkcXVEGC9y/rootfs/lib/firmware/radeon/RV770_pfp.bin'
'/lib/firmware/radeon/RV770_smc.bin' -> '/tmp/rear.hvWqMGkcXVEGC9y/rootfs/lib/firmware/radeon/RV770_smc.bin'
'/lib/firmware/radeon/RV770_uvd.bin' -> '/tmp/rear.hvWqMGkcXVEGC9y/rootfs/lib/firmware/radeon/RV770_uvd.bin'
'/lib/firmware/radeon/SUMO2_me.bin' -> '/tmp/rear.hvWqMGkcXVEGC9y/rootfs/lib/firmware/radeon/SUMO2_me.bin'
'/lib/firmware/radeon/SUMO2_pfp.bin' -> '/tmp/rear.hvWqMGkcXVEGC9y/rootfs/lib/firmware/radeon/SUMO2_pfp.bin'
'/lib/firmware/radeon/hawaii_rlc.bin' -> '/tmp/rear.hvWqMGkcXVEGC9y/rootfs/lib/firmware/radeon/hawaii_rlc.bin'
'/lib/firmware/radeon/SUMO_rlc.bin' -> '/tmp/rear.hvWqMGkcXVEGC9y/rootfs/lib/firmware/radeon/SUMO_rlc.bin'
'/lib/firmware/radeon/hawaii_pfp.bin' -> '/tmp/rear.hvWqMGkcXVEGC9y/rootfs/lib/firmware/radeon/hawaii_pfp.bin'
'/lib/firmware/radeon/SUMO_uvd.bin' -> '/tmp/rear.hvWqMGkcXVEGC9y/rootfs/lib/firmware/radeon/SUMO_uvd.bin'
'/lib/firmware/radeon/hawaii_sdma.bin' -> '/tmp/rear.hvWqMGkcXVEGC9y/rootfs/lib/firmware/radeon/hawaii_sdma.bin'
'/lib/firmware/radeon/TAHITI_ce.bin' -> '/tmp/rear.hvWqMGkcXVEGC9y/rootfs/lib/firmware/radeon/TAHITI_ce.bin'
'/lib/firmware/radeon/hawaii_sdma1.bin' -> '/tmp/rear.hvWqMGkcXVEGC9y/rootfs/lib/firmware/radeon/hawaii_sdma1.bin'
'/lib/firmware/radeon/TAHITI_mc.bin' -> '/tmp/rear.hvWqMGkcXVEGC9y/rootfs/lib/firmware/radeon/TAHITI_mc.bin'
'/lib/firmware/radeon/hawaii_smc.bin' -> '/tmp/rear.hvWqMGkcXVEGC9y/rootfs/lib/firmware/radeon/hawaii_smc.bin'
'/lib/firmware/radeon/TAHITI_mc2.bin' -> '/tmp/rear.hvWqMGkcXVEGC9y/rootfs/lib/firmware/radeon/TAHITI_mc2.bin'
'/lib/firmware/radeon/hawaii_uvd.bin' -> '/tmp/rear.hvWqMGkcXVEGC9y/rootfs/lib/firmware/radeon/hawaii_uvd.bin'
'/lib/firmware/radeon/TAHITI_me.bin' -> '/tmp/rear.hvWqMGkcXVEGC9y/rootfs/lib/firmware/radeon/TAHITI_me.bin'
'/lib/firmware/radeon/hawaii_vce.bin' -> '/tmp/rear.hvWqMGkcXVEGC9y/rootfs/lib/firmware/radeon/hawaii_vce.bin'
'/lib/firmware/radeon/TAHITI_pfp.bin' -> '/tmp/rear.hvWqMGkcXVEGC9y/rootfs/lib/firmware/radeon/TAHITI_pfp.bin'
'/lib/firmware/radeon/kabini_ce.bin' -> '/tmp/rear.hvWqMGkcXVEGC9y/rootfs/lib/firmware/radeon/kabini_ce.bin'
'/lib/firmware/radeon/TAHITI_rlc.bin' -> '/tmp/rear.hvWqMGkcXVEGC9y/rootfs/lib/firmware/radeon/TAHITI_rlc.bin'
'/lib/firmware/radeon/kabini_me.bin' -> '/tmp/rear.hvWqMGkcXVEGC9y/rootfs/lib/firmware/radeon/kabini_me.bin'
'/lib/firmware/radeon/TAHITI_smc.bin' -> '/tmp/rear.hvWqMGkcXVEGC9y/rootfs/lib/firmware/radeon/TAHITI_smc.bin'
'/lib/firmware/radeon/kabini_mec.bin' -> '/tmp/rear.hvWqMGkcXVEGC9y/rootfs/lib/firmware/radeon/kabini_mec.bin'
'/lib/firmware/radeon/TAHITI_uvd.bin' -> '/tmp/rear.hvWqMGkcXVEGC9y/rootfs/lib/firmware/radeon/TAHITI_uvd.bin'
'/lib/firmware/radeon/kabini_pfp.bin' -> '/tmp/rear.hvWqMGkcXVEGC9y/rootfs/lib/firmware/radeon/kabini_pfp.bin'
'/lib/firmware/radeon/TAHITI_vce.bin' -> '/tmp/rear.hvWqMGkcXVEGC9y/rootfs/lib/firmware/radeon/TAHITI_vce.bin'
'/lib/firmware/radeon/kabini_rlc.bin' -> '/tmp/rear.hvWqMGkcXVEGC9y/rootfs/lib/firmware/radeon/kabini_rlc.bin'
'/lib/firmware/radeon/TURKS_mc.bin' -> '/tmp/rear.hvWqMGkcXVEGC9y/rootfs/lib/firmware/radeon/TURKS_mc.bin'
'/lib/firmware/radeon/kabini_sdma.bin' -> '/tmp/rear.hvWqMGkcXVEGC9y/rootfs/lib/firmware/radeon/kabini_sdma.bin'
'/lib/firmware/radeon/TURKS_me.bin' -> '/tmp/rear.hvWqMGkcXVEGC9y/rootfs/lib/firmware/radeon/TURKS_me.bin'
'/lib/firmware/radeon/kabini_sdma1.bin' -> '/tmp/rear.hvWqMGkcXVEGC9y/rootfs/lib/firmware/radeon/kabini_sdma1.bin'
'/lib/firmware/radeon/TURKS_pfp.bin' -> '/tmp/rear.hvWqMGkcXVEGC9y/rootfs/lib/firmware/radeon/TURKS_pfp.bin'
'/lib/firmware/radeon/kabini_uvd.bin' -> '/tmp/rear.hvWqMGkcXVEGC9y/rootfs/lib/firmware/radeon/kabini_uvd.bin'
'/lib/firmware/radeon/TURKS_smc.bin' -> '/tmp/rear.hvWqMGkcXVEGC9y/rootfs/lib/firmware/radeon/TURKS_smc.bin'
'/lib/firmware/radeon/kabini_vce.bin' -> '/tmp/rear.hvWqMGkcXVEGC9y/rootfs/lib/firmware/radeon/kabini_vce.bin'
'/lib/firmware/radeon/VERDE_ce.bin' -> '/tmp/rear.hvWqMGkcXVEGC9y/rootfs/lib/firmware/radeon/VERDE_ce.bin'
'/lib/firmware/radeon/kaveri_ce.bin' -> '/tmp/rear.hvWqMGkcXVEGC9y/rootfs/lib/firmware/radeon/kaveri_ce.bin'
'/lib/firmware/radeon/VERDE_mc.bin' -> '/tmp/rear.hvWqMGkcXVEGC9y/rootfs/lib/firmware/radeon/VERDE_mc.bin'
'/lib/firmware/radeon/kaveri_me.bin' -> '/tmp/rear.hvWqMGkcXVEGC9y/rootfs/lib/firmware/radeon/kaveri_me.bin'
'/lib/firmware/radeon/VERDE_mc2.bin' -> '/tmp/rear.hvWqMGkcXVEGC9y/rootfs/lib/firmware/radeon/VERDE_mc2.bin'
'/lib/firmware/radeon/kaveri_mec.bin' -> '/tmp/rear.hvWqMGkcXVEGC9y/rootfs/lib/firmware/radeon/kaveri_mec.bin'
'/lib/firmware/radeon/VERDE_me.bin' -> '/tmp/rear.hvWqMGkcXVEGC9y/rootfs/lib/firmware/radeon/VERDE_me.bin'
'/lib/firmware/radeon/kaveri_mec2.bin' -> '/tmp/rear.hvWqMGkcXVEGC9y/rootfs/lib/firmware/radeon/kaveri_mec2.bin'
'/lib/firmware/radeon/VERDE_pfp.bin' -> '/tmp/rear.hvWqMGkcXVEGC9y/rootfs/lib/firmware/radeon/VERDE_pfp.bin'
'/lib/firmware/radeon/kaveri_pfp.bin' -> '/tmp/rear.hvWqMGkcXVEGC9y/rootfs/lib/firmware/radeon/kaveri_pfp.bin'
'/lib/firmware/radeon/VERDE_rlc.bin' -> '/tmp/rear.hvWqMGkcXVEGC9y/rootfs/lib/firmware/radeon/VERDE_rlc.bin'
'/lib/firmware/radeon/kaveri_rlc.bin' -> '/tmp/rear.hvWqMGkcXVEGC9y/rootfs/lib/firmware/radeon/kaveri_rlc.bin'
'/lib/firmware/radeon/VERDE_smc.bin' -> '/tmp/rear.hvWqMGkcXVEGC9y/rootfs/lib/firmware/radeon/VERDE_smc.bin'
'/lib/firmware/radeon/kaveri_sdma.bin' -> '/tmp/rear.hvWqMGkcXVEGC9y/rootfs/lib/firmware/radeon/kaveri_sdma.bin'
'/lib/firmware/radeon/banks_k_2_smc.bin' -> '/tmp/rear.hvWqMGkcXVEGC9y/rootfs/lib/firmware/radeon/banks_k_2_smc.bin'
'/lib/firmware/radeon/kaveri_sdma1.bin' -> '/tmp/rear.hvWqMGkcXVEGC9y/rootfs/lib/firmware/radeon/kaveri_sdma1.bin'
'/lib/firmware/radeon/bonaire_ce.bin' -> '/tmp/rear.hvWqMGkcXVEGC9y/rootfs/lib/firmware/radeon/bonaire_ce.bin'
'/lib/firmware/radeon/kaveri_uvd.bin' -> '/tmp/rear.hvWqMGkcXVEGC9y/rootfs/lib/firmware/radeon/kaveri_uvd.bin'
'/lib/firmware/radeon/bonaire_k_smc.bin' -> '/tmp/rear.hvWqMGkcXVEGC9y/rootfs/lib/firmware/radeon/bonaire_k_smc.bin'
'/lib/firmware/radeon/kaveri_vce.bin' -> '/tmp/rear.hvWqMGkcXVEGC9y/rootfs/lib/firmware/radeon/kaveri_vce.bin'
'/lib/firmware/radeon/bonaire_mc.bin' -> '/tmp/rear.hvWqMGkcXVEGC9y/rootfs/lib/firmware/radeon/bonaire_mc.bin'
'/lib/firmware/radeon/mullins_ce.bin' -> '/tmp/rear.hvWqMGkcXVEGC9y/rootfs/lib/firmware/radeon/mullins_ce.bin'
'/lib/firmware/radeon/bonaire_me.bin' -> '/tmp/rear.hvWqMGkcXVEGC9y/rootfs/lib/firmware/radeon/bonaire_me.bin'
'/lib/firmware/radeon/mullins_me.bin' -> '/tmp/rear.hvWqMGkcXVEGC9y/rootfs/lib/firmware/radeon/mullins_me.bin'
'/lib/firmware/radeon/bonaire_mec.bin' -> '/tmp/rear.hvWqMGkcXVEGC9y/rootfs/lib/firmware/radeon/bonaire_mec.bin'
'/lib/firmware/radeon/mullins_mec.bin' -> '/tmp/rear.hvWqMGkcXVEGC9y/rootfs/lib/firmware/radeon/mullins_mec.bin'
'/lib/firmware/radeon/bonaire_pfp.bin' -> '/tmp/rear.hvWqMGkcXVEGC9y/rootfs/lib/firmware/radeon/bonaire_pfp.bin'
'/lib/firmware/radeon/mullins_pfp.bin' -> '/tmp/rear.hvWqMGkcXVEGC9y/rootfs/lib/firmware/radeon/mullins_pfp.bin'
'/lib/firmware/radeon/bonaire_rlc.bin' -> '/tmp/rear.hvWqMGkcXVEGC9y/rootfs/lib/firmware/radeon/bonaire_rlc.bin'
'/lib/firmware/radeon/mullins_rlc.bin' -> '/tmp/rear.hvWqMGkcXVEGC9y/rootfs/lib/firmware/radeon/mullins_rlc.bin'
'/lib/firmware/radeon/bonaire_sdma.bin' -> '/tmp/rear.hvWqMGkcXVEGC9y/rootfs/lib/firmware/radeon/bonaire_sdma.bin'
'/lib/firmware/radeon/mullins_sdma.bin' -> '/tmp/rear.hvWqMGkcXVEGC9y/rootfs/lib/firmware/radeon/mullins_sdma.bin'
'/lib/firmware/radeon/bonaire_sdma1.bin' -> '/tmp/rear.hvWqMGkcXVEGC9y/rootfs/lib/firmware/radeon/bonaire_sdma1.bin'
'/lib/firmware/radeon/mullins_sdma1.bin' -> '/tmp/rear.hvWqMGkcXVEGC9y/rootfs/lib/firmware/radeon/mullins_sdma1.bin'
'/lib/firmware/radeon/bonaire_smc.bin' -> '/tmp/rear.hvWqMGkcXVEGC9y/rootfs/lib/firmware/radeon/bonaire_smc.bin'
'/lib/firmware/radeon/mullins_uvd.bin' -> '/tmp/rear.hvWqMGkcXVEGC9y/rootfs/lib/firmware/radeon/mullins_uvd.bin'
'/lib/firmware/radeon/bonaire_uvd.bin' -> '/tmp/rear.hvWqMGkcXVEGC9y/rootfs/lib/firmware/radeon/bonaire_uvd.bin'
'/lib/firmware/radeon/mullins_vce.bin' -> '/tmp/rear.hvWqMGkcXVEGC9y/rootfs/lib/firmware/radeon/mullins_vce.bin'
'/lib/firmware/radeon/bonaire_vce.bin' -> '/tmp/rear.hvWqMGkcXVEGC9y/rootfs/lib/firmware/radeon/bonaire_vce.bin'
'/lib/firmware/radeon/oland_ce.bin' -> '/tmp/rear.hvWqMGkcXVEGC9y/rootfs/lib/firmware/radeon/oland_ce.bin'
'/lib/firmware/radeon/hainan_ce.bin' -> '/tmp/rear.hvWqMGkcXVEGC9y/rootfs/lib/firmware/radeon/hainan_ce.bin'
'/lib/firmware/radeon/oland_k_smc.bin' -> '/tmp/rear.hvWqMGkcXVEGC9y/rootfs/lib/firmware/radeon/oland_k_smc.bin'
'/lib/firmware/radeon/hainan_k_smc.bin' -> '/tmp/rear.hvWqMGkcXVEGC9y/rootfs/lib/firmware/radeon/hainan_k_smc.bin'
'/lib/firmware/radeon/oland_mc.bin' -> '/tmp/rear.hvWqMGkcXVEGC9y/rootfs/lib/firmware/radeon/oland_mc.bin'
'/lib/firmware/radeon/hainan_mc.bin' -> '/tmp/rear.hvWqMGkcXVEGC9y/rootfs/lib/firmware/radeon/hainan_mc.bin'
'/lib/firmware/radeon/oland_me.bin' -> '/tmp/rear.hvWqMGkcXVEGC9y/rootfs/lib/firmware/radeon/oland_me.bin'
'/lib/firmware/radeon/hainan_me.bin' -> '/tmp/rear.hvWqMGkcXVEGC9y/rootfs/lib/firmware/radeon/hainan_me.bin'
'/lib/firmware/radeon/oland_pfp.bin' -> '/tmp/rear.hvWqMGkcXVEGC9y/rootfs/lib/firmware/radeon/oland_pfp.bin'
'/lib/firmware/radeon/hainan_pfp.bin' -> '/tmp/rear.hvWqMGkcXVEGC9y/rootfs/lib/firmware/radeon/hainan_pfp.bin'
'/lib/firmware/radeon/oland_rlc.bin' -> '/tmp/rear.hvWqMGkcXVEGC9y/rootfs/lib/firmware/radeon/oland_rlc.bin'
'/lib/firmware/radeon/hainan_rlc.bin' -> '/tmp/rear.hvWqMGkcXVEGC9y/rootfs/lib/firmware/radeon/hainan_rlc.bin'
'/lib/firmware/radeon/oland_smc.bin' -> '/tmp/rear.hvWqMGkcXVEGC9y/rootfs/lib/firmware/radeon/oland_smc.bin'
'/lib/firmware/radeon/hainan_smc.bin' -> '/tmp/rear.hvWqMGkcXVEGC9y/rootfs/lib/firmware/radeon/hainan_smc.bin'
'/lib/firmware/radeon/pitcairn_ce.bin' -> '/tmp/rear.hvWqMGkcXVEGC9y/rootfs/lib/firmware/radeon/pitcairn_ce.bin'
'/lib/firmware/radeon/hawaii_ce.bin' -> '/tmp/rear.hvWqMGkcXVEGC9y/rootfs/lib/firmware/radeon/hawaii_ce.bin'
'/lib/firmware/radeon/pitcairn_k_smc.bin' -> '/tmp/rear.hvWqMGkcXVEGC9y/rootfs/lib/firmware/radeon/pitcairn_k_smc.bin'
'/lib/firmware/radeon/hawaii_k_smc.bin' -> '/tmp/rear.hvWqMGkcXVEGC9y/rootfs/lib/firmware/radeon/hawaii_k_smc.bin'
'/lib/firmware/radeon/pitcairn_mc.bin' -> '/tmp/rear.hvWqMGkcXVEGC9y/rootfs/lib/firmware/radeon/pitcairn_mc.bin'
'/lib/firmware/radeon/hawaii_mc.bin' -> '/tmp/rear.hvWqMGkcXVEGC9y/rootfs/lib/firmware/radeon/hawaii_mc.bin'
'/lib/firmware/radeon/pitcairn_me.bin' -> '/tmp/rear.hvWqMGkcXVEGC9y/rootfs/lib/firmware/radeon/pitcairn_me.bin'
'/lib/firmware/radeon/hawaii_me.bin' -> '/tmp/rear.hvWqMGkcXVEGC9y/rootfs/lib/firmware/radeon/hawaii_me.bin'
'/lib/firmware/radeon/hawaii_mec.bin' -> '/tmp/rear.hvWqMGkcXVEGC9y/rootfs/lib/firmware/radeon/hawaii_mec.bin'
'/lib/firmware/radeon/pitcairn_pfp.bin' -> '/tmp/rear.hvWqMGkcXVEGC9y/rootfs/lib/firmware/radeon/pitcairn_pfp.bin'
'/lib/firmware/radeon/pitcairn_rlc.bin' -> '/tmp/rear.hvWqMGkcXVEGC9y/rootfs/lib/firmware/radeon/pitcairn_rlc.bin'
'/lib/firmware/radeon/pitcairn_smc.bin' -> '/tmp/rear.hvWqMGkcXVEGC9y/rootfs/lib/firmware/radeon/pitcairn_smc.bin'
'/lib/firmware/radeon/si58_mc.bin' -> '/tmp/rear.hvWqMGkcXVEGC9y/rootfs/lib/firmware/radeon/si58_mc.bin'
'/lib/firmware/radeon/tahiti_ce.bin' -> '/tmp/rear.hvWqMGkcXVEGC9y/rootfs/lib/firmware/radeon/tahiti_ce.bin'
'/lib/firmware/radeon/tahiti_k_smc.bin' -> '/tmp/rear.hvWqMGkcXVEGC9y/rootfs/lib/firmware/radeon/tahiti_k_smc.bin'
'/lib/firmware/radeon/tahiti_mc.bin' -> '/tmp/rear.hvWqMGkcXVEGC9y/rootfs/lib/firmware/radeon/tahiti_mc.bin'
'/lib/firmware/radeon/tahiti_me.bin' -> '/tmp/rear.hvWqMGkcXVEGC9y/rootfs/lib/firmware/radeon/tahiti_me.bin'
'/lib/firmware/radeon/tahiti_pfp.bin' -> '/tmp/rear.hvWqMGkcXVEGC9y/rootfs/lib/firmware/radeon/tahiti_pfp.bin'
'/lib/firmware/radeon/tahiti_rlc.bin' -> '/tmp/rear.hvWqMGkcXVEGC9y/rootfs/lib/firmware/radeon/tahiti_rlc.bin'
'/lib/firmware/radeon/tahiti_smc.bin' -> '/tmp/rear.hvWqMGkcXVEGC9y/rootfs/lib/firmware/radeon/tahiti_smc.bin'
'/lib/firmware/radeon/verde_ce.bin' -> '/tmp/rear.hvWqMGkcXVEGC9y/rootfs/lib/firmware/radeon/verde_ce.bin'
'/lib/firmware/radeon/verde_k_smc.bin' -> '/tmp/rear.hvWqMGkcXVEGC9y/rootfs/lib/firmware/radeon/verde_k_smc.bin'
'/lib/firmware/radeon/verde_mc.bin' -> '/tmp/rear.hvWqMGkcXVEGC9y/rootfs/lib/firmware/radeon/verde_mc.bin'
'/lib/firmware/radeon/verde_me.bin' -> '/tmp/rear.hvWqMGkcXVEGC9y/rootfs/lib/firmware/radeon/verde_me.bin'
'/lib/firmware/radeon/verde_pfp.bin' -> '/tmp/rear.hvWqMGkcXVEGC9y/rootfs/lib/firmware/radeon/verde_pfp.bin'
'/lib/firmware/radeon/verde_rlc.bin' -> '/tmp/rear.hvWqMGkcXVEGC9y/rootfs/lib/firmware/radeon/verde_rlc.bin'
'/lib/firmware/radeon/verde_smc.bin' -> '/tmp/rear.hvWqMGkcXVEGC9y/rootfs/lib/firmware/radeon/verde_smc.bin'
'/lib/firmware/rockchip' -> '/tmp/rear.hvWqMGkcXVEGC9y/rootfs/lib/firmware/rockchip'
'/lib/firmware/rockchip/dptx.bin' -> '/tmp/rear.hvWqMGkcXVEGC9y/rootfs/lib/firmware/rockchip/dptx.bin'
'/lib/firmware/iwlwifi-1000-3.ucode' -> '/tmp/rear.hvWqMGkcXVEGC9y/rootfs/lib/firmware/iwlwifi-1000-3.ucode'
'/lib/firmware/rp2.fw' -> '/tmp/rear.hvWqMGkcXVEGC9y/rootfs/lib/firmware/rp2.fw'
'/lib/firmware/iwlwifi-1000-5.ucode' -> '/tmp/rear.hvWqMGkcXVEGC9y/rootfs/lib/firmware/iwlwifi-1000-5.ucode'
'/lib/firmware/rsi_91x.fw' -> '/tmp/rear.hvWqMGkcXVEGC9y/rootfs/lib/firmware/rsi_91x.fw'
'/lib/firmware/iwlwifi-3945-2.ucode' -> '/tmp/rear.hvWqMGkcXVEGC9y/rootfs/lib/firmware/iwlwifi-3945-2.ucode'
'/lib/firmware/rt2561.bin' -> '/tmp/rear.hvWqMGkcXVEGC9y/rootfs/lib/firmware/rt2561.bin'
'/lib/firmware/iwlwifi-105-6.ucode' -> '/tmp/rear.hvWqMGkcXVEGC9y/rootfs/lib/firmware/iwlwifi-105-6.ucode'
'/lib/firmware/rt2561s.bin' -> '/tmp/rear.hvWqMGkcXVEGC9y/rootfs/lib/firmware/rt2561s.bin'
'/lib/firmware/iwlwifi-6000-4.ucode' -> '/tmp/rear.hvWqMGkcXVEGC9y/rootfs/lib/firmware/iwlwifi-6000-4.ucode'
'/lib/firmware/rt2661.bin' -> '/tmp/rear.hvWqMGkcXVEGC9y/rootfs/lib/firmware/rt2661.bin'
'/lib/firmware/iwlwifi-2000-6.ucode' -> '/tmp/rear.hvWqMGkcXVEGC9y/rootfs/lib/firmware/iwlwifi-2000-6.ucode'
'/lib/firmware/rt2860.bin' -> '/tmp/rear.hvWqMGkcXVEGC9y/rootfs/lib/firmware/rt2860.bin'
'/lib/firmware/v4l-cx2341x-dec.fw' -> '/tmp/rear.hvWqMGkcXVEGC9y/rootfs/lib/firmware/v4l-cx2341x-dec.fw'
'/lib/firmware/rt2870.bin' -> '/tmp/rear.hvWqMGkcXVEGC9y/rootfs/lib/firmware/rt2870.bin'
'/lib/firmware/v4l-cx2341x-enc.fw' -> '/tmp/rear.hvWqMGkcXVEGC9y/rootfs/lib/firmware/v4l-cx2341x-enc.fw'
'/lib/firmware/rt3070.bin' -> '/tmp/rear.hvWqMGkcXVEGC9y/rootfs/lib/firmware/rt3070.bin'
'/lib/firmware/v4l-cx2341x-init.mpg' -> '/tmp/rear.hvWqMGkcXVEGC9y/rootfs/lib/firmware/v4l-cx2341x-init.mpg'
'/lib/firmware/rt3071.bin' -> '/tmp/rear.hvWqMGkcXVEGC9y/rootfs/lib/firmware/rt3071.bin'
'/lib/firmware/v4l-cx25840.fw' -> '/tmp/rear.hvWqMGkcXVEGC9y/rootfs/lib/firmware/v4l-cx25840.fw'
'/lib/firmware/rt3090.bin' -> '/tmp/rear.hvWqMGkcXVEGC9y/rootfs/lib/firmware/rt3090.bin'
'/lib/firmware/iwlwifi-135-6.ucode' -> '/tmp/rear.hvWqMGkcXVEGC9y/rootfs/lib/firmware/iwlwifi-135-6.ucode'
'/lib/firmware/rt3290.bin' -> '/tmp/rear.hvWqMGkcXVEGC9y/rootfs/lib/firmware/rt3290.bin'
'/lib/firmware/iwlwifi-2030-6.ucode' -> '/tmp/rear.hvWqMGkcXVEGC9y/rootfs/lib/firmware/iwlwifi-2030-6.ucode'
'/lib/firmware/rt73.bin' -> '/tmp/rear.hvWqMGkcXVEGC9y/rootfs/lib/firmware/rt73.bin'
'/lib/firmware/rtl_bt' -> '/tmp/rear.hvWqMGkcXVEGC9y/rootfs/lib/firmware/rtl_bt'
'/lib/firmware/rtl_bt/rtl8192ee_fw.bin' -> '/tmp/rear.hvWqMGkcXVEGC9y/rootfs/lib/firmware/rtl_bt/rtl8192ee_fw.bin'
'/lib/firmware/rtl_bt/rtl8192eu_fw.bin' -> '/tmp/rear.hvWqMGkcXVEGC9y/rootfs/lib/firmware/rtl_bt/rtl8192eu_fw.bin'
'/lib/firmware/rtl_bt/rtl8723a_fw.bin' -> '/tmp/rear.hvWqMGkcXVEGC9y/rootfs/lib/firmware/rtl_bt/rtl8723a_fw.bin'
'/lib/firmware/rtl_bt/rtl8723b_fw.bin' -> '/tmp/rear.hvWqMGkcXVEGC9y/rootfs/lib/firmware/rtl_bt/rtl8723b_fw.bin'
'/lib/firmware/rtl_bt/rtl8723bs_config-OBDA8723.bin' -> '/tmp/rear.hvWqMGkcXVEGC9y/rootfs/lib/firmware/rtl_bt/rtl8723bs_config-OBDA8723.bin'
'/lib/firmware/rtl_bt/rtl8723bs_fw.bin' -> '/tmp/rear.hvWqMGkcXVEGC9y/rootfs/lib/firmware/rtl_bt/rtl8723bs_fw.bin'
'/lib/firmware/rtl_bt/rtl8723d_config.bin' -> '/tmp/rear.hvWqMGkcXVEGC9y/rootfs/lib/firmware/rtl_bt/rtl8723d_config.bin'
'/lib/firmware/rtl_bt/rtl8723d_fw.bin' -> '/tmp/rear.hvWqMGkcXVEGC9y/rootfs/lib/firmware/rtl_bt/rtl8723d_fw.bin'
'/lib/firmware/rtl_bt/rtl8761a_fw.bin' -> '/tmp/rear.hvWqMGkcXVEGC9y/rootfs/lib/firmware/rtl_bt/rtl8761a_fw.bin'
'/lib/firmware/rtl_bt/rtl8812ae_fw.bin' -> '/tmp/rear.hvWqMGkcXVEGC9y/rootfs/lib/firmware/rtl_bt/rtl8812ae_fw.bin'
'/lib/firmware/rtl_bt/rtl8821a_fw.bin' -> '/tmp/rear.hvWqMGkcXVEGC9y/rootfs/lib/firmware/rtl_bt/rtl8821a_fw.bin'
'/lib/firmware/rtl_bt/rtl8821c_config.bin' -> '/tmp/rear.hvWqMGkcXVEGC9y/rootfs/lib/firmware/rtl_bt/rtl8821c_config.bin'
'/lib/firmware/rtl_bt/rtl8821c_fw.bin' -> '/tmp/rear.hvWqMGkcXVEGC9y/rootfs/lib/firmware/rtl_bt/rtl8821c_fw.bin'
'/lib/firmware/rtl_bt/rtl8822b_config.bin' -> '/tmp/rear.hvWqMGkcXVEGC9y/rootfs/lib/firmware/rtl_bt/rtl8822b_config.bin'
'/lib/firmware/rtl_bt/rtl8822b_fw.bin' -> '/tmp/rear.hvWqMGkcXVEGC9y/rootfs/lib/firmware/rtl_bt/rtl8822b_fw.bin'
'/lib/firmware/rtl_bt/rtl8822cs_config.bin' -> '/tmp/rear.hvWqMGkcXVEGC9y/rootfs/lib/firmware/rtl_bt/rtl8822cs_config.bin'
'/lib/firmware/rtl_bt/rtl8822cs_fw.bin' -> '/tmp/rear.hvWqMGkcXVEGC9y/rootfs/lib/firmware/rtl_bt/rtl8822cs_fw.bin'
'/lib/firmware/rtl_bt/rtl8822cu_config.bin' -> '/tmp/rear.hvWqMGkcXVEGC9y/rootfs/lib/firmware/rtl_bt/rtl8822cu_config.bin'
'/lib/firmware/rtl_bt/rtl8822cu_fw.bin' -> '/tmp/rear.hvWqMGkcXVEGC9y/rootfs/lib/firmware/rtl_bt/rtl8822cu_fw.bin'
'/lib/firmware/rtl_nic' -> '/tmp/rear.hvWqMGkcXVEGC9y/rootfs/lib/firmware/rtl_nic'
'/lib/firmware/rtl_nic/rtl8105e-1.fw' -> '/tmp/rear.hvWqMGkcXVEGC9y/rootfs/lib/firmware/rtl_nic/rtl8105e-1.fw'
'/lib/firmware/rtl_nic/rtl8106e-1.fw' -> '/tmp/rear.hvWqMGkcXVEGC9y/rootfs/lib/firmware/rtl_nic/rtl8106e-1.fw'
'/lib/firmware/rtl_nic/rtl8106e-2.fw' -> '/tmp/rear.hvWqMGkcXVEGC9y/rootfs/lib/firmware/rtl_nic/rtl8106e-2.fw'
'/lib/firmware/rtl_nic/rtl8107e-1.fw' -> '/tmp/rear.hvWqMGkcXVEGC9y/rootfs/lib/firmware/rtl_nic/rtl8107e-1.fw'
'/lib/firmware/rtl_nic/rtl8107e-2.fw' -> '/tmp/rear.hvWqMGkcXVEGC9y/rootfs/lib/firmware/rtl_nic/rtl8107e-2.fw'
'/lib/firmware/rtl_nic/rtl8125a-3.fw' -> '/tmp/rear.hvWqMGkcXVEGC9y/rootfs/lib/firmware/rtl_nic/rtl8125a-3.fw'
'/lib/firmware/rtl_nic/rtl8153a-2.fw' -> '/tmp/rear.hvWqMGkcXVEGC9y/rootfs/lib/firmware/rtl_nic/rtl8153a-2.fw'
'/lib/firmware/rtl_nic/rtl8153a-3.fw' -> '/tmp/rear.hvWqMGkcXVEGC9y/rootfs/lib/firmware/rtl_nic/rtl8153a-3.fw'
'/lib/firmware/rtl_nic/rtl8153a-4.fw' -> '/tmp/rear.hvWqMGkcXVEGC9y/rootfs/lib/firmware/rtl_nic/rtl8153a-4.fw'
'/lib/firmware/rtl_nic/rtl8153b-2.fw' -> '/tmp/rear.hvWqMGkcXVEGC9y/rootfs/lib/firmware/rtl_nic/rtl8153b-2.fw'
'/lib/firmware/rtl_nic/rtl8168d-1.fw' -> '/tmp/rear.hvWqMGkcXVEGC9y/rootfs/lib/firmware/rtl_nic/rtl8168d-1.fw'
'/lib/firmware/rtl_nic/rtl8168d-2.fw' -> '/tmp/rear.hvWqMGkcXVEGC9y/rootfs/lib/firmware/rtl_nic/rtl8168d-2.fw'
'/lib/firmware/rtl_nic/rtl8168e-1.fw' -> '/tmp/rear.hvWqMGkcXVEGC9y/rootfs/lib/firmware/rtl_nic/rtl8168e-1.fw'
'/lib/firmware/rtl_nic/rtl8168e-2.fw' -> '/tmp/rear.hvWqMGkcXVEGC9y/rootfs/lib/firmware/rtl_nic/rtl8168e-2.fw'
'/lib/firmware/rtl_nic/rtl8168e-3.fw' -> '/tmp/rear.hvWqMGkcXVEGC9y/rootfs/lib/firmware/rtl_nic/rtl8168e-3.fw'
'/lib/firmware/rtl_nic/rtl8168f-1.fw' -> '/tmp/rear.hvWqMGkcXVEGC9y/rootfs/lib/firmware/rtl_nic/rtl8168f-1.fw'
'/lib/firmware/rtl_nic/rtl8168f-2.fw' -> '/tmp/rear.hvWqMGkcXVEGC9y/rootfs/lib/firmware/rtl_nic/rtl8168f-2.fw'
'/lib/firmware/rtl_nic/rtl8168fp-3.fw' -> '/tmp/rear.hvWqMGkcXVEGC9y/rootfs/lib/firmware/rtl_nic/rtl8168fp-3.fw'
'/lib/firmware/rtl_nic/rtl8168g-1.fw' -> '/tmp/rear.hvWqMGkcXVEGC9y/rootfs/lib/firmware/rtl_nic/rtl8168g-1.fw'
'/lib/firmware/rtl_nic/rtl8168g-2.fw' -> '/tmp/rear.hvWqMGkcXVEGC9y/rootfs/lib/firmware/rtl_nic/rtl8168g-2.fw'
'/lib/firmware/rtl_nic/rtl8168g-3.fw' -> '/tmp/rear.hvWqMGkcXVEGC9y/rootfs/lib/firmware/rtl_nic/rtl8168g-3.fw'
'/lib/firmware/rtl_nic/rtl8168h-1.fw' -> '/tmp/rear.hvWqMGkcXVEGC9y/rootfs/lib/firmware/rtl_nic/rtl8168h-1.fw'
'/lib/firmware/rtl_nic/rtl8168h-2.fw' -> '/tmp/rear.hvWqMGkcXVEGC9y/rootfs/lib/firmware/rtl_nic/rtl8168h-2.fw'
'/lib/firmware/rtl_nic/rtl8402-1.fw' -> '/tmp/rear.hvWqMGkcXVEGC9y/rootfs/lib/firmware/rtl_nic/rtl8402-1.fw'
'/lib/firmware/rtl_nic/rtl8411-1.fw' -> '/tmp/rear.hvWqMGkcXVEGC9y/rootfs/lib/firmware/rtl_nic/rtl8411-1.fw'
'/lib/firmware/rtl_nic/rtl8411-2.fw' -> '/tmp/rear.hvWqMGkcXVEGC9y/rootfs/lib/firmware/rtl_nic/rtl8411-2.fw'
'/lib/firmware/rtlwifi' -> '/tmp/rear.hvWqMGkcXVEGC9y/rootfs/lib/firmware/rtlwifi'
'/lib/firmware/rtlwifi/rtl8188efw.bin' -> '/tmp/rear.hvWqMGkcXVEGC9y/rootfs/lib/firmware/rtlwifi/rtl8188efw.bin'
'/lib/firmware/rtlwifi/rtl8188eufw.bin' -> '/tmp/rear.hvWqMGkcXVEGC9y/rootfs/lib/firmware/rtlwifi/rtl8188eufw.bin'
'/lib/firmware/rtlwifi/rtl8192cfw.bin' -> '/tmp/rear.hvWqMGkcXVEGC9y/rootfs/lib/firmware/rtlwifi/rtl8192cfw.bin'
'/lib/firmware/rtlwifi/rtl8192cfwU.bin' -> '/tmp/rear.hvWqMGkcXVEGC9y/rootfs/lib/firmware/rtlwifi/rtl8192cfwU.bin'
'/lib/firmware/rtlwifi/rtl8192cfwU_B.bin' -> '/tmp/rear.hvWqMGkcXVEGC9y/rootfs/lib/firmware/rtlwifi/rtl8192cfwU_B.bin'
'/lib/firmware/rtlwifi/rtl8192cufw.bin' -> '/tmp/rear.hvWqMGkcXVEGC9y/rootfs/lib/firmware/rtlwifi/rtl8192cufw.bin'
'/lib/firmware/rtlwifi/rtl8192cufw_A.bin' -> '/tmp/rear.hvWqMGkcXVEGC9y/rootfs/lib/firmware/rtlwifi/rtl8192cufw_A.bin'
'/lib/firmware/rtlwifi/rtl8192cufw_B.bin' -> '/tmp/rear.hvWqMGkcXVEGC9y/rootfs/lib/firmware/rtlwifi/rtl8192cufw_B.bin'
'/lib/firmware/rtlwifi/rtl8192cufw_TMSC.bin' -> '/tmp/rear.hvWqMGkcXVEGC9y/rootfs/lib/firmware/rtlwifi/rtl8192cufw_TMSC.bin'
'/lib/firmware/rtlwifi/rtl8192defw.bin' -> '/tmp/rear.hvWqMGkcXVEGC9y/rootfs/lib/firmware/rtlwifi/rtl8192defw.bin'
'/lib/firmware/rtlwifi/rtl8192eefw.bin' -> '/tmp/rear.hvWqMGkcXVEGC9y/rootfs/lib/firmware/rtlwifi/rtl8192eefw.bin'
'/lib/firmware/rtlwifi/rtl8192eu_ap_wowlan.bin' -> '/tmp/rear.hvWqMGkcXVEGC9y/rootfs/lib/firmware/rtlwifi/rtl8192eu_ap_wowlan.bin'
'/lib/firmware/rtlwifi/rtl8192eu_nic.bin' -> '/tmp/rear.hvWqMGkcXVEGC9y/rootfs/lib/firmware/rtlwifi/rtl8192eu_nic.bin'
'/lib/firmware/rtlwifi/rtl8192eu_wowlan.bin' -> '/tmp/rear.hvWqMGkcXVEGC9y/rootfs/lib/firmware/rtlwifi/rtl8192eu_wowlan.bin'
'/lib/firmware/rtlwifi/rtl8192sefw.bin' -> '/tmp/rear.hvWqMGkcXVEGC9y/rootfs/lib/firmware/rtlwifi/rtl8192sefw.bin'
'/lib/firmware/rtlwifi/rtl8712u.bin' -> '/tmp/rear.hvWqMGkcXVEGC9y/rootfs/lib/firmware/rtlwifi/rtl8712u.bin'
'/lib/firmware/rtlwifi/rtl8723aufw_A.bin' -> '/tmp/rear.hvWqMGkcXVEGC9y/rootfs/lib/firmware/rtlwifi/rtl8723aufw_A.bin'
'/lib/firmware/rtlwifi/rtl8723aufw_B.bin' -> '/tmp/rear.hvWqMGkcXVEGC9y/rootfs/lib/firmware/rtlwifi/rtl8723aufw_B.bin'
'/lib/firmware/rtlwifi/rtl8723aufw_B_NoBT.bin' -> '/tmp/rear.hvWqMGkcXVEGC9y/rootfs/lib/firmware/rtlwifi/rtl8723aufw_B_NoBT.bin'
'/lib/firmware/rtlwifi/rtl8723befw.bin' -> '/tmp/rear.hvWqMGkcXVEGC9y/rootfs/lib/firmware/rtlwifi/rtl8723befw.bin'
'/lib/firmware/rtlwifi/rtl8723befw_36.bin' -> '/tmp/rear.hvWqMGkcXVEGC9y/rootfs/lib/firmware/rtlwifi/rtl8723befw_36.bin'
'/lib/firmware/rtlwifi/rtl8723bs_ap_wowlan.bin' -> '/tmp/rear.hvWqMGkcXVEGC9y/rootfs/lib/firmware/rtlwifi/rtl8723bs_ap_wowlan.bin'
'/lib/firmware/rtlwifi/rtl8723bs_bt.bin' -> '/tmp/rear.hvWqMGkcXVEGC9y/rootfs/lib/firmware/rtlwifi/rtl8723bs_bt.bin'
'/lib/firmware/rtlwifi/rtl8723bs_nic.bin' -> '/tmp/rear.hvWqMGkcXVEGC9y/rootfs/lib/firmware/rtlwifi/rtl8723bs_nic.bin'
'/lib/firmware/rtlwifi/rtl8723bs_wowlan.bin' -> '/tmp/rear.hvWqMGkcXVEGC9y/rootfs/lib/firmware/rtlwifi/rtl8723bs_wowlan.bin'
'/lib/firmware/rtlwifi/rtl8723bu_ap_wowlan.bin' -> '/tmp/rear.hvWqMGkcXVEGC9y/rootfs/lib/firmware/rtlwifi/rtl8723bu_ap_wowlan.bin'
'/lib/firmware/rtlwifi/rtl8723bu_nic.bin' -> '/tmp/rear.hvWqMGkcXVEGC9y/rootfs/lib/firmware/rtlwifi/rtl8723bu_nic.bin'
'/lib/firmware/rtlwifi/rtl8723bu_wowlan.bin' -> '/tmp/rear.hvWqMGkcXVEGC9y/rootfs/lib/firmware/rtlwifi/rtl8723bu_wowlan.bin'
'/lib/firmware/rtlwifi/rtl8723defw.bin' -> '/tmp/rear.hvWqMGkcXVEGC9y/rootfs/lib/firmware/rtlwifi/rtl8723defw.bin'
'/lib/firmware/rtlwifi/rtl8723fw.bin' -> '/tmp/rear.hvWqMGkcXVEGC9y/rootfs/lib/firmware/rtlwifi/rtl8723fw.bin'
'/lib/firmware/rtlwifi/rtl8723fw_B.bin' -> '/tmp/rear.hvWqMGkcXVEGC9y/rootfs/lib/firmware/rtlwifi/rtl8723fw_B.bin'
'/lib/firmware/rtlwifi/rtl8812aefw.bin' -> '/tmp/rear.hvWqMGkcXVEGC9y/rootfs/lib/firmware/rtlwifi/rtl8812aefw.bin'
'/lib/firmware/rtlwifi/rtl8812aefw_wowlan.bin' -> '/tmp/rear.hvWqMGkcXVEGC9y/rootfs/lib/firmware/rtlwifi/rtl8812aefw_wowlan.bin'
'/lib/firmware/rtlwifi/rtl8821aefw.bin' -> '/tmp/rear.hvWqMGkcXVEGC9y/rootfs/lib/firmware/rtlwifi/rtl8821aefw.bin'
'/lib/firmware/rtlwifi/rtl8821aefw_29.bin' -> '/tmp/rear.hvWqMGkcXVEGC9y/rootfs/lib/firmware/rtlwifi/rtl8821aefw_29.bin'
'/lib/firmware/rtlwifi/rtl8821aefw_wowlan.bin' -> '/tmp/rear.hvWqMGkcXVEGC9y/rootfs/lib/firmware/rtlwifi/rtl8821aefw_wowlan.bin'
'/lib/firmware/rtlwifi/rtl8822befw.bin' -> '/tmp/rear.hvWqMGkcXVEGC9y/rootfs/lib/firmware/rtlwifi/rtl8822befw.bin'
'/lib/firmware/rtw88' -> '/tmp/rear.hvWqMGkcXVEGC9y/rootfs/lib/firmware/rtw88'
'/lib/firmware/rtw88/README' -> '/tmp/rear.hvWqMGkcXVEGC9y/rootfs/lib/firmware/rtw88/README'
'/lib/firmware/rtw88/rtw8723d_fw.bin' -> '/tmp/rear.hvWqMGkcXVEGC9y/rootfs/lib/firmware/rtw88/rtw8723d_fw.bin'
'/lib/firmware/rtw88/rtw8822b_fw.bin' -> '/tmp/rear.hvWqMGkcXVEGC9y/rootfs/lib/firmware/rtw88/rtw8822b_fw.bin'
'/lib/firmware/rtw88/rtw8822c_fw.bin' -> '/tmp/rear.hvWqMGkcXVEGC9y/rootfs/lib/firmware/rtw88/rtw8822c_fw.bin'
'/lib/firmware/rtw88/rtw8822c_wow_fw.bin' -> '/tmp/rear.hvWqMGkcXVEGC9y/rootfs/lib/firmware/rtw88/rtw8822c_wow_fw.bin'
'/lib/firmware/iwlwifi-7260-7.ucode' -> '/tmp/rear.hvWqMGkcXVEGC9y/rootfs/lib/firmware/iwlwifi-7260-7.ucode'
'/lib/firmware/s2250.fw' -> '/tmp/rear.hvWqMGkcXVEGC9y/rootfs/lib/firmware/s2250.fw'
'/lib/firmware/regulatory.db.p7s' -> '/tmp/rear.hvWqMGkcXVEGC9y/rootfs/lib/firmware/regulatory.db.p7s'
'/lib/firmware/s2250_loader.fw' -> '/tmp/rear.hvWqMGkcXVEGC9y/rootfs/lib/firmware/s2250_loader.fw'
'/lib/firmware/iwlwifi-3160-10.ucode' -> '/tmp/rear.hvWqMGkcXVEGC9y/rootfs/lib/firmware/iwlwifi-3160-10.ucode'
'/lib/firmware/s5p-mfc-v6-v2.fw' -> '/tmp/rear.hvWqMGkcXVEGC9y/rootfs/lib/firmware/s5p-mfc-v6-v2.fw'
'/lib/firmware/iwlwifi-4965-2.ucode' -> '/tmp/rear.hvWqMGkcXVEGC9y/rootfs/lib/firmware/iwlwifi-4965-2.ucode'
'/lib/firmware/s5p-mfc-v6.fw' -> '/tmp/rear.hvWqMGkcXVEGC9y/rootfs/lib/firmware/s5p-mfc-v6.fw'
'/lib/firmware/iwlwifi-3160-12.ucode' -> '/tmp/rear.hvWqMGkcXVEGC9y/rootfs/lib/firmware/iwlwifi-3160-12.ucode'
'/lib/firmware/s5p-mfc-v7.fw' -> '/tmp/rear.hvWqMGkcXVEGC9y/rootfs/lib/firmware/s5p-mfc-v7.fw'
'/lib/firmware/iwlwifi-3160-13.ucode' -> '/tmp/rear.hvWqMGkcXVEGC9y/rootfs/lib/firmware/iwlwifi-3160-13.ucode'
'/lib/firmware/s5p-mfc-v8.fw' -> '/tmp/rear.hvWqMGkcXVEGC9y/rootfs/lib/firmware/s5p-mfc-v8.fw'
'/lib/firmware/iwlwifi-7260-8.ucode' -> '/tmp/rear.hvWqMGkcXVEGC9y/rootfs/lib/firmware/iwlwifi-7260-8.ucode'
'/lib/firmware/s5p-mfc.fw' -> '/tmp/rear.hvWqMGkcXVEGC9y/rootfs/lib/firmware/s5p-mfc.fw'
'/lib/firmware/aica_firmware.bin' -> '/tmp/rear.hvWqMGkcXVEGC9y/rootfs/lib/firmware/aica_firmware.bin'
'/lib/firmware/sdd_sagrad_1091_1098.bin' -> '/tmp/rear.hvWqMGkcXVEGC9y/rootfs/lib/firmware/sdd_sagrad_1091_1098.bin'
'/lib/firmware/slicoss' -> '/tmp/rear.hvWqMGkcXVEGC9y/rootfs/lib/firmware/slicoss'
'/lib/firmware/slicoss/gbdownload.sys' -> '/tmp/rear.hvWqMGkcXVEGC9y/rootfs/lib/firmware/slicoss/gbdownload.sys'
'/lib/firmware/slicoss/gbrcvucode.sys' -> '/tmp/rear.hvWqMGkcXVEGC9y/rootfs/lib/firmware/slicoss/gbrcvucode.sys'
'/lib/firmware/slicoss/oasisdbgdownload.sys' -> '/tmp/rear.hvWqMGkcXVEGC9y/rootfs/lib/firmware/slicoss/oasisdbgdownload.sys'
'/lib/firmware/slicoss/oasisdownload.sys' -> '/tmp/rear.hvWqMGkcXVEGC9y/rootfs/lib/firmware/slicoss/oasisdownload.sys'
'/lib/firmware/slicoss/oasisrcvucode.sys' -> '/tmp/rear.hvWqMGkcXVEGC9y/rootfs/lib/firmware/slicoss/oasisrcvucode.sys'
'/lib/firmware/v4l-cx23885-avcore-01.fw' -> '/tmp/rear.hvWqMGkcXVEGC9y/rootfs/lib/firmware/v4l-cx23885-avcore-01.fw'
'/lib/firmware/sms1xxx-hcw-55xxx-dvbt-02.fw' -> '/tmp/rear.hvWqMGkcXVEGC9y/rootfs/lib/firmware/sms1xxx-hcw-55xxx-dvbt-02.fw'
'/lib/firmware/asihpi' -> '/tmp/rear.hvWqMGkcXVEGC9y/rootfs/lib/firmware/asihpi'
'/lib/firmware/asihpi/dsp2400.bin' -> '/tmp/rear.hvWqMGkcXVEGC9y/rootfs/lib/firmware/asihpi/dsp2400.bin'
'/lib/firmware/asihpi/dsp5000.bin' -> '/tmp/rear.hvWqMGkcXVEGC9y/rootfs/lib/firmware/asihpi/dsp5000.bin'
'/lib/firmware/asihpi/dsp6200.bin' -> '/tmp/rear.hvWqMGkcXVEGC9y/rootfs/lib/firmware/asihpi/dsp6200.bin'
'/lib/firmware/asihpi/dsp6205.bin' -> '/tmp/rear.hvWqMGkcXVEGC9y/rootfs/lib/firmware/asihpi/dsp6205.bin'
'/lib/firmware/asihpi/dsp6400.bin' -> '/tmp/rear.hvWqMGkcXVEGC9y/rootfs/lib/firmware/asihpi/dsp6400.bin'
'/lib/firmware/asihpi/dsp6600.bin' -> '/tmp/rear.hvWqMGkcXVEGC9y/rootfs/lib/firmware/asihpi/dsp6600.bin'
'/lib/firmware/asihpi/dsp8700.bin' -> '/tmp/rear.hvWqMGkcXVEGC9y/rootfs/lib/firmware/asihpi/dsp8700.bin'
'/lib/firmware/asihpi/dsp8900.bin' -> '/tmp/rear.hvWqMGkcXVEGC9y/rootfs/lib/firmware/asihpi/dsp8900.bin'
'/lib/firmware/iwlwifi-7260-9.ucode' -> '/tmp/rear.hvWqMGkcXVEGC9y/rootfs/lib/firmware/iwlwifi-7260-9.ucode'
'/lib/firmware/sms1xxx-hcw-55xxx-isdbt-02.fw' -> '/tmp/rear.hvWqMGkcXVEGC9y/rootfs/lib/firmware/sms1xxx-hcw-55xxx-isdbt-02.fw'
'/lib/firmware/cs46xx' -> '/tmp/rear.hvWqMGkcXVEGC9y/rootfs/lib/firmware/cs46xx'
'/lib/firmware/cs46xx/ba1' -> '/tmp/rear.hvWqMGkcXVEGC9y/rootfs/lib/firmware/cs46xx/ba1'
'/lib/firmware/cs46xx/cwc4630' -> '/tmp/rear.hvWqMGkcXVEGC9y/rootfs/lib/firmware/cs46xx/cwc4630'
'/lib/firmware/cs46xx/cwcasync' -> '/tmp/rear.hvWqMGkcXVEGC9y/rootfs/lib/firmware/cs46xx/cwcasync'
'/lib/firmware/cs46xx/cwcbinhack' -> '/tmp/rear.hvWqMGkcXVEGC9y/rootfs/lib/firmware/cs46xx/cwcbinhack'
'/lib/firmware/cs46xx/cwcdma' -> '/tmp/rear.hvWqMGkcXVEGC9y/rootfs/lib/firmware/cs46xx/cwcdma'
'/lib/firmware/cs46xx/cwcsnoop' -> '/tmp/rear.hvWqMGkcXVEGC9y/rootfs/lib/firmware/cs46xx/cwcsnoop'
'/lib/firmware/sms1xxx-nova-a-dvbt-01.fw' -> '/tmp/rear.hvWqMGkcXVEGC9y/rootfs/lib/firmware/sms1xxx-nova-a-dvbt-01.fw'
'/lib/firmware/digiface_firmware_rev11.bin' -> '/tmp/rear.hvWqMGkcXVEGC9y/rootfs/lib/firmware/digiface_firmware_rev11.bin'
'/lib/firmware/sms1xxx-nova-b-dvbt-01.fw' -> '/tmp/rear.hvWqMGkcXVEGC9y/rootfs/lib/firmware/sms1xxx-nova-b-dvbt-01.fw'
'/lib/firmware/digiface_firmware.bin' -> '/tmp/rear.hvWqMGkcXVEGC9y/rootfs/lib/firmware/digiface_firmware.bin'
'/lib/firmware/sms1xxx-stellar-dvbt-01.fw' -> '/tmp/rear.hvWqMGkcXVEGC9y/rootfs/lib/firmware/sms1xxx-stellar-dvbt-01.fw'
'/lib/firmware/iwlwifi-3160-16.ucode' -> '/tmp/rear.hvWqMGkcXVEGC9y/rootfs/lib/firmware/iwlwifi-3160-16.ucode'
'/lib/firmware/tdmb_nova_12mhz.inp' -> '/tmp/rear.hvWqMGkcXVEGC9y/rootfs/lib/firmware/tdmb_nova_12mhz.inp'
'/lib/firmware/tehuti' -> '/tmp/rear.hvWqMGkcXVEGC9y/rootfs/lib/firmware/tehuti'
'/lib/firmware/tehuti/bdx.bin' -> '/tmp/rear.hvWqMGkcXVEGC9y/rootfs/lib/firmware/tehuti/bdx.bin'
'/lib/firmware/ti-keystone' -> '/tmp/rear.hvWqMGkcXVEGC9y/rootfs/lib/firmware/ti-keystone'
'/lib/firmware/ti-keystone/ks2_qmss_pdsp_acc48_k2_le_1_0_0_9.bin' -> '/tmp/rear.hvWqMGkcXVEGC9y/rootfs/lib/firmware/ti-keystone/ks2_qmss_pdsp_acc48_k2_le_1_0_0_9.bin'
'/lib/firmware/iwlwifi-7265-8.ucode' -> '/tmp/rear.hvWqMGkcXVEGC9y/rootfs/lib/firmware/iwlwifi-7265-8.ucode'
'/lib/firmware/ti_3410.fw' -> '/tmp/rear.hvWqMGkcXVEGC9y/rootfs/lib/firmware/ti_3410.fw'
'/lib/firmware/iwlwifi-7265-9.ucode' -> '/tmp/rear.hvWqMGkcXVEGC9y/rootfs/lib/firmware/iwlwifi-7265-9.ucode'
'/lib/firmware/ti_5052.fw' -> '/tmp/rear.hvWqMGkcXVEGC9y/rootfs/lib/firmware/ti_5052.fw'
'/lib/firmware/tigon' -> '/tmp/rear.hvWqMGkcXVEGC9y/rootfs/lib/firmware/tigon'
'/lib/firmware/tigon/tg3.bin' -> '/tmp/rear.hvWqMGkcXVEGC9y/rootfs/lib/firmware/tigon/tg3.bin'
'/lib/firmware/tigon/tg357766.bin' -> '/tmp/rear.hvWqMGkcXVEGC9y/rootfs/lib/firmware/tigon/tg357766.bin'
'/lib/firmware/tigon/tg3_tso.bin' -> '/tmp/rear.hvWqMGkcXVEGC9y/rootfs/lib/firmware/tigon/tg3_tso.bin'
'/lib/firmware/tigon/tg3_tso5.bin' -> '/tmp/rear.hvWqMGkcXVEGC9y/rootfs/lib/firmware/tigon/tg3_tso5.bin'
'/lib/firmware/multiface_firmware_rev11.bin' -> '/tmp/rear.hvWqMGkcXVEGC9y/rootfs/lib/firmware/multiface_firmware_rev11.bin'
'/lib/firmware/tlg2300_firmware.bin' -> '/tmp/rear.hvWqMGkcXVEGC9y/rootfs/lib/firmware/tlg2300_firmware.bin'
'/lib/firmware/iwlwifi-3160-17.ucode' -> '/tmp/rear.hvWqMGkcXVEGC9y/rootfs/lib/firmware/iwlwifi-3160-17.ucode'
'/lib/firmware/tr_smctr.bin' -> '/tmp/rear.hvWqMGkcXVEGC9y/rootfs/lib/firmware/tr_smctr.bin'
'/lib/firmware/ttusb-budget' -> '/tmp/rear.hvWqMGkcXVEGC9y/rootfs/lib/firmware/ttusb-budget'
'/lib/firmware/ttusb-budget/dspbootcode.bin' -> '/tmp/rear.hvWqMGkcXVEGC9y/rootfs/lib/firmware/ttusb-budget/dspbootcode.bin'
'/lib/firmware/ueagle-atm' -> '/tmp/rear.hvWqMGkcXVEGC9y/rootfs/lib/firmware/ueagle-atm'
'/lib/firmware/ueagle-atm/930-fpga.bin' -> '/tmp/rear.hvWqMGkcXVEGC9y/rootfs/lib/firmware/ueagle-atm/930-fpga.bin'
'/lib/firmware/ueagle-atm/CMV4p.bin.v2' -> '/tmp/rear.hvWqMGkcXVEGC9y/rootfs/lib/firmware/ueagle-atm/CMV4p.bin.v2'
'/lib/firmware/ueagle-atm/CMV9i.bin' -> '/tmp/rear.hvWqMGkcXVEGC9y/rootfs/lib/firmware/ueagle-atm/CMV9i.bin'
'/lib/firmware/ueagle-atm/CMV9p.bin' -> '/tmp/rear.hvWqMGkcXVEGC9y/rootfs/lib/firmware/ueagle-atm/CMV9p.bin'
'/lib/firmware/ueagle-atm/CMVei.bin' -> '/tmp/rear.hvWqMGkcXVEGC9y/rootfs/lib/firmware/ueagle-atm/CMVei.bin'
'/lib/firmware/ueagle-atm/CMVeiWO.bin' -> '/tmp/rear.hvWqMGkcXVEGC9y/rootfs/lib/firmware/ueagle-atm/CMVeiWO.bin'
'/lib/firmware/ueagle-atm/CMVep.bin' -> '/tmp/rear.hvWqMGkcXVEGC9y/rootfs/lib/firmware/ueagle-atm/CMVep.bin'
'/lib/firmware/ueagle-atm/CMVepES.bin' -> '/tmp/rear.hvWqMGkcXVEGC9y/rootfs/lib/firmware/ueagle-atm/CMVepES.bin'
'/lib/firmware/ueagle-atm/CMVepES03.bin' -> '/tmp/rear.hvWqMGkcXVEGC9y/rootfs/lib/firmware/ueagle-atm/CMVepES03.bin'
'/lib/firmware/ueagle-atm/CMVepFR.bin' -> '/tmp/rear.hvWqMGkcXVEGC9y/rootfs/lib/firmware/ueagle-atm/CMVepFR.bin'
'/lib/firmware/ueagle-atm/CMVepFR04.bin' -> '/tmp/rear.hvWqMGkcXVEGC9y/rootfs/lib/firmware/ueagle-atm/CMVepFR04.bin'
'/lib/firmware/ueagle-atm/CMVepFR10.bin' -> '/tmp/rear.hvWqMGkcXVEGC9y/rootfs/lib/firmware/ueagle-atm/CMVepFR10.bin'
'/lib/firmware/ueagle-atm/CMVepIT.bin' -> '/tmp/rear.hvWqMGkcXVEGC9y/rootfs/lib/firmware/ueagle-atm/CMVepIT.bin'
'/lib/firmware/ueagle-atm/CMVepWO.bin' -> '/tmp/rear.hvWqMGkcXVEGC9y/rootfs/lib/firmware/ueagle-atm/CMVepWO.bin'
'/lib/firmware/ueagle-atm/DSP4p.bin' -> '/tmp/rear.hvWqMGkcXVEGC9y/rootfs/lib/firmware/ueagle-atm/DSP4p.bin'
'/lib/firmware/ueagle-atm/DSP9i.bin' -> '/tmp/rear.hvWqMGkcXVEGC9y/rootfs/lib/firmware/ueagle-atm/DSP9i.bin'
'/lib/firmware/ueagle-atm/DSP9p.bin' -> '/tmp/rear.hvWqMGkcXVEGC9y/rootfs/lib/firmware/ueagle-atm/DSP9p.bin'
'/lib/firmware/ueagle-atm/DSPei.bin' -> '/tmp/rear.hvWqMGkcXVEGC9y/rootfs/lib/firmware/ueagle-atm/DSPei.bin'
'/lib/firmware/ueagle-atm/DSPep.bin' -> '/tmp/rear.hvWqMGkcXVEGC9y/rootfs/lib/firmware/ueagle-atm/DSPep.bin'
'/lib/firmware/ueagle-atm/adi930.fw' -> '/tmp/rear.hvWqMGkcXVEGC9y/rootfs/lib/firmware/ueagle-atm/adi930.fw'
'/lib/firmware/ueagle-atm/eagleI.fw' -> '/tmp/rear.hvWqMGkcXVEGC9y/rootfs/lib/firmware/ueagle-atm/eagleI.fw'
'/lib/firmware/ueagle-atm/eagleII.fw' -> '/tmp/rear.hvWqMGkcXVEGC9y/rootfs/lib/firmware/ueagle-atm/eagleII.fw'
'/lib/firmware/ueagle-atm/eagleIII.fw' -> '/tmp/rear.hvWqMGkcXVEGC9y/rootfs/lib/firmware/ueagle-atm/eagleIII.fw'
'/lib/firmware/ueagle-atm/eagleIV.fw' -> '/tmp/rear.hvWqMGkcXVEGC9y/rootfs/lib/firmware/ueagle-atm/eagleIV.fw'
'/lib/firmware/updates' -> '/tmp/rear.hvWqMGkcXVEGC9y/rootfs/lib/firmware/updates'
'/lib/firmware/iwlwifi-3160-7.ucode' -> '/tmp/rear.hvWqMGkcXVEGC9y/rootfs/lib/firmware/iwlwifi-3160-7.ucode'
'/lib/firmware/usbdux_firmware.bin' -> '/tmp/rear.hvWqMGkcXVEGC9y/rootfs/lib/firmware/usbdux_firmware.bin'
'/lib/firmware/mixart' -> '/tmp/rear.hvWqMGkcXVEGC9y/rootfs/lib/firmware/mixart'
'/lib/firmware/mixart/miXart8.elf' -> '/tmp/rear.hvWqMGkcXVEGC9y/rootfs/lib/firmware/mixart/miXart8.elf'
'/lib/firmware/mixart/miXart8.xlx' -> '/tmp/rear.hvWqMGkcXVEGC9y/rootfs/lib/firmware/mixart/miXart8.xlx'
'/lib/firmware/mixart/miXart8AES.xlx' -> '/tmp/rear.hvWqMGkcXVEGC9y/rootfs/lib/firmware/mixart/miXart8AES.xlx'
'/lib/firmware/usbduxfast_firmware.bin' -> '/tmp/rear.hvWqMGkcXVEGC9y/rootfs/lib/firmware/usbduxfast_firmware.bin'
'/lib/firmware/multiface_firmware.bin' -> '/tmp/rear.hvWqMGkcXVEGC9y/rootfs/lib/firmware/multiface_firmware.bin'
'/lib/firmware/usbduxsigma_firmware.bin' -> '/tmp/rear.hvWqMGkcXVEGC9y/rootfs/lib/firmware/usbduxsigma_firmware.bin'
'/lib/firmware/iwlwifi-3160-8.ucode' -> '/tmp/rear.hvWqMGkcXVEGC9y/rootfs/lib/firmware/iwlwifi-3160-8.ucode'
'/lib/firmware/iwlwifi-9000-pu-b0-jf-b0-46.ucode' -> '/tmp/rear.hvWqMGkcXVEGC9y/rootfs/lib/firmware/iwlwifi-9000-pu-b0-jf-b0-46.ucode'
'/lib/firmware/iwlwifi-3168-21.ucode' -> '/tmp/rear.hvWqMGkcXVEGC9y/rootfs/lib/firmware/iwlwifi-3168-21.ucode'
'/lib/firmware/iwlwifi-9260-th-b0-jf-b0-33.ucode' -> '/tmp/rear.hvWqMGkcXVEGC9y/rootfs/lib/firmware/iwlwifi-9260-th-b0-jf-b0-33.ucode'
'/lib/firmware/iwlwifi-3168-22.ucode' -> '/tmp/rear.hvWqMGkcXVEGC9y/rootfs/lib/firmware/iwlwifi-3168-22.ucode'
'/lib/firmware/iwlwifi-9260-th-b0-jf-b0-34.ucode' -> '/tmp/rear.hvWqMGkcXVEGC9y/rootfs/lib/firmware/iwlwifi-9260-th-b0-jf-b0-34.ucode'
'/lib/firmware/iwlwifi-3168-27.ucode' -> '/tmp/rear.hvWqMGkcXVEGC9y/rootfs/lib/firmware/iwlwifi-3168-27.ucode'
'/lib/firmware/iwlwifi-9260-th-b0-jf-b0-38.ucode' -> '/tmp/rear.hvWqMGkcXVEGC9y/rootfs/lib/firmware/iwlwifi-9260-th-b0-jf-b0-38.ucode'
'/lib/firmware/iwlwifi-3168-29.ucode' -> '/tmp/rear.hvWqMGkcXVEGC9y/rootfs/lib/firmware/iwlwifi-3168-29.ucode'
'/lib/firmware/iwlwifi-9260-th-b0-jf-b0-41.ucode' -> '/tmp/rear.hvWqMGkcXVEGC9y/rootfs/lib/firmware/iwlwifi-9260-th-b0-jf-b0-41.ucode'
'/lib/firmware/iwlwifi-6000g2b-5.ucode' -> '/tmp/rear.hvWqMGkcXVEGC9y/rootfs/lib/firmware/iwlwifi-6000g2b-5.ucode'
'/lib/firmware/iwlwifi-9260-th-b0-jf-b0-43.ucode' -> '/tmp/rear.hvWqMGkcXVEGC9y/rootfs/lib/firmware/iwlwifi-9260-th-b0-jf-b0-43.ucode'
'/lib/firmware/iwlwifi-6000g2b-6.ucode' -> '/tmp/rear.hvWqMGkcXVEGC9y/rootfs/lib/firmware/iwlwifi-6000g2b-6.ucode'
'/lib/firmware/iwlwifi-9000-pu-b0-jf-b0-34.ucode' -> '/tmp/rear.hvWqMGkcXVEGC9y/rootfs/lib/firmware/iwlwifi-9000-pu-b0-jf-b0-34.ucode'
'/lib/firmware/ivtv-firmware-license-end-user.txt' -> '/tmp/rear.hvWqMGkcXVEGC9y/rootfs/lib/firmware/ivtv-firmware-license-end-user.txt'
'/lib/firmware/iwlwifi-9000-pu-b0-jf-b0-38.ucode' -> '/tmp/rear.hvWqMGkcXVEGC9y/rootfs/lib/firmware/iwlwifi-9000-pu-b0-jf-b0-38.ucode'
'/lib/firmware/ivtv-firmware-license-oemihvisv.txt' -> '/tmp/rear.hvWqMGkcXVEGC9y/rootfs/lib/firmware/ivtv-firmware-license-oemihvisv.txt'
'/lib/firmware/iwlwifi-9260-th-b0-jf-b0-46.ucode' -> '/tmp/rear.hvWqMGkcXVEGC9y/rootfs/lib/firmware/iwlwifi-9260-th-b0-jf-b0-46.ucode'
'/lib/firmware/v4l-pvrusb2-24xxx-01.fw' -> '/tmp/rear.hvWqMGkcXVEGC9y/rootfs/lib/firmware/v4l-pvrusb2-24xxx-01.fw'
'/lib/firmware/iwlwifi-Qu-b0-hr-b0-48.ucode' -> '/tmp/rear.hvWqMGkcXVEGC9y/rootfs/lib/firmware/iwlwifi-Qu-b0-hr-b0-48.ucode'
'/lib/firmware/v4l-pvrusb2-29xxx-01.fw' -> '/tmp/rear.hvWqMGkcXVEGC9y/rootfs/lib/firmware/v4l-pvrusb2-29xxx-01.fw'
'/lib/firmware/iwlwifi-Qu-b0-jf-b0-48.ucode' -> '/tmp/rear.hvWqMGkcXVEGC9y/rootfs/lib/firmware/iwlwifi-Qu-b0-jf-b0-48.ucode'
'/lib/firmware/iwlwifi-7260-10.ucode' -> '/tmp/rear.hvWqMGkcXVEGC9y/rootfs/lib/firmware/iwlwifi-7260-10.ucode'
'/lib/firmware/iwlwifi-Qu-c0-hr-b0-48.ucode' -> '/tmp/rear.hvWqMGkcXVEGC9y/rootfs/lib/firmware/iwlwifi-Qu-c0-hr-b0-48.ucode'
'/lib/firmware/iwlwifi-7260-12.ucode' -> '/tmp/rear.hvWqMGkcXVEGC9y/rootfs/lib/firmware/iwlwifi-7260-12.ucode'
'/lib/firmware/iwlwifi-Qu-c0-jf-b0-48.ucode' -> '/tmp/rear.hvWqMGkcXVEGC9y/rootfs/lib/firmware/iwlwifi-Qu-c0-jf-b0-48.ucode'
'/lib/firmware/iwlwifi-7260-13.ucode' -> '/tmp/rear.hvWqMGkcXVEGC9y/rootfs/lib/firmware/iwlwifi-7260-13.ucode'
'/lib/firmware/iwlwifi-QuZ-a0-hr-b0-48.ucode' -> '/tmp/rear.hvWqMGkcXVEGC9y/rootfs/lib/firmware/iwlwifi-QuZ-a0-hr-b0-48.ucode'
'/lib/firmware/iwlwifi-7260-16.ucode' -> '/tmp/rear.hvWqMGkcXVEGC9y/rootfs/lib/firmware/iwlwifi-7260-16.ucode'
'/lib/firmware/iwlwifi-QuZ-a0-jf-b0-48.ucode' -> '/tmp/rear.hvWqMGkcXVEGC9y/rootfs/lib/firmware/iwlwifi-QuZ-a0-jf-b0-48.ucode'
'/lib/firmware/iwlwifi-7260-17.ucode' -> '/tmp/rear.hvWqMGkcXVEGC9y/rootfs/lib/firmware/iwlwifi-7260-17.ucode'
'/lib/firmware/iwlwifi-cc-a0-46.ucode' -> '/tmp/rear.hvWqMGkcXVEGC9y/rootfs/lib/firmware/iwlwifi-cc-a0-46.ucode'
'/lib/firmware/iwlwifi-7265-10.ucode' -> '/tmp/rear.hvWqMGkcXVEGC9y/rootfs/lib/firmware/iwlwifi-7265-10.ucode'
'/lib/firmware/iwlwifi-cc-a0-48.ucode' -> '/tmp/rear.hvWqMGkcXVEGC9y/rootfs/lib/firmware/iwlwifi-cc-a0-48.ucode'
'/lib/firmware/iwlwifi-7265-12.ucode' -> '/tmp/rear.hvWqMGkcXVEGC9y/rootfs/lib/firmware/iwlwifi-7265-12.ucode'
'/lib/firmware/iwlwifi-6050-4.ucode' -> '/tmp/rear.hvWqMGkcXVEGC9y/rootfs/lib/firmware/iwlwifi-6050-4.ucode'
'/lib/firmware/iwlwifi-7265-13.ucode' -> '/tmp/rear.hvWqMGkcXVEGC9y/rootfs/lib/firmware/iwlwifi-7265-13.ucode'
'/lib/firmware/iwlwifi-6050-5.ucode' -> '/tmp/rear.hvWqMGkcXVEGC9y/rootfs/lib/firmware/iwlwifi-6050-5.ucode'
'/lib/firmware/iwlwifi-7265-16.ucode' -> '/tmp/rear.hvWqMGkcXVEGC9y/rootfs/lib/firmware/iwlwifi-7265-16.ucode'
'/lib/firmware/iwlwifi-100-5.ucode' -> '/tmp/rear.hvWqMGkcXVEGC9y/rootfs/lib/firmware/iwlwifi-100-5.ucode'
'/lib/firmware/iwlwifi-7265-17.ucode' -> '/tmp/rear.hvWqMGkcXVEGC9y/rootfs/lib/firmware/iwlwifi-7265-17.ucode'
'/lib/firmware/iwlwifi-5000-1.ucode' -> '/tmp/rear.hvWqMGkcXVEGC9y/rootfs/lib/firmware/iwlwifi-5000-1.ucode'
'/lib/firmware/iwlwifi-7265D-10.ucode' -> '/tmp/rear.hvWqMGkcXVEGC9y/rootfs/lib/firmware/iwlwifi-7265D-10.ucode'
'/lib/firmware/iwlwifi-5000-2.ucode' -> '/tmp/rear.hvWqMGkcXVEGC9y/rootfs/lib/firmware/iwlwifi-5000-2.ucode'
'/lib/firmware/iwlwifi-7265D-12.ucode' -> '/tmp/rear.hvWqMGkcXVEGC9y/rootfs/lib/firmware/iwlwifi-7265D-12.ucode'
'/lib/firmware/iwlwifi-5000-5.ucode' -> '/tmp/rear.hvWqMGkcXVEGC9y/rootfs/lib/firmware/iwlwifi-5000-5.ucode'
'/lib/firmware/iwlwifi-7265D-13.ucode' -> '/tmp/rear.hvWqMGkcXVEGC9y/rootfs/lib/firmware/iwlwifi-7265D-13.ucode'
'/lib/firmware/iwlwifi-5150-2.ucode' -> '/tmp/rear.hvWqMGkcXVEGC9y/rootfs/lib/firmware/iwlwifi-5150-2.ucode'
'/lib/firmware/iwlwifi-7265D-16.ucode' -> '/tmp/rear.hvWqMGkcXVEGC9y/rootfs/lib/firmware/iwlwifi-7265D-16.ucode'
'/lib/firmware/iwlwifi-6000g2a-5.ucode' -> '/tmp/rear.hvWqMGkcXVEGC9y/rootfs/lib/firmware/iwlwifi-6000g2a-5.ucode'
'/lib/firmware/iwlwifi-7265D-17.ucode' -> '/tmp/rear.hvWqMGkcXVEGC9y/rootfs/lib/firmware/iwlwifi-7265D-17.ucode'
'/lib/firmware/iwlwifi-6000g2a-6.ucode' -> '/tmp/rear.hvWqMGkcXVEGC9y/rootfs/lib/firmware/iwlwifi-6000g2a-6.ucode'
'/lib/firmware/iwlwifi-7265D-21.ucode' -> '/tmp/rear.hvWqMGkcXVEGC9y/rootfs/lib/firmware/iwlwifi-7265D-21.ucode'
'/lib/firmware/iwlwifi-7265D-22.ucode' -> '/tmp/rear.hvWqMGkcXVEGC9y/rootfs/lib/firmware/iwlwifi-7265D-22.ucode'
'/lib/firmware/iwlwifi-7265D-27.ucode' -> '/tmp/rear.hvWqMGkcXVEGC9y/rootfs/lib/firmware/iwlwifi-7265D-27.ucode'
'/lib/firmware/iwlwifi-7265D-29.ucode' -> '/tmp/rear.hvWqMGkcXVEGC9y/rootfs/lib/firmware/iwlwifi-7265D-29.ucode'
'/lib/firmware/iwlwifi-8000C-13.ucode' -> '/tmp/rear.hvWqMGkcXVEGC9y/rootfs/lib/firmware/iwlwifi-8000C-13.ucode'
'/lib/firmware/iwlwifi-8000C-16.ucode' -> '/tmp/rear.hvWqMGkcXVEGC9y/rootfs/lib/firmware/iwlwifi-8000C-16.ucode'
'/lib/firmware/iwlwifi-8000C-21.ucode' -> '/tmp/rear.hvWqMGkcXVEGC9y/rootfs/lib/firmware/iwlwifi-8000C-21.ucode'
'/lib/firmware/iwlwifi-8000C-22.ucode' -> '/tmp/rear.hvWqMGkcXVEGC9y/rootfs/lib/firmware/iwlwifi-8000C-22.ucode'
'/lib/firmware/iwlwifi-8000C-27.ucode' -> '/tmp/rear.hvWqMGkcXVEGC9y/rootfs/lib/firmware/iwlwifi-8000C-27.ucode'
'/lib/firmware/iwlwifi-8000C-31.ucode' -> '/tmp/rear.hvWqMGkcXVEGC9y/rootfs/lib/firmware/iwlwifi-8000C-31.ucode'
'/lib/firmware/iwlwifi-8000C-34.ucode' -> '/tmp/rear.hvWqMGkcXVEGC9y/rootfs/lib/firmware/iwlwifi-8000C-34.ucode'
'/lib/firmware/iwlwifi-8000C-36.ucode' -> '/tmp/rear.hvWqMGkcXVEGC9y/rootfs/lib/firmware/iwlwifi-8000C-36.ucode'
'/lib/firmware/iwlwifi-8265-21.ucode' -> '/tmp/rear.hvWqMGkcXVEGC9y/rootfs/lib/firmware/iwlwifi-8265-21.ucode'
'/lib/firmware/iwlwifi-8265-22.ucode' -> '/tmp/rear.hvWqMGkcXVEGC9y/rootfs/lib/firmware/iwlwifi-8265-22.ucode'
'/lib/firmware/iwlwifi-8265-27.ucode' -> '/tmp/rear.hvWqMGkcXVEGC9y/rootfs/lib/firmware/iwlwifi-8265-27.ucode'
'/lib/firmware/iwlwifi-8265-31.ucode' -> '/tmp/rear.hvWqMGkcXVEGC9y/rootfs/lib/firmware/iwlwifi-8265-31.ucode'
'/lib/firmware/iwlwifi-8265-34.ucode' -> '/tmp/rear.hvWqMGkcXVEGC9y/rootfs/lib/firmware/iwlwifi-8265-34.ucode'
'/lib/firmware/iwlwifi-8265-36.ucode' -> '/tmp/rear.hvWqMGkcXVEGC9y/rootfs/lib/firmware/iwlwifi-8265-36.ucode'
'/lib/firmware/iwlwifi-9000-pu-b0-jf-b0-41.ucode' -> '/tmp/rear.hvWqMGkcXVEGC9y/rootfs/lib/firmware/iwlwifi-9000-pu-b0-jf-b0-41.ucode'
'/lib/firmware/iwlwifi-9000-pu-b0-jf-b0-33.ucode' -> '/tmp/rear.hvWqMGkcXVEGC9y/rootfs/lib/firmware/iwlwifi-9000-pu-b0-jf-b0-33.ucode'
'/lib/firmware/3.10.0-1160.92.1.el7.x86_64' -> '/tmp/rear.hvWqMGkcXVEGC9y/rootfs/lib/firmware/3.10.0-1160.92.1.el7.x86_64'
'/lib/firmware/3.10.0-1160.92.1.el7.x86_64/intel-ucode' -> '/tmp/rear.hvWqMGkcXVEGC9y/rootfs/lib/firmware/3.10.0-1160.92.1.el7.x86_64/intel-ucode'
'/lib/firmware/3.10.0-1160.92.1.el7.x86_64/intel-ucode/06-66-03' -> '/tmp/rear.hvWqMGkcXVEGC9y/rootfs/lib/firmware/3.10.0-1160.92.1.el7.x86_64/intel-ucode/06-66-03'
'/lib/firmware/3.10.0-1160.92.1.el7.x86_64/intel-ucode/06-06-0d' -> '/tmp/rear.hvWqMGkcXVEGC9y/rootfs/lib/firmware/3.10.0-1160.92.1.el7.x86_64/intel-ucode/06-06-0d'
'/lib/firmware/3.10.0-1160.92.1.el7.x86_64/intel-ucode/06-7a-01' -> '/tmp/rear.hvWqMGkcXVEGC9y/rootfs/lib/firmware/3.10.0-1160.92.1.el7.x86_64/intel-ucode/06-7a-01'
'/lib/firmware/3.10.0-1160.92.1.el7.x86_64/intel-ucode/06-07-01' -> '/tmp/rear.hvWqMGkcXVEGC9y/rootfs/lib/firmware/3.10.0-1160.92.1.el7.x86_64/intel-ucode/06-07-01'
'/lib/firmware/3.10.0-1160.92.1.el7.x86_64/intel-ucode/06-7a-08' -> '/tmp/rear.hvWqMGkcXVEGC9y/rootfs/lib/firmware/3.10.0-1160.92.1.el7.x86_64/intel-ucode/06-7a-08'
'/lib/firmware/3.10.0-1160.92.1.el7.x86_64/intel-ucode/06-07-02' -> '/tmp/rear.hvWqMGkcXVEGC9y/rootfs/lib/firmware/3.10.0-1160.92.1.el7.x86_64/intel-ucode/06-07-02'
'/lib/firmware/3.10.0-1160.92.1.el7.x86_64/intel-ucode/06-7e-05' -> '/tmp/rear.hvWqMGkcXVEGC9y/rootfs/lib/firmware/3.10.0-1160.92.1.el7.x86_64/intel-ucode/06-7e-05'
'/lib/firmware/3.10.0-1160.92.1.el7.x86_64/intel-ucode/06-07-03' -> '/tmp/rear.hvWqMGkcXVEGC9y/rootfs/lib/firmware/3.10.0-1160.92.1.el7.x86_64/intel-ucode/06-07-03'
'/lib/firmware/3.10.0-1160.92.1.el7.x86_64/intel-ucode/06-8e-09' -> '/tmp/rear.hvWqMGkcXVEGC9y/rootfs/lib/firmware/3.10.0-1160.92.1.el7.x86_64/intel-ucode/06-8e-09'
'/lib/firmware/3.10.0-1160.92.1.el7.x86_64/intel-ucode/06-08-01' -> '/tmp/rear.hvWqMGkcXVEGC9y/rootfs/lib/firmware/3.10.0-1160.92.1.el7.x86_64/intel-ucode/06-08-01'
'/lib/firmware/3.10.0-1160.92.1.el7.x86_64/intel-ucode/06-8e-0a' -> '/tmp/rear.hvWqMGkcXVEGC9y/rootfs/lib/firmware/3.10.0-1160.92.1.el7.x86_64/intel-ucode/06-8e-0a'
'/lib/firmware/3.10.0-1160.92.1.el7.x86_64/intel-ucode/06-08-03' -> '/tmp/rear.hvWqMGkcXVEGC9y/rootfs/lib/firmware/3.10.0-1160.92.1.el7.x86_64/intel-ucode/06-08-03'
'/lib/firmware/3.10.0-1160.92.1.el7.x86_64/intel-ucode/06-8e-0b' -> '/tmp/rear.hvWqMGkcXVEGC9y/rootfs/lib/firmware/3.10.0-1160.92.1.el7.x86_64/intel-ucode/06-8e-0b'
'/lib/firmware/3.10.0-1160.92.1.el7.x86_64/intel-ucode/06-08-06' -> '/tmp/rear.hvWqMGkcXVEGC9y/rootfs/lib/firmware/3.10.0-1160.92.1.el7.x86_64/intel-ucode/06-08-06'
'/lib/firmware/3.10.0-1160.92.1.el7.x86_64/intel-ucode/06-8e-0c' -> '/tmp/rear.hvWqMGkcXVEGC9y/rootfs/lib/firmware/3.10.0-1160.92.1.el7.x86_64/intel-ucode/06-8e-0c'
'/lib/firmware/3.10.0-1160.92.1.el7.x86_64/intel-ucode/06-08-0a' -> '/tmp/rear.hvWqMGkcXVEGC9y/rootfs/lib/firmware/3.10.0-1160.92.1.el7.x86_64/intel-ucode/06-08-0a'
'/lib/firmware/3.10.0-1160.92.1.el7.x86_64/intel-ucode/06-9e-09' -> '/tmp/rear.hvWqMGkcXVEGC9y/rootfs/lib/firmware/3.10.0-1160.92.1.el7.x86_64/intel-ucode/06-9e-09'
'/lib/firmware/3.10.0-1160.92.1.el7.x86_64/intel-ucode/06-09-05' -> '/tmp/rear.hvWqMGkcXVEGC9y/rootfs/lib/firmware/3.10.0-1160.92.1.el7.x86_64/intel-ucode/06-09-05'
'/lib/firmware/3.10.0-1160.92.1.el7.x86_64/intel-ucode/06-9e-0a' -> '/tmp/rear.hvWqMGkcXVEGC9y/rootfs/lib/firmware/3.10.0-1160.92.1.el7.x86_64/intel-ucode/06-9e-0a'
'/lib/firmware/3.10.0-1160.92.1.el7.x86_64/intel-ucode/06-0a-00' -> '/tmp/rear.hvWqMGkcXVEGC9y/rootfs/lib/firmware/3.10.0-1160.92.1.el7.x86_64/intel-ucode/06-0a-00'
'/lib/firmware/3.10.0-1160.92.1.el7.x86_64/intel-ucode/06-9e-0b' -> '/tmp/rear.hvWqMGkcXVEGC9y/rootfs/lib/firmware/3.10.0-1160.92.1.el7.x86_64/intel-ucode/06-9e-0b'
'/lib/firmware/3.10.0-1160.92.1.el7.x86_64/intel-ucode/06-0a-01' -> '/tmp/rear.hvWqMGkcXVEGC9y/rootfs/lib/firmware/3.10.0-1160.92.1.el7.x86_64/intel-ucode/06-0a-01'
'/lib/firmware/3.10.0-1160.92.1.el7.x86_64/intel-ucode/06-9e-0c' -> '/tmp/rear.hvWqMGkcXVEGC9y/rootfs/lib/firmware/3.10.0-1160.92.1.el7.x86_64/intel-ucode/06-9e-0c'
'/lib/firmware/3.10.0-1160.92.1.el7.x86_64/intel-ucode/06-0b-01' -> '/tmp/rear.hvWqMGkcXVEGC9y/rootfs/lib/firmware/3.10.0-1160.92.1.el7.x86_64/intel-ucode/06-0b-01'
'/lib/firmware/3.10.0-1160.92.1.el7.x86_64/intel-ucode/06-9e-0d' -> '/tmp/rear.hvWqMGkcXVEGC9y/rootfs/lib/firmware/3.10.0-1160.92.1.el7.x86_64/intel-ucode/06-9e-0d'
'/lib/firmware/3.10.0-1160.92.1.el7.x86_64/intel-ucode/06-0b-04' -> '/tmp/rear.hvWqMGkcXVEGC9y/rootfs/lib/firmware/3.10.0-1160.92.1.el7.x86_64/intel-ucode/06-0b-04'
'/lib/firmware/3.10.0-1160.92.1.el7.x86_64/intel-ucode/06-a6-00' -> '/tmp/rear.hvWqMGkcXVEGC9y/rootfs/lib/firmware/3.10.0-1160.92.1.el7.x86_64/intel-ucode/06-a6-00'
'/lib/firmware/3.10.0-1160.92.1.el7.x86_64/intel-ucode/06-0d-06' -> '/tmp/rear.hvWqMGkcXVEGC9y/rootfs/lib/firmware/3.10.0-1160.92.1.el7.x86_64/intel-ucode/06-0d-06'
'/lib/firmware/3.10.0-1160.92.1.el7.x86_64/intel-ucode/0f-00-07' -> '/tmp/rear.hvWqMGkcXVEGC9y/rootfs/lib/firmware/3.10.0-1160.92.1.el7.x86_64/intel-ucode/0f-00-07'
'/lib/firmware/3.10.0-1160.92.1.el7.x86_64/intel-ucode/06-0e-08' -> '/tmp/rear.hvWqMGkcXVEGC9y/rootfs/lib/firmware/3.10.0-1160.92.1.el7.x86_64/intel-ucode/06-0e-08'
'/lib/firmware/3.10.0-1160.92.1.el7.x86_64/intel-ucode/0f-00-0a' -> '/tmp/rear.hvWqMGkcXVEGC9y/rootfs/lib/firmware/3.10.0-1160.92.1.el7.x86_64/intel-ucode/0f-00-0a'
'/lib/firmware/3.10.0-1160.92.1.el7.x86_64/intel-ucode/06-0e-0c' -> '/tmp/rear.hvWqMGkcXVEGC9y/rootfs/lib/firmware/3.10.0-1160.92.1.el7.x86_64/intel-ucode/06-0e-0c'
'/lib/firmware/3.10.0-1160.92.1.el7.x86_64/intel-ucode/0f-01-02' -> '/tmp/rear.hvWqMGkcXVEGC9y/rootfs/lib/firmware/3.10.0-1160.92.1.el7.x86_64/intel-ucode/0f-01-02'
'/lib/firmware/3.10.0-1160.92.1.el7.x86_64/intel-ucode/06-0f-02' -> '/tmp/rear.hvWqMGkcXVEGC9y/rootfs/lib/firmware/3.10.0-1160.92.1.el7.x86_64/intel-ucode/06-0f-02'
'/lib/firmware/3.10.0-1160.92.1.el7.x86_64/intel-ucode/0f-02-04' -> '/tmp/rear.hvWqMGkcXVEGC9y/rootfs/lib/firmware/3.10.0-1160.92.1.el7.x86_64/intel-ucode/0f-02-04'
'/lib/firmware/3.10.0-1160.92.1.el7.x86_64/intel-ucode/06-0f-06' -> '/tmp/rear.hvWqMGkcXVEGC9y/rootfs/lib/firmware/3.10.0-1160.92.1.el7.x86_64/intel-ucode/06-0f-06'
'/lib/firmware/3.10.0-1160.92.1.el7.x86_64/intel-ucode/0f-02-05' -> '/tmp/rear.hvWqMGkcXVEGC9y/rootfs/lib/firmware/3.10.0-1160.92.1.el7.x86_64/intel-ucode/0f-02-05'
'/lib/firmware/3.10.0-1160.92.1.el7.x86_64/intel-ucode/06-0f-07' -> '/tmp/rear.hvWqMGkcXVEGC9y/rootfs/lib/firmware/3.10.0-1160.92.1.el7.x86_64/intel-ucode/06-0f-07'
'/lib/firmware/3.10.0-1160.92.1.el7.x86_64/intel-ucode/0f-02-06' -> '/tmp/rear.hvWqMGkcXVEGC9y/rootfs/lib/firmware/3.10.0-1160.92.1.el7.x86_64/intel-ucode/0f-02-06'
'/lib/firmware/3.10.0-1160.92.1.el7.x86_64/intel-ucode/06-0f-0a' -> '/tmp/rear.hvWqMGkcXVEGC9y/rootfs/lib/firmware/3.10.0-1160.92.1.el7.x86_64/intel-ucode/06-0f-0a'
'/lib/firmware/3.10.0-1160.92.1.el7.x86_64/intel-ucode/0f-02-07' -> '/tmp/rear.hvWqMGkcXVEGC9y/rootfs/lib/firmware/3.10.0-1160.92.1.el7.x86_64/intel-ucode/0f-02-07'
'/lib/firmware/3.10.0-1160.92.1.el7.x86_64/intel-ucode/06-0f-0b' -> '/tmp/rear.hvWqMGkcXVEGC9y/rootfs/lib/firmware/3.10.0-1160.92.1.el7.x86_64/intel-ucode/06-0f-0b'
'/lib/firmware/3.10.0-1160.92.1.el7.x86_64/intel-ucode/0f-02-09' -> '/tmp/rear.hvWqMGkcXVEGC9y/rootfs/lib/firmware/3.10.0-1160.92.1.el7.x86_64/intel-ucode/0f-02-09'
'/lib/firmware/3.10.0-1160.92.1.el7.x86_64/intel-ucode/06-0f-0d' -> '/tmp/rear.hvWqMGkcXVEGC9y/rootfs/lib/firmware/3.10.0-1160.92.1.el7.x86_64/intel-ucode/06-0f-0d'
'/lib/firmware/3.10.0-1160.92.1.el7.x86_64/intel-ucode/0f-03-02' -> '/tmp/rear.hvWqMGkcXVEGC9y/rootfs/lib/firmware/3.10.0-1160.92.1.el7.x86_64/intel-ucode/0f-03-02'
'/lib/firmware/3.10.0-1160.92.1.el7.x86_64/intel-ucode/06-16-01' -> '/tmp/rear.hvWqMGkcXVEGC9y/rootfs/lib/firmware/3.10.0-1160.92.1.el7.x86_64/intel-ucode/06-16-01'
'/lib/firmware/3.10.0-1160.92.1.el7.x86_64/intel-ucode/0f-03-03' -> '/tmp/rear.hvWqMGkcXVEGC9y/rootfs/lib/firmware/3.10.0-1160.92.1.el7.x86_64/intel-ucode/0f-03-03'
'/lib/firmware/3.10.0-1160.92.1.el7.x86_64/intel-ucode/06-17-06' -> '/tmp/rear.hvWqMGkcXVEGC9y/rootfs/lib/firmware/3.10.0-1160.92.1.el7.x86_64/intel-ucode/06-17-06'
'/lib/firmware/3.10.0-1160.92.1.el7.x86_64/intel-ucode/0f-03-04' -> '/tmp/rear.hvWqMGkcXVEGC9y/rootfs/lib/firmware/3.10.0-1160.92.1.el7.x86_64/intel-ucode/0f-03-04'
'/lib/firmware/3.10.0-1160.92.1.el7.x86_64/intel-ucode/06-17-07' -> '/tmp/rear.hvWqMGkcXVEGC9y/rootfs/lib/firmware/3.10.0-1160.92.1.el7.x86_64/intel-ucode/06-17-07'
'/lib/firmware/3.10.0-1160.92.1.el7.x86_64/intel-ucode/0f-04-01' -> '/tmp/rear.hvWqMGkcXVEGC9y/rootfs/lib/firmware/3.10.0-1160.92.1.el7.x86_64/intel-ucode/0f-04-01'
'/lib/firmware/3.10.0-1160.92.1.el7.x86_64/intel-ucode/06-17-0a' -> '/tmp/rear.hvWqMGkcXVEGC9y/rootfs/lib/firmware/3.10.0-1160.92.1.el7.x86_64/intel-ucode/06-17-0a'
'/lib/firmware/3.10.0-1160.92.1.el7.x86_64/intel-ucode/0f-04-03' -> '/tmp/rear.hvWqMGkcXVEGC9y/rootfs/lib/firmware/3.10.0-1160.92.1.el7.x86_64/intel-ucode/0f-04-03'
'/lib/firmware/3.10.0-1160.92.1.el7.x86_64/intel-ucode/06-1a-04' -> '/tmp/rear.hvWqMGkcXVEGC9y/rootfs/lib/firmware/3.10.0-1160.92.1.el7.x86_64/intel-ucode/06-1a-04'
'/lib/firmware/3.10.0-1160.92.1.el7.x86_64/intel-ucode/0f-04-04' -> '/tmp/rear.hvWqMGkcXVEGC9y/rootfs/lib/firmware/3.10.0-1160.92.1.el7.x86_64/intel-ucode/0f-04-04'
'/lib/firmware/3.10.0-1160.92.1.el7.x86_64/intel-ucode/06-1a-05' -> '/tmp/rear.hvWqMGkcXVEGC9y/rootfs/lib/firmware/3.10.0-1160.92.1.el7.x86_64/intel-ucode/06-1a-05'
'/lib/firmware/3.10.0-1160.92.1.el7.x86_64/intel-ucode/0f-04-07' -> '/tmp/rear.hvWqMGkcXVEGC9y/rootfs/lib/firmware/3.10.0-1160.92.1.el7.x86_64/intel-ucode/0f-04-07'
'/lib/firmware/3.10.0-1160.92.1.el7.x86_64/intel-ucode/06-1c-02' -> '/tmp/rear.hvWqMGkcXVEGC9y/rootfs/lib/firmware/3.10.0-1160.92.1.el7.x86_64/intel-ucode/06-1c-02'
'/lib/firmware/3.10.0-1160.92.1.el7.x86_64/intel-ucode/0f-04-08' -> '/tmp/rear.hvWqMGkcXVEGC9y/rootfs/lib/firmware/3.10.0-1160.92.1.el7.x86_64/intel-ucode/0f-04-08'
'/lib/firmware/3.10.0-1160.92.1.el7.x86_64/intel-ucode/06-1c-0a' -> '/tmp/rear.hvWqMGkcXVEGC9y/rootfs/lib/firmware/3.10.0-1160.92.1.el7.x86_64/intel-ucode/06-1c-0a'
'/lib/firmware/3.10.0-1160.92.1.el7.x86_64/intel-ucode/0f-04-09' -> '/tmp/rear.hvWqMGkcXVEGC9y/rootfs/lib/firmware/3.10.0-1160.92.1.el7.x86_64/intel-ucode/0f-04-09'
'/lib/firmware/3.10.0-1160.92.1.el7.x86_64/intel-ucode/06-1d-01' -> '/tmp/rear.hvWqMGkcXVEGC9y/rootfs/lib/firmware/3.10.0-1160.92.1.el7.x86_64/intel-ucode/06-1d-01'
'/lib/firmware/3.10.0-1160.92.1.el7.x86_64/intel-ucode/0f-04-0a' -> '/tmp/rear.hvWqMGkcXVEGC9y/rootfs/lib/firmware/3.10.0-1160.92.1.el7.x86_64/intel-ucode/0f-04-0a'
'/lib/firmware/3.10.0-1160.92.1.el7.x86_64/intel-ucode/06-1e-05' -> '/tmp/rear.hvWqMGkcXVEGC9y/rootfs/lib/firmware/3.10.0-1160.92.1.el7.x86_64/intel-ucode/06-1e-05'
'/lib/firmware/3.10.0-1160.92.1.el7.x86_64/intel-ucode/0f-06-02' -> '/tmp/rear.hvWqMGkcXVEGC9y/rootfs/lib/firmware/3.10.0-1160.92.1.el7.x86_64/intel-ucode/0f-06-02'
'/lib/firmware/3.10.0-1160.92.1.el7.x86_64/intel-ucode/06-25-02' -> '/tmp/rear.hvWqMGkcXVEGC9y/rootfs/lib/firmware/3.10.0-1160.92.1.el7.x86_64/intel-ucode/06-25-02'
'/lib/firmware/3.10.0-1160.92.1.el7.x86_64/intel-ucode/0f-06-04' -> '/tmp/rear.hvWqMGkcXVEGC9y/rootfs/lib/firmware/3.10.0-1160.92.1.el7.x86_64/intel-ucode/0f-06-04'
'/lib/firmware/3.10.0-1160.92.1.el7.x86_64/intel-ucode/06-25-05' -> '/tmp/rear.hvWqMGkcXVEGC9y/rootfs/lib/firmware/3.10.0-1160.92.1.el7.x86_64/intel-ucode/06-25-05'
'/lib/firmware/3.10.0-1160.92.1.el7.x86_64/intel-ucode/0f-06-05' -> '/tmp/rear.hvWqMGkcXVEGC9y/rootfs/lib/firmware/3.10.0-1160.92.1.el7.x86_64/intel-ucode/0f-06-05'
'/lib/firmware/3.10.0-1160.92.1.el7.x86_64/intel-ucode/06-26-01' -> '/tmp/rear.hvWqMGkcXVEGC9y/rootfs/lib/firmware/3.10.0-1160.92.1.el7.x86_64/intel-ucode/06-26-01'
'/lib/firmware/3.10.0-1160.92.1.el7.x86_64/intel-ucode/0f-06-08' -> '/tmp/rear.hvWqMGkcXVEGC9y/rootfs/lib/firmware/3.10.0-1160.92.1.el7.x86_64/intel-ucode/0f-06-08'
'/lib/firmware/3.10.0-1160.92.1.el7.x86_64/intel-ucode/06-2a-07' -> '/tmp/rear.hvWqMGkcXVEGC9y/rootfs/lib/firmware/3.10.0-1160.92.1.el7.x86_64/intel-ucode/06-2a-07'
'/lib/firmware/3.10.0-1160.92.1.el7.x86_64/intel-ucode/06-55-05' -> '/tmp/rear.hvWqMGkcXVEGC9y/rootfs/lib/firmware/3.10.0-1160.92.1.el7.x86_64/intel-ucode/06-55-05'
'/lib/firmware/3.10.0-1160.92.1.el7.x86_64/intel-ucode/06-2c-02' -> '/tmp/rear.hvWqMGkcXVEGC9y/rootfs/lib/firmware/3.10.0-1160.92.1.el7.x86_64/intel-ucode/06-2c-02'
'/lib/firmware/3.10.0-1160.92.1.el7.x86_64/intel-ucode/06-55-0b' -> '/tmp/rear.hvWqMGkcXVEGC9y/rootfs/lib/firmware/3.10.0-1160.92.1.el7.x86_64/intel-ucode/06-55-0b'
'/lib/firmware/3.10.0-1160.92.1.el7.x86_64/intel-ucode/06-2d-06' -> '/tmp/rear.hvWqMGkcXVEGC9y/rootfs/lib/firmware/3.10.0-1160.92.1.el7.x86_64/intel-ucode/06-2d-06'
'/lib/firmware/3.10.0-1160.92.1.el7.x86_64/intel-ucode/06-6a-05' -> '/tmp/rear.hvWqMGkcXVEGC9y/rootfs/lib/firmware/3.10.0-1160.92.1.el7.x86_64/intel-ucode/06-6a-05'
'/lib/firmware/3.10.0-1160.92.1.el7.x86_64/intel-ucode/06-6a-06' -> '/tmp/rear.hvWqMGkcXVEGC9y/rootfs/lib/firmware/3.10.0-1160.92.1.el7.x86_64/intel-ucode/06-6a-06'
'/lib/firmware/3.10.0-1160.92.1.el7.x86_64/intel-ucode/06-2e-06' -> '/tmp/rear.hvWqMGkcXVEGC9y/rootfs/lib/firmware/3.10.0-1160.92.1.el7.x86_64/intel-ucode/06-2e-06'
'/lib/firmware/3.10.0-1160.92.1.el7.x86_64/intel-ucode/06-8a-01' -> '/tmp/rear.hvWqMGkcXVEGC9y/rootfs/lib/firmware/3.10.0-1160.92.1.el7.x86_64/intel-ucode/06-8a-01'
'/lib/firmware/3.10.0-1160.92.1.el7.x86_64/intel-ucode/06-2f-02' -> '/tmp/rear.hvWqMGkcXVEGC9y/rootfs/lib/firmware/3.10.0-1160.92.1.el7.x86_64/intel-ucode/06-2f-02'
'/lib/firmware/3.10.0-1160.92.1.el7.x86_64/intel-ucode/06-8c-02' -> '/tmp/rear.hvWqMGkcXVEGC9y/rootfs/lib/firmware/3.10.0-1160.92.1.el7.x86_64/intel-ucode/06-8c-02'
'/lib/firmware/3.10.0-1160.92.1.el7.x86_64/intel-ucode/06-37-08' -> '/tmp/rear.hvWqMGkcXVEGC9y/rootfs/lib/firmware/3.10.0-1160.92.1.el7.x86_64/intel-ucode/06-37-08'
'/lib/firmware/3.10.0-1160.92.1.el7.x86_64/intel-ucode/06-8d-01' -> '/tmp/rear.hvWqMGkcXVEGC9y/rootfs/lib/firmware/3.10.0-1160.92.1.el7.x86_64/intel-ucode/06-8d-01'
'/lib/firmware/3.10.0-1160.92.1.el7.x86_64/intel-ucode/06-37-09' -> '/tmp/rear.hvWqMGkcXVEGC9y/rootfs/lib/firmware/3.10.0-1160.92.1.el7.x86_64/intel-ucode/06-37-09'
'/lib/firmware/3.10.0-1160.92.1.el7.x86_64/intel-ucode/06-96-01' -> '/tmp/rear.hvWqMGkcXVEGC9y/rootfs/lib/firmware/3.10.0-1160.92.1.el7.x86_64/intel-ucode/06-96-01'
'/lib/firmware/3.10.0-1160.92.1.el7.x86_64/intel-ucode/06-3a-09' -> '/tmp/rear.hvWqMGkcXVEGC9y/rootfs/lib/firmware/3.10.0-1160.92.1.el7.x86_64/intel-ucode/06-3a-09'
'/lib/firmware/3.10.0-1160.92.1.el7.x86_64/intel-ucode/06-97-02' -> '/tmp/rear.hvWqMGkcXVEGC9y/rootfs/lib/firmware/3.10.0-1160.92.1.el7.x86_64/intel-ucode/06-97-02'
'/lib/firmware/3.10.0-1160.92.1.el7.x86_64/intel-ucode/06-3c-03' -> '/tmp/rear.hvWqMGkcXVEGC9y/rootfs/lib/firmware/3.10.0-1160.92.1.el7.x86_64/intel-ucode/06-3c-03'
'/lib/firmware/3.10.0-1160.92.1.el7.x86_64/intel-ucode/06-97-05' -> '/tmp/rear.hvWqMGkcXVEGC9y/rootfs/lib/firmware/3.10.0-1160.92.1.el7.x86_64/intel-ucode/06-97-05'
'/lib/firmware/3.10.0-1160.92.1.el7.x86_64/intel-ucode/06-3d-04' -> '/tmp/rear.hvWqMGkcXVEGC9y/rootfs/lib/firmware/3.10.0-1160.92.1.el7.x86_64/intel-ucode/06-3d-04'
'/lib/firmware/3.10.0-1160.92.1.el7.x86_64/intel-ucode/06-9a-03' -> '/tmp/rear.hvWqMGkcXVEGC9y/rootfs/lib/firmware/3.10.0-1160.92.1.el7.x86_64/intel-ucode/06-9a-03'
'/lib/firmware/3.10.0-1160.92.1.el7.x86_64/intel-ucode/06-3e-04' -> '/tmp/rear.hvWqMGkcXVEGC9y/rootfs/lib/firmware/3.10.0-1160.92.1.el7.x86_64/intel-ucode/06-3e-04'
'/lib/firmware/3.10.0-1160.92.1.el7.x86_64/intel-ucode/06-9a-04' -> '/tmp/rear.hvWqMGkcXVEGC9y/rootfs/lib/firmware/3.10.0-1160.92.1.el7.x86_64/intel-ucode/06-9a-04'
'/lib/firmware/3.10.0-1160.92.1.el7.x86_64/intel-ucode/06-3e-06' -> '/tmp/rear.hvWqMGkcXVEGC9y/rootfs/lib/firmware/3.10.0-1160.92.1.el7.x86_64/intel-ucode/06-3e-06'
'/lib/firmware/3.10.0-1160.92.1.el7.x86_64/intel-ucode/06-9c-00' -> '/tmp/rear.hvWqMGkcXVEGC9y/rootfs/lib/firmware/3.10.0-1160.92.1.el7.x86_64/intel-ucode/06-9c-00'
'/lib/firmware/3.10.0-1160.92.1.el7.x86_64/intel-ucode/06-3e-07' -> '/tmp/rear.hvWqMGkcXVEGC9y/rootfs/lib/firmware/3.10.0-1160.92.1.el7.x86_64/intel-ucode/06-3e-07'
'/lib/firmware/3.10.0-1160.92.1.el7.x86_64/intel-ucode/06-a5-02' -> '/tmp/rear.hvWqMGkcXVEGC9y/rootfs/lib/firmware/3.10.0-1160.92.1.el7.x86_64/intel-ucode/06-a5-02'
'/lib/firmware/3.10.0-1160.92.1.el7.x86_64/intel-ucode/06-3f-02' -> '/tmp/rear.hvWqMGkcXVEGC9y/rootfs/lib/firmware/3.10.0-1160.92.1.el7.x86_64/intel-ucode/06-3f-02'
'/lib/firmware/3.10.0-1160.92.1.el7.x86_64/intel-ucode/06-a5-03' -> '/tmp/rear.hvWqMGkcXVEGC9y/rootfs/lib/firmware/3.10.0-1160.92.1.el7.x86_64/intel-ucode/06-a5-03'
'/lib/firmware/3.10.0-1160.92.1.el7.x86_64/intel-ucode/06-3f-04' -> '/tmp/rear.hvWqMGkcXVEGC9y/rootfs/lib/firmware/3.10.0-1160.92.1.el7.x86_64/intel-ucode/06-3f-04'
'/lib/firmware/3.10.0-1160.92.1.el7.x86_64/intel-ucode/06-a5-05' -> '/tmp/rear.hvWqMGkcXVEGC9y/rootfs/lib/firmware/3.10.0-1160.92.1.el7.x86_64/intel-ucode/06-a5-05'
'/lib/firmware/3.10.0-1160.92.1.el7.x86_64/intel-ucode/06-45-01' -> '/tmp/rear.hvWqMGkcXVEGC9y/rootfs/lib/firmware/3.10.0-1160.92.1.el7.x86_64/intel-ucode/06-45-01'
'/lib/firmware/3.10.0-1160.92.1.el7.x86_64/intel-ucode/06-a6-01' -> '/tmp/rear.hvWqMGkcXVEGC9y/rootfs/lib/firmware/3.10.0-1160.92.1.el7.x86_64/intel-ucode/06-a6-01'
'/lib/firmware/3.10.0-1160.92.1.el7.x86_64/intel-ucode/06-46-01' -> '/tmp/rear.hvWqMGkcXVEGC9y/rootfs/lib/firmware/3.10.0-1160.92.1.el7.x86_64/intel-ucode/06-46-01'
'/lib/firmware/3.10.0-1160.92.1.el7.x86_64/intel-ucode/06-55-07' -> '/tmp/rear.hvWqMGkcXVEGC9y/rootfs/lib/firmware/3.10.0-1160.92.1.el7.x86_64/intel-ucode/06-55-07'
'/lib/firmware/3.10.0-1160.92.1.el7.x86_64/intel-ucode/06-a7-01' -> '/tmp/rear.hvWqMGkcXVEGC9y/rootfs/lib/firmware/3.10.0-1160.92.1.el7.x86_64/intel-ucode/06-a7-01'
'/lib/firmware/3.10.0-1160.92.1.el7.x86_64/intel-ucode/06-56-02' -> '/tmp/rear.hvWqMGkcXVEGC9y/rootfs/lib/firmware/3.10.0-1160.92.1.el7.x86_64/intel-ucode/06-56-02'
'/lib/firmware/3.10.0-1160.92.1.el7.x86_64/intel-ucode/06-bf-02' -> '/tmp/rear.hvWqMGkcXVEGC9y/rootfs/lib/firmware/3.10.0-1160.92.1.el7.x86_64/intel-ucode/06-bf-02'
'/lib/firmware/3.10.0-1160.92.1.el7.x86_64/intel-ucode/06-56-03' -> '/tmp/rear.hvWqMGkcXVEGC9y/rootfs/lib/firmware/3.10.0-1160.92.1.el7.x86_64/intel-ucode/06-56-03'
'/lib/firmware/3.10.0-1160.92.1.el7.x86_64/intel-ucode/06-bf-05' -> '/tmp/rear.hvWqMGkcXVEGC9y/rootfs/lib/firmware/3.10.0-1160.92.1.el7.x86_64/intel-ucode/06-bf-05'
'/lib/firmware/3.10.0-1160.92.1.el7.x86_64/intel-ucode/06-56-04' -> '/tmp/rear.hvWqMGkcXVEGC9y/rootfs/lib/firmware/3.10.0-1160.92.1.el7.x86_64/intel-ucode/06-56-04'
'/lib/firmware/3.10.0-1160.92.1.el7.x86_64/intel-ucode/06-56-05' -> '/tmp/rear.hvWqMGkcXVEGC9y/rootfs/lib/firmware/3.10.0-1160.92.1.el7.x86_64/intel-ucode/06-56-05'
'/lib/firmware/3.10.0-1160.92.1.el7.x86_64/intel-ucode/06-5c-02' -> '/tmp/rear.hvWqMGkcXVEGC9y/rootfs/lib/firmware/3.10.0-1160.92.1.el7.x86_64/intel-ucode/06-5c-02'
'/lib/firmware/3.10.0-1160.92.1.el7.x86_64/intel-ucode/06-5c-09' -> '/tmp/rear.hvWqMGkcXVEGC9y/rootfs/lib/firmware/3.10.0-1160.92.1.el7.x86_64/intel-ucode/06-5c-09'
'/lib/firmware/3.10.0-1160.92.1.el7.x86_64/intel-ucode/06-5c-0a' -> '/tmp/rear.hvWqMGkcXVEGC9y/rootfs/lib/firmware/3.10.0-1160.92.1.el7.x86_64/intel-ucode/06-5c-0a'
'/lib/firmware/3.10.0-1160.92.1.el7.x86_64/intel-ucode/06-5f-01' -> '/tmp/rear.hvWqMGkcXVEGC9y/rootfs/lib/firmware/3.10.0-1160.92.1.el7.x86_64/intel-ucode/06-5f-01'
'/lib/firmware/3.10.0-1160.92.1.el7.x86_64/intel-ucode/06-2d-07' -> '/tmp/rear.hvWqMGkcXVEGC9y/rootfs/lib/firmware/3.10.0-1160.92.1.el7.x86_64/intel-ucode/06-2d-07'
'/lib/firmware/3.10.0-1160.92.1.el7.x86_64/intel-ucode/06-55-04' -> '/tmp/rear.hvWqMGkcXVEGC9y/rootfs/lib/firmware/3.10.0-1160.92.1.el7.x86_64/intel-ucode/06-55-04'
'/lib/firmware/3.10.0-1160.92.1.el7.x86_64/intel-ucode/06-5e-03' -> '/tmp/rear.hvWqMGkcXVEGC9y/rootfs/lib/firmware/3.10.0-1160.92.1.el7.x86_64/intel-ucode/06-5e-03'
'/lib/firmware/3.10.0-1160.92.1.el7.x86_64/intel-ucode/06-8c-01' -> '/tmp/rear.hvWqMGkcXVEGC9y/rootfs/lib/firmware/3.10.0-1160.92.1.el7.x86_64/intel-ucode/06-8c-01'
'/lib/firmware/3.10.0-1160.92.1.el7.x86_64/intel-ucode/06-47-01' -> '/tmp/rear.hvWqMGkcXVEGC9y/rootfs/lib/firmware/3.10.0-1160.92.1.el7.x86_64/intel-ucode/06-47-01'
'/lib/firmware/3.10.0-1160.92.1.el7.x86_64/intel-ucode/06-03-02' -> '/tmp/rear.hvWqMGkcXVEGC9y/rootfs/lib/firmware/3.10.0-1160.92.1.el7.x86_64/intel-ucode/06-03-02'
'/lib/firmware/3.10.0-1160.92.1.el7.x86_64/intel-ucode/06-4c-03' -> '/tmp/rear.hvWqMGkcXVEGC9y/rootfs/lib/firmware/3.10.0-1160.92.1.el7.x86_64/intel-ucode/06-4c-03'
'/lib/firmware/3.10.0-1160.92.1.el7.x86_64/intel-ucode/06-05-00' -> '/tmp/rear.hvWqMGkcXVEGC9y/rootfs/lib/firmware/3.10.0-1160.92.1.el7.x86_64/intel-ucode/06-05-00'
'/lib/firmware/3.10.0-1160.92.1.el7.x86_64/intel-ucode/06-4c-04' -> '/tmp/rear.hvWqMGkcXVEGC9y/rootfs/lib/firmware/3.10.0-1160.92.1.el7.x86_64/intel-ucode/06-4c-04'
'/lib/firmware/3.10.0-1160.92.1.el7.x86_64/intel-ucode/06-05-01' -> '/tmp/rear.hvWqMGkcXVEGC9y/rootfs/lib/firmware/3.10.0-1160.92.1.el7.x86_64/intel-ucode/06-05-01'
'/lib/firmware/3.10.0-1160.92.1.el7.x86_64/intel-ucode/06-4d-08' -> '/tmp/rear.hvWqMGkcXVEGC9y/rootfs/lib/firmware/3.10.0-1160.92.1.el7.x86_64/intel-ucode/06-4d-08'
'/lib/firmware/3.10.0-1160.92.1.el7.x86_64/intel-ucode/06-05-02' -> '/tmp/rear.hvWqMGkcXVEGC9y/rootfs/lib/firmware/3.10.0-1160.92.1.el7.x86_64/intel-ucode/06-05-02'
'/lib/firmware/3.10.0-1160.92.1.el7.x86_64/intel-ucode/06-55-03' -> '/tmp/rear.hvWqMGkcXVEGC9y/rootfs/lib/firmware/3.10.0-1160.92.1.el7.x86_64/intel-ucode/06-55-03'
'/lib/firmware/3.10.0-1160.92.1.el7.x86_64/intel-ucode/06-05-03' -> '/tmp/rear.hvWqMGkcXVEGC9y/rootfs/lib/firmware/3.10.0-1160.92.1.el7.x86_64/intel-ucode/06-05-03'
'/lib/firmware/3.10.0-1160.92.1.el7.x86_64/intel-ucode/06-4e-03' -> '/tmp/rear.hvWqMGkcXVEGC9y/rootfs/lib/firmware/3.10.0-1160.92.1.el7.x86_64/intel-ucode/06-4e-03'
'/lib/firmware/3.10.0-1160.92.1.el7.x86_64/intel-ucode/06-06-00' -> '/tmp/rear.hvWqMGkcXVEGC9y/rootfs/lib/firmware/3.10.0-1160.92.1.el7.x86_64/intel-ucode/06-06-00'
'/lib/firmware/3.10.0-1160.92.1.el7.x86_64/intel-ucode/06-06-05' -> '/tmp/rear.hvWqMGkcXVEGC9y/rootfs/lib/firmware/3.10.0-1160.92.1.el7.x86_64/intel-ucode/06-06-05'
'/lib/firmware/3.10.0-1160.92.1.el7.x86_64/intel-ucode/06-55-06' -> '/tmp/rear.hvWqMGkcXVEGC9y/rootfs/lib/firmware/3.10.0-1160.92.1.el7.x86_64/intel-ucode/06-55-06'
'/lib/firmware/3.10.0-1160.92.1.el7.x86_64/intel-ucode/06-06-0a' -> '/tmp/rear.hvWqMGkcXVEGC9y/rootfs/lib/firmware/3.10.0-1160.92.1.el7.x86_64/intel-ucode/06-06-0a'
'/lib/firmware/3.10.0-1160.92.1.el7.x86_64/readme-intel' -> '/tmp/rear.hvWqMGkcXVEGC9y/rootfs/lib/firmware/3.10.0-1160.92.1.el7.x86_64/readme-intel'
'/lib/firmware/3.10.0-1160.92.1.el7.x86_64/readme-intel-06-2d-07' -> '/tmp/rear.hvWqMGkcXVEGC9y/rootfs/lib/firmware/3.10.0-1160.92.1.el7.x86_64/readme-intel-06-2d-07'
'/lib/firmware/3.10.0-1160.92.1.el7.x86_64/readme-intel-06-55-04' -> '/tmp/rear.hvWqMGkcXVEGC9y/rootfs/lib/firmware/3.10.0-1160.92.1.el7.x86_64/readme-intel-06-55-04'
'/lib/firmware/3.10.0-1160.92.1.el7.x86_64/readme-intel-06-5e-03' -> '/tmp/rear.hvWqMGkcXVEGC9y/rootfs/lib/firmware/3.10.0-1160.92.1.el7.x86_64/readme-intel-06-5e-03'
'/lib/firmware/3.10.0-1160.92.1.el7.x86_64/readme-intel-06-8c-01' -> '/tmp/rear.hvWqMGkcXVEGC9y/rootfs/lib/firmware/3.10.0-1160.92.1.el7.x86_64/readme-intel-06-8c-01'
'/lib/firmware/iwlwifi-9000-pu-b0-jf-b0-43.ucode' -> '/tmp/rear.hvWqMGkcXVEGC9y/rootfs/lib/firmware/iwlwifi-9000-pu-b0-jf-b0-43.ucode'
2023-06-30 03:25:52.250194023 Including build/GNU/Linux/450_symlink_mingetty.sh
'mingetty' -> 'agetty'
2023-06-30 03:25:52.258105753 Including build/default/500_ssh_setup.sh
2023-06-30 03:25:52.269104680 Including build/default/501_check_ssh_keys.sh
/tmp/rear.hvWqMGkcXVEGC9y/rootfs /home/ictadmin
/home/ictadmin
2023-06-30 03:25:52.283006922 Including build/default/502_include_mdadm_conf.sh
2023-06-30 03:25:52.289557935 Including build/GNU/Linux/600_verify_and_adjust_udev.sh
2023-06-30 03:25:52.345891068 systemd-udevd will be used - no need for udev rules rewrites
2023-06-30 03:25:52.351125669 Including build/GNU/Linux/610_verify_and_adjust_udev_systemd.sh
2023-06-30 03:25:52.353045882 Cleaning up systemd udev socket files
removed '/tmp/rear.hvWqMGkcXVEGC9y/rootfs/usr/lib/systemd/system/sockets.target.wants/udev-kernel.socket'
removed '/tmp/rear.hvWqMGkcXVEGC9y/rootfs/usr/lib/systemd/system/sockets.target.wants/udev-control.socket'
removed '/tmp/rear.hvWqMGkcXVEGC9y/rootfs/usr/lib/systemd/system/udev.service'
removed '/tmp/rear.hvWqMGkcXVEGC9y/rootfs/usr/lib/systemd/system/udev-control.socket'
removed '/tmp/rear.hvWqMGkcXVEGC9y/rootfs/usr/lib/systemd/system/udev-kernel.socket'
removed '/tmp/rear.hvWqMGkcXVEGC9y/rootfs/usr/lib/systemd/system/udev-settle.service'
removed '/tmp/rear.hvWqMGkcXVEGC9y/rootfs/usr/lib/systemd/system/udev-trigger.service'
2023-06-30 03:25:52.372454400 Including build/GNU/Linux/620_verify_os_release_file.sh
'/etc/os-release' -> '/tmp/rear.hvWqMGkcXVEGC9y/rootfs/etc/os-release'
2023-06-30 03:25:52.381679051 Including build/GNU/Linux/630_simplify_systemd_reboot_halt_poweroff_shutdown.sh
2023-06-30 03:25:52.400815838 Including build/GNU/Linux/630_verify_resolv_conf_file.sh
2023-06-30 03:25:52.405861137 Including build/default/960_remove_encryption_keys.sh
2023-06-30 03:25:52.411805711 Including build/default/970_add_rear_release.sh
2023-06-30 03:25:52.416899848 Including build/default/980_verify_rootfs.sh
2023-06-30 03:25:52.425171790 Testing that /tmp/rear.hvWqMGkcXVEGC9y/rootfs contains a usable system
2023-06-30 03:25:52.433299510 Testing 'ldd /bin/bash' to ensure 'ldd' works for the subsequent 'ldd' tests
	linux-vdso.so.1 =>  (0x00007ffda9f6b000)
	libtinfo.so.5 => /lib64/libtinfo.so.5 (0x00007ff0769e6000)
	libdl.so.2 => /lib64/libdl.so.2 (0x00007ff0767e2000)
	libc.so.6 => /lib64/libc.so.6 (0x00007ff076414000)
	/lib64/ld-linux-x86-64.so.2 (0x00007ff076c10000)
2023-06-30 03:25:59.973977494 Including build/default/985_fix_broken_links.sh
'/usr/share/zoneinfo/Australia/Adelaide' -> './/usr/share/zoneinfo/Australia/Adelaide'
'////sbin/chkconfig' -> './////sbin/chkconfig'
2023-06-30 03:26:00.079090573 Including build/default/990_update_os_conf.sh
2023-06-30 03:26:00.081450338 Finished running 'build' stage in 33 seconds
2023-06-30 03:26:00.083096645 ======================
2023-06-30 03:26:00.084614875 Running 'pack' stage
2023-06-30 03:26:00.086039337 ======================
2023-06-30 03:26:00.095121654 Including pack/Linux-i386/300_copy_kernel.sh
2023-06-30 03:26:00.100579818 Including pack/GNU/Linux/400_guess_kernel.sh
2023-06-30 03:26:00.103133698 Guessed kernel /boot/vmlinuz-3.10.0-1160.92.1.el7.x86_64
2023-06-30 03:26:00.109695113 Including pack/GNU/Linux/900_create_initramfs.sh
2023-06-30 03:26:00.114127145 Creating recovery/rescue system initramfs/initrd initrd.cgz with gzip default compression
2023-06-30 03:26:34.356762492 Created initrd.cgz with gzip default compression (284202624 bytes) in 34 seconds
2023-06-30 03:26:34.359346254 Finished running 'pack' stage in 34 seconds
2023-06-30 03:26:34.361084974 ======================
2023-06-30 03:26:34.362639485 Running 'backup' stage
2023-06-30 03:26:34.364354481 ======================
2023-06-30 03:26:34.389537197 Including backup/default/005_valid_backup_methods.sh
2023-06-30 03:26:34.413880845 Including backup/default/010_pre_backup_script.sh
2023-06-30 03:26:34.421167797 Including backup/NETFS/default/100_mount_NETFS_path.sh
2023-06-30 03:26:34.431523224 Including backup/NETFS/default/150_save_copy_of_prefix_dir.sh
2023-06-30 03:26:34.438810143 Including backup/NETFS/default/200_check_rsync_relative_option.sh
2023-06-30 03:26:34.445094073 Added option '--relative' to the BACKUP_RSYNC_OPTIONS array during mkbackup workflow
2023-06-30 03:26:34.452002073 Including backup/NETFS/default/200_make_prefix_dir.sh
mkdir: created directory '/tmp/rear.hvWqMGkcXVEGC9y/tmp/isofs'
mkdir: created directory '/tmp/rear.hvWqMGkcXVEGC9y/tmp/isofs/mnt'
mkdir: created directory '/tmp/rear.hvWqMGkcXVEGC9y/tmp/isofs/mnt/hgfs'
mkdir: created directory '/tmp/rear.hvWqMGkcXVEGC9y/tmp/isofs/mnt/hgfs/Backup/'
2023-06-30 03:26:34.465801479 Including backup/NETFS/default/250_create_lock.sh
2023-06-30 03:26:34.479159359 Including backup/NETFS/GNU/Linux/310_stop_selinux.sh
2023-06-30 03:26:34.490813507 Temporarily stopping SELinux enforce mode with BACKUP=NETFS and BACKUP_PROG=tar backup
2023-06-30 03:26:34.496869562 Including backup/NETFS/default/400_create_include_exclude_files.sh
2023-06-30 03:26:34.503811058 Including backup/NETFS/default/500_make_backup.sh
2023-06-30 03:26:34.507300073 Include list:
2023-06-30 03:26:34.510164406   /boot
2023-06-30 03:26:34.514419665   /srv
2023-06-30 03:26:34.516623398   /
2023-06-30 03:26:34.518738173   /var
2023-06-30 03:26:34.520918816   /home
2023-06-30 03:26:34.523096194 Exclude list:
2023-06-30 03:26:34.525093959  /tmp/*
2023-06-30 03:26:34.527036727  /dev/shm/*
2023-06-30 03:26:34.529189075  /var/lib/rear/output/*
2023-06-30 03:26:34.531336727  /tmp/rear.hvWqMGkcXVEGC9y
2023-06-30 03:26:34.542418889 Encrypting backup archive is disabled
2023-06-30 03:26:34.547797389 Creating tar archive '/tmp/rear.hvWqMGkcXVEGC9y/tmp/isofs/mnt/hgfs/Backup//backup.tar.gz'
2023-06-30 03:31:59.925577079 Archived 2258 MiB in 324 seconds [avg 7139 KiB/sec]
'/tmp/rear.hvWqMGkcXVEGC9y/tmp/backup.log' -> '/tmp/rear.hvWqMGkcXVEGC9y/tmp/isofs/mnt/hgfs/Backup//backup.log'
2023-06-30 03:31:59.972344724 Including backup/NETFS/GNU/Linux/600_start_selinux.sh
2023-06-30 03:31:59.995627862 Restored original SELinux mode
2023-06-30 03:32:00.003377752 Trigger autorelabel (SELinux) file
2023-06-30 03:32:00.013347123 Including backup/NETFS/GNU/Linux/620_force_autorelabel.sh
2023-06-30 03:32:00.024359327 Including backup/NETFS/default/970_remove_lock.sh
removed '/tmp/rear.hvWqMGkcXVEGC9y/tmp/isofs/mnt/hgfs/Backup//.lockfile'
2023-06-30 03:32:00.038506872 Including backup/NETFS/default/980_umount_NETFS_dir.sh
2023-06-30 03:32:00.053225295 Including backup/default/990_post_backup_script.sh
2023-06-30 03:32:00.055172277 Finished running 'backup' stage in 326 seconds
2023-06-30 03:32:00.056768717 ======================
2023-06-30 03:32:00.058201158 Running 'output' stage
2023-06-30 03:32:00.059856425 ======================
2023-06-30 03:32:00.075747869 Including output/default/010_set_umask.sh
2023-06-30 03:32:00.079093668 Setting umask to 077
2023-06-30 03:32:00.085572441 Including output/default/100_mount_output_path.sh
2023-06-30 03:32:00.097210783 Including output/default/150_save_copy_of_prefix_dir.sh
2023-06-30 03:32:00.106443419 Including output/default/200_make_boot_dir.sh
mkdir: created directory '/tmp/rear.hvWqMGkcXVEGC9y/tmp/boot'
2023-06-30 03:32:00.120534441 Including output/default/200_make_prefix_dir.sh
mkdir: created directory '/mnt/hgfs/Backup//server1'
2023-06-30 03:32:00.252599102 Including output/ISO/Linux-i386/249_check_rhel_grub2_efi_package.sh
2023-06-30 03:32:00.260041624 Including output/default/250_create_lock.sh
2023-06-30 03:32:00.283107267 Including output/ISO/Linux-i386/250_populate_efibootimg.sh
2023-06-30 03:32:00.290849965 Including output/ISO/Linux-i386/300_create_isolinux.sh
2023-06-30 03:32:00.303208208 Features based on syslinux version: 4.05
2023-06-30 03:32:00.325807048 Using syslinux prefix: boot/syslinux
mkdir: created directory '/tmp/rear.hvWqMGkcXVEGC9y/tmp/isolinux'
'/usr/share/syslinux/isolinux.bin' -> '/tmp/rear.hvWqMGkcXVEGC9y/tmp/isolinux/isolinux.bin'
'/usr/share/syslinux/menu.c32' -> '/tmp/rear.hvWqMGkcXVEGC9y/tmp/isolinux/menu.c32'
'/usr/share/rear/conf/templates/rear.help' -> '/tmp/rear.hvWqMGkcXVEGC9y/tmp/isolinux/rear.help'
'/usr/share/syslinux/chain.c32' -> '/tmp/rear.hvWqMGkcXVEGC9y/tmp/isolinux/chain.c32'
'/usr/share/syslinux/vesamenu.c32' -> '/tmp/rear.hvWqMGkcXVEGC9y/tmp/isolinux/vesamenu.c32'
'/usr/share/syslinux/hdt.c32' -> '/tmp/rear.hvWqMGkcXVEGC9y/tmp/isolinux/hdt.c32'
'/usr/share/hwdata/pci.ids' -> '/tmp/rear.hvWqMGkcXVEGC9y/tmp/isolinux/pci.ids'
'/usr/share/syslinux/reboot.c32' -> '/tmp/rear.hvWqMGkcXVEGC9y/tmp/isolinux/reboot.c32'
'/usr/share/syslinux/poweroff.com' -> '/tmp/rear.hvWqMGkcXVEGC9y/tmp/isolinux/poweroff.com'
2023-06-30 03:32:00.386699508 Created isolinux configuration
'/tmp/rear.hvWqMGkcXVEGC9y/tmp/isolinux' -> '/tmp/rear.hvWqMGkcXVEGC9y/tmp/isofs/isolinux'
'/tmp/rear.hvWqMGkcXVEGC9y/tmp/isolinux/isolinux.bin' -> '/tmp/rear.hvWqMGkcXVEGC9y/tmp/isofs/isolinux/isolinux.bin'
'/tmp/rear.hvWqMGkcXVEGC9y/tmp/isolinux/isolinux.cfg' -> '/tmp/rear.hvWqMGkcXVEGC9y/tmp/isofs/isolinux/isolinux.cfg'
'/tmp/rear.hvWqMGkcXVEGC9y/tmp/isolinux/menu.c32' -> '/tmp/rear.hvWqMGkcXVEGC9y/tmp/isofs/isolinux/menu.c32'
'/tmp/rear.hvWqMGkcXVEGC9y/tmp/isolinux/message' -> '/tmp/rear.hvWqMGkcXVEGC9y/tmp/isofs/isolinux/message'
'/tmp/rear.hvWqMGkcXVEGC9y/tmp/isolinux/rear.help' -> '/tmp/rear.hvWqMGkcXVEGC9y/tmp/isofs/isolinux/rear.help'
'/tmp/rear.hvWqMGkcXVEGC9y/tmp/isolinux/chain.c32' -> '/tmp/rear.hvWqMGkcXVEGC9y/tmp/isofs/isolinux/chain.c32'
'/tmp/rear.hvWqMGkcXVEGC9y/tmp/isolinux/vesamenu.c32' -> '/tmp/rear.hvWqMGkcXVEGC9y/tmp/isofs/isolinux/vesamenu.c32'
'/tmp/rear.hvWqMGkcXVEGC9y/tmp/isolinux/hdt.c32' -> '/tmp/rear.hvWqMGkcXVEGC9y/tmp/isofs/isolinux/hdt.c32'
'/tmp/rear.hvWqMGkcXVEGC9y/tmp/isolinux/pci.ids' -> '/tmp/rear.hvWqMGkcXVEGC9y/tmp/isofs/isolinux/pci.ids'
'/tmp/rear.hvWqMGkcXVEGC9y/tmp/isolinux/reboot.c32' -> '/tmp/rear.hvWqMGkcXVEGC9y/tmp/isofs/isolinux/reboot.c32'
'/tmp/rear.hvWqMGkcXVEGC9y/tmp/isolinux/poweroff.com' -> '/tmp/rear.hvWqMGkcXVEGC9y/tmp/isofs/isolinux/poweroff.com'
2023-06-30 03:32:00.395974461 Including output/default/400_copy_disk_struct_files.sh
2023-06-30 03:32:00.401632963 Including output/ISO/Linux-i386/700_create_efibootimg.sh
2023-06-30 03:32:00.406795204 Including output/ISO/Linux-i386/800_create_isofs.sh
2023-06-30 03:32:00.411570424 Copying kernel and initrd
'/boot/vmlinuz-3.10.0-1160.92.1.el7.x86_64' -> '/tmp/rear.hvWqMGkcXVEGC9y/tmp/isofs/isolinux/kernel'
'/tmp/rear.hvWqMGkcXVEGC9y/tmp/initrd.cgz' -> '/tmp/rear.hvWqMGkcXVEGC9y/tmp/isofs/isolinux/initrd.cgz'
2023-06-30 03:32:01.759056057 Including output/ISO/Linux-i386/810_prepare_multiple_iso.sh
2023-06-30 03:32:01.764638466 Including output/ISO/Linux-i386/820_create_iso_image.sh
2023-06-30 03:32:01.766459298 Starting '/bin/xorrisofs'
2023-06-30 03:32:01.768333834 Making ISO image
xorriso 1.5.4 : RockRidge filesystem manipulator, libburnia project.

Drive current: -outdev 'stdio:/var/lib/rear/output/rear-server1.iso'
Media current: stdio file, overwriteable
Media status : is blank
Media summary: 0 sessions, 0 data blocks, 0 data, 9095m free
Added to ISO image: directory '/'='/tmp/rear.hvWqMGkcXVEGC9y/tmp/isofs'
xorriso : UPDATE :      20 files added in 1 seconds
xorriso : UPDATE :      20 files added in 1 seconds
xorriso : UPDATE :  2.53% done
xorriso : UPDATE :  11.47% done
xorriso : UPDATE :  17.07% done
xorriso : UPDATE :  21.77% done, estimate finish Fri Jun 30 03:32:14 2023
xorriso : UPDATE :  27.26% done, estimate finish Fri Jun 30 03:32:15 2023
xorriso : UPDATE :  30.75% done, estimate finish Fri Jun 30 03:32:17 2023
xorriso : UPDATE :  36.32% done, estimate finish Fri Jun 30 03:32:17 2023
xorriso : UPDATE :  39.76% done, estimate finish Fri Jun 30 03:32:18 2023
xorriso : UPDATE :  43.56% done, estimate finish Fri Jun 30 03:32:19 2023
xorriso : UPDATE :  51.40% done, estimate finish Fri Jun 30 03:32:19 2023
xorriso : UPDATE :  54.14% done, estimate finish Fri Jun 30 03:32:20 2023
xorriso : UPDATE :  58.55% done, estimate finish Fri Jun 30 03:32:20 2023
xorriso : UPDATE :  59.87% done, estimate finish Fri Jun 30 03:32:21 2023
xorriso : UPDATE :  64.25% done, estimate finish Fri Jun 30 03:32:23 2023
xorriso : UPDATE :  68.70% done, estimate finish Fri Jun 30 03:32:22 2023
xorriso : UPDATE :  76.01% done, estimate finish Fri Jun 30 03:32:21 2023
xorriso : UPDATE :  77.64% done, estimate finish Fri Jun 30 03:32:22 2023
xorriso : UPDATE :  81.69% done, estimate finish Fri Jun 30 03:32:22 2023
xorriso : UPDATE :  85.73% done, estimate finish Fri Jun 30 03:32:22 2023
xorriso : UPDATE :  90.28% done, estimate finish Fri Jun 30 03:32:22 2023
xorriso : UPDATE :  93.84% done
ISO image produced: 1306442 sectors
Written to medium : 1306442 sectors at LBA 0
Writing to 'stdio:/var/lib/rear/output/rear-server1.iso' completed successfully.

2023-06-30 03:32:22.402318616 Wrote ISO image: /var/lib/rear/output/rear-server1.iso (2.5G)
2023-06-30 03:32:22.409195257 Including output/ISO/Linux-i386/850_check_for_errors.sh
2023-06-30 03:32:22.424230642 Including output/default/940_grub2_rescue.sh
2023-06-30 03:32:22.439883134 Including output/default/940_grub_rescue.sh
2023-06-30 03:32:22.447031144 Including output/default/950_copy_result_files.sh
2023-06-30 03:32:22.455627213 Copying resulting files to file location
'/usr/share/rear/conf/templates/RESULT_usage_ISO.txt' -> '/tmp/rear.hvWqMGkcXVEGC9y/tmp/README'
